<?xml version="1.0" encoding="UTF-8"?>
<gpx version="1.1" creator="viajes-nicolas" xmlns="http://www.topografix.com/GPX/1/1">
<wpt lat="-27.515" lon="-70.892"><name>Barranquilla</name></wpt>
<wpt lat="-27.102" lon="-70.856"><name>Cabaña en Bahía Inglesa</name></wpt>
<wpt lat="-27.643" lon="-70.916"><name>Bahía Salada</name></wpt>
<wpt lat="-28.085" lon="-71.143"><name>Carrizal Bajo, humedal y miradores</name></wpt>
<wpt lat="-27.2123" lon="-70.9504"><name>Mirador Aguada de Chorrillos y Salto del Gato</name></wpt>
<wpt lat="-28.6561" lon="-71.2887"><name>Caleta Los Bronces</name></wpt>
<wpt lat="-27.83" lon="-71.09"><name>Caleta Totoral</name></wpt>
<wpt lat="-27.3167" lon="-70.42"><name>Dunas del cerro Bramador</name></wpt>
<wpt lat="-27.3117" lon="-70.9277"><name>Mirador del estuario del río Copiapó</name></wpt>
<wpt lat="-28.604" lon="-71.204"><name>Costa de Freirina por la C-480</name></wpt>
<wpt lat="-27.904" lon="-70.679"><name>Hacienda Castilla, por la C-414</name></wpt>
<wpt lat="-28.1501" lon="-70.8627"><name>Canto del Agua</name></wpt>
<wpt lat="-28.4276" lon="-70.7192"><name>Punta de Marañón: llanos y vía del tren</name></wpt>
<wpt lat="-29.904" lon="-71.252"><name>La Serena</name></wpt>
<wpt lat="-28.4607" lon="-71.2238"><name>Mirador Huasco</name></wpt>
<wpt lat="-27.9712" lon="-70.5578"><name>Ruta 5 en Pajaritos, junto al peaje Totoral</name></wpt>
<wpt lat="-28.181" lon="-71.162"><name>Llanos de Challe: Playa Blanca y sendero Centenario</name></wpt>
<wpt lat="-26.956" lon="-70.718"><name>Pampa Caracoles</name></wpt>
<wpt lat="-27.566" lon="-70.581"><name>Parque Nacional Desierto Florido</name></wpt>
<wpt lat="-26.9724" lon="-70.7956"><name>Santuario Granito Orbicular</name></wpt>
<wpt lat="-27.902" lon="-70.96"><name>Oasis de Totoral</name></wpt>
<wpt lat="-28.382" lon="-71.182"><name>Los Toyos, costa de Huasco</name></wpt>
<wpt lat="-27.5418" lon="-70.4426"><name>Travesía, punto oficial de información</name></wpt>
<wpt lat="-28.575" lon="-70.762"><name>Vallenar</name></wpt>
<trk><name>Viernes 9: La Serena a Bahía Inglesa</name><trkseg><trkpt lat="-29.90391" lon="-71.25209"/><trkpt lat="-29.90332" lon="-71.25204"/><trkpt lat="-29.90329" lon="-71.25144"/><trkpt lat="-29.90329" lon="-71.25136"/><trkpt lat="-29.90448" lon="-71.25150"/><trkpt lat="-29.90455" lon="-71.25367"/><trkpt lat="-29.90456" lon="-71.25410"/><trkpt lat="-29.90452" lon="-71.25426"/><trkpt lat="-29.90449" lon="-71.25433"/><trkpt lat="-29.90446" lon="-71.25437"/><trkpt lat="-29.90442" lon="-71.25439"/><trkpt lat="-29.90438" lon="-71.25440"/><trkpt lat="-29.90420" lon="-71.25442"/><trkpt lat="-29.90407" lon="-71.25445"/><trkpt lat="-29.90394" lon="-71.25452"/><trkpt lat="-29.90385" lon="-71.25458"/><trkpt lat="-29.90364" lon="-71.25471"/><trkpt lat="-29.90352" lon="-71.25476"/><trkpt lat="-29.90340" lon="-71.25479"/><trkpt lat="-29.90320" lon="-71.25481"/><trkpt lat="-29.90311" lon="-71.25483"/><trkpt lat="-29.90308" lon="-71.25490"/><trkpt lat="-29.90307" lon="-71.25511"/><trkpt lat="-29.90301" lon="-71.25594"/><trkpt lat="-29.90299" lon="-71.25626"/><trkpt lat="-29.90298" lon="-71.25650"/><trkpt lat="-29.90218" lon="-71.25642"/><trkpt lat="-29.89863" lon="-71.25609"/><trkpt lat="-29.89563" lon="-71.25586"/><trkpt lat="-29.89400" lon="-71.25572"/><trkpt lat="-29.89366" lon="-71.25571"/><trkpt lat="-29.89328" lon="-71.25567"/><trkpt lat="-29.89297" lon="-71.25562"/><trkpt lat="-29.89267" lon="-71.25554"/><trkpt lat="-29.89234" lon="-71.25542"/><trkpt lat="-29.89213" lon="-71.25531"/><trkpt lat="-29.89182" lon="-71.25513"/><trkpt lat="-29.89139" lon="-71.25486"/><trkpt lat="-29.89117" lon="-71.25471"/><trkpt lat="-29.89091" lon="-71.25456"/><trkpt lat="-29.89059" lon="-71.25441"/><trkpt lat="-29.89024" lon="-71.25428"/><trkpt lat="-29.89005" lon="-71.25423"/><trkpt lat="-29.88972" lon="-71.25417"/><trkpt lat="-29.88938" lon="-71.25414"/><trkpt lat="-29.88908" lon="-71.25415"/><trkpt lat="-29.88872" lon="-71.25419"/><trkpt lat="-29.88825" lon="-71.25426"/><trkpt lat="-29.88806" lon="-71.25426"/><trkpt lat="-29.88789" lon="-71.25422"/><trkpt lat="-29.88774" lon="-71.25421"/><trkpt lat="-29.88759" lon="-71.25422"/><trkpt lat="-29.88708" lon="-71.25434"/><trkpt lat="-29.88475" lon="-71.25492"/><trkpt lat="-29.88395" lon="-71.25512"/><trkpt lat="-29.88383" lon="-71.25517"/><trkpt lat="-29.88374" lon="-71.25522"/><trkpt lat="-29.88364" lon="-71.25530"/><trkpt lat="-29.88340" lon="-71.25553"/><trkpt lat="-29.88309" lon="-71.25570"/><trkpt lat="-29.88254" lon="-71.25593"/><trkpt lat="-29.88215" lon="-71.25608"/><trkpt lat="-29.88174" lon="-71.25622"/><trkpt lat="-29.88136" lon="-71.25630"/><trkpt lat="-29.88103" lon="-71.25636"/><trkpt lat="-29.88062" lon="-71.25639"/><trkpt lat="-29.88019" lon="-71.25639"/><trkpt lat="-29.87984" lon="-71.25637"/><trkpt lat="-29.87947" lon="-71.25631"/><trkpt lat="-29.87917" lon="-71.25624"/><trkpt lat="-29.87860" lon="-71.25609"/><trkpt lat="-29.87788" lon="-71.25592"/><trkpt lat="-29.87709" lon="-71.25575"/><trkpt lat="-29.87643" lon="-71.25563"/><trkpt lat="-29.87581" lon="-71.25554"/><trkpt lat="-29.87526" lon="-71.25547"/><trkpt lat="-29.87343" lon="-71.25527"/><trkpt lat="-29.87036" lon="-71.25495"/><trkpt lat="-29.86570" lon="-71.25446"/><trkpt lat="-29.86097" lon="-71.25395"/><trkpt lat="-29.85936" lon="-71.25379"/><trkpt lat="-29.85894" lon="-71.25377"/><trkpt lat="-29.85845" lon="-71.25378"/><trkpt lat="-29.85817" lon="-71.25380"/><trkpt lat="-29.85775" lon="-71.25386"/><trkpt lat="-29.85734" lon="-71.25395"/><trkpt lat="-29.85697" lon="-71.25405"/><trkpt lat="-29.85621" lon="-71.25427"/><trkpt lat="-29.85542" lon="-71.25449"/><trkpt lat="-29.85494" lon="-71.25463"/><trkpt lat="-29.85001" lon="-71.25610"/><trkpt lat="-29.84596" lon="-71.25730"/><trkpt lat="-29.84395" lon="-71.25790"/><trkpt lat="-29.84167" lon="-71.25858"/><trkpt lat="-29.84112" lon="-71.25876"/><trkpt lat="-29.84060" lon="-71.25895"/><trkpt lat="-29.84017" lon="-71.25914"/><trkpt lat="-29.83980" lon="-71.25932"/><trkpt lat="-29.83892" lon="-71.25977"/><trkpt lat="-29.83785" lon="-71.26032"/><trkpt lat="-29.83722" lon="-71.26065"/><trkpt lat="-29.83571" lon="-71.26144"/><trkpt lat="-29.83288" lon="-71.26292"/><trkpt lat="-29.83124" lon="-71.26377"/><trkpt lat="-29.82891" lon="-71.26498"/><trkpt lat="-29.82699" lon="-71.26599"/><trkpt lat="-29.82625" lon="-71.26640"/><trkpt lat="-29.82573" lon="-71.26671"/><trkpt lat="-29.82525" lon="-71.26704"/><trkpt lat="-29.82485" lon="-71.26732"/><trkpt lat="-29.82439" lon="-71.26767"/><trkpt lat="-29.82399" lon="-71.26801"/><trkpt lat="-29.82358" lon="-71.26839"/><trkpt lat="-29.82325" lon="-71.26870"/><trkpt lat="-29.82285" lon="-71.26910"/><trkpt lat="-29.82239" lon="-71.26957"/><trkpt lat="-29.82185" lon="-71.27011"/><trkpt lat="-29.82061" lon="-71.27138"/><trkpt lat="-29.81995" lon="-71.27205"/><trkpt lat="-29.81744" lon="-71.27463"/><trkpt lat="-29.81639" lon="-71.27571"/><trkpt lat="-29.81403" lon="-71.27812"/><trkpt lat="-29.81379" lon="-71.27836"/><trkpt lat="-29.81202" lon="-71.28018"/><trkpt lat="-29.81037" lon="-71.28185"/><trkpt lat="-29.80927" lon="-71.28297"/><trkpt lat="-29.80797" lon="-71.28432"/><trkpt lat="-29.80617" lon="-71.28614"/><trkpt lat="-29.80591" lon="-71.28639"/><trkpt lat="-29.80557" lon="-71.28669"/><trkpt lat="-29.80525" lon="-71.28692"/><trkpt lat="-29.80492" lon="-71.28714"/><trkpt lat="-29.80460" lon="-71.28730"/><trkpt lat="-29.80428" lon="-71.28743"/><trkpt lat="-29.80396" lon="-71.28752"/><trkpt lat="-29.80327" lon="-71.28767"/><trkpt lat="-29.79920" lon="-71.28850"/><trkpt lat="-29.79872" lon="-71.28861"/><trkpt lat="-29.79829" lon="-71.28875"/><trkpt lat="-29.79787" lon="-71.28893"/><trkpt lat="-29.79746" lon="-71.28914"/><trkpt lat="-29.79706" lon="-71.28939"/><trkpt lat="-29.79669" lon="-71.28967"/><trkpt lat="-29.79633" lon="-71.28998"/><trkpt lat="-29.79599" lon="-71.29032"/><trkpt lat="-29.79568" lon="-71.29070"/><trkpt lat="-29.79538" lon="-71.29111"/><trkpt lat="-29.79512" lon="-71.29154"/><trkpt lat="-29.79489" lon="-71.29199"/><trkpt lat="-29.79468" lon="-71.29246"/><trkpt lat="-29.79451" lon="-71.29295"/><trkpt lat="-29.79437" lon="-71.29346"/><trkpt lat="-29.79429" lon="-71.29387"/><trkpt lat="-29.79416" lon="-71.29464"/><trkpt lat="-29.79367" lon="-71.29759"/><trkpt lat="-29.79359" lon="-71.29802"/><trkpt lat="-29.79349" lon="-71.29844"/><trkpt lat="-29.79334" lon="-71.29884"/><trkpt lat="-29.79316" lon="-71.29923"/><trkpt lat="-29.79295" lon="-71.29959"/><trkpt lat="-29.79271" lon="-71.29993"/><trkpt lat="-29.79243" lon="-71.30024"/><trkpt lat="-29.79214" lon="-71.30051"/><trkpt lat="-29.79182" lon="-71.30075"/><trkpt lat="-29.79148" lon="-71.30095"/><trkpt lat="-29.78810" lon="-71.30281"/><trkpt lat="-29.78317" lon="-71.30553"/><trkpt lat="-29.78157" lon="-71.30640"/><trkpt lat="-29.78121" lon="-71.30660"/><trkpt lat="-29.78073" lon="-71.30687"/><trkpt lat="-29.78025" lon="-71.30718"/><trkpt lat="-29.77970" lon="-71.30756"/><trkpt lat="-29.77924" lon="-71.30791"/><trkpt lat="-29.77228" lon="-71.31331"/><trkpt lat="-29.76908" lon="-71.31581"/><trkpt lat="-29.76808" lon="-71.31658"/><trkpt lat="-29.76506" lon="-71.31891"/><trkpt lat="-29.76468" lon="-71.31920"/><trkpt lat="-29.76392" lon="-71.31979"/><trkpt lat="-29.76249" lon="-71.32092"/><trkpt lat="-29.76120" lon="-71.32193"/><trkpt lat="-29.76000" lon="-71.32288"/><trkpt lat="-29.75870" lon="-71.32389"/><trkpt lat="-29.75530" lon="-71.32651"/><trkpt lat="-29.75509" lon="-71.32667"/><trkpt lat="-29.75488" lon="-71.32680"/><trkpt lat="-29.75467" lon="-71.32693"/><trkpt lat="-29.75445" lon="-71.32705"/><trkpt lat="-29.75424" lon="-71.32715"/><trkpt lat="-29.75401" lon="-71.32725"/><trkpt lat="-29.75379" lon="-71.32733"/><trkpt lat="-29.75356" lon="-71.32740"/><trkpt lat="-29.75332" lon="-71.32746"/><trkpt lat="-29.75309" lon="-71.32751"/><trkpt lat="-29.75285" lon="-71.32754"/><trkpt lat="-29.75261" lon="-71.32756"/><trkpt lat="-29.75237" lon="-71.32757"/><trkpt lat="-29.75213" lon="-71.32757"/><trkpt lat="-29.75189" lon="-71.32756"/><trkpt lat="-29.75165" lon="-71.32753"/><trkpt lat="-29.75140" lon="-71.32749"/><trkpt lat="-29.75117" lon="-71.32744"/><trkpt lat="-29.75093" lon="-71.32738"/><trkpt lat="-29.75070" lon="-71.32730"/><trkpt lat="-29.75047" lon="-71.32721"/><trkpt lat="-29.75024" lon="-71.32711"/><trkpt lat="-29.75002" lon="-71.32700"/><trkpt lat="-29.74980" lon="-71.32688"/><trkpt lat="-29.74945" lon="-71.32666"/><trkpt lat="-29.74736" lon="-71.32542"/><trkpt lat="-29.74664" lon="-71.32499"/><trkpt lat="-29.74445" lon="-71.32368"/><trkpt lat="-29.74041" lon="-71.32127"/><trkpt lat="-29.73740" lon="-71.31950"/><trkpt lat="-29.73530" lon="-71.31828"/><trkpt lat="-29.73305" lon="-71.31693"/><trkpt lat="-29.73234" lon="-71.31653"/><trkpt lat="-29.72999" lon="-71.31511"/><trkpt lat="-29.72924" lon="-71.31467"/><trkpt lat="-29.72706" lon="-71.31337"/><trkpt lat="-29.72406" lon="-71.31159"/><trkpt lat="-29.71975" lon="-71.30900"/><trkpt lat="-29.71793" lon="-71.30792"/><trkpt lat="-29.71765" lon="-71.30778"/><trkpt lat="-29.71742" lon="-71.30768"/><trkpt lat="-29.71719" lon="-71.30759"/><trkpt lat="-29.71696" lon="-71.30751"/><trkpt lat="-29.71666" lon="-71.30742"/><trkpt lat="-29.71635" lon="-71.30735"/><trkpt lat="-29.71604" lon="-71.30730"/><trkpt lat="-29.71572" lon="-71.30727"/><trkpt lat="-29.71541" lon="-71.30725"/><trkpt lat="-29.71510" lon="-71.30725"/><trkpt lat="-29.71286" lon="-71.30724"/><trkpt lat="-29.70979" lon="-71.30723"/><trkpt lat="-29.70133" lon="-71.30719"/><trkpt lat="-29.69577" lon="-71.30719"/><trkpt lat="-29.69398" lon="-71.30716"/><trkpt lat="-29.69344" lon="-71.30716"/><trkpt lat="-29.69137" lon="-71.30717"/><trkpt lat="-29.69016" lon="-71.30718"/><trkpt lat="-29.68752" lon="-71.30714"/><trkpt lat="-29.68603" lon="-71.30714"/><trkpt lat="-29.68529" lon="-71.30713"/><trkpt lat="-29.68428" lon="-71.30713"/><trkpt lat="-29.68241" lon="-71.30712"/><trkpt lat="-29.68081" lon="-71.30712"/><trkpt lat="-29.67990" lon="-71.30712"/><trkpt lat="-29.67849" lon="-71.30710"/><trkpt lat="-29.67770" lon="-71.30709"/><trkpt lat="-29.67662" lon="-71.30709"/><trkpt lat="-29.67379" lon="-71.30709"/><trkpt lat="-29.66893" lon="-71.30707"/><trkpt lat="-29.66463" lon="-71.30705"/><trkpt lat="-29.66320" lon="-71.30705"/><trkpt lat="-29.66291" lon="-71.30704"/><trkpt lat="-29.66270" lon="-71.30703"/><trkpt lat="-29.66254" lon="-71.30702"/><trkpt lat="-29.66238" lon="-71.30700"/><trkpt lat="-29.66221" lon="-71.30697"/><trkpt lat="-29.66205" lon="-71.30693"/><trkpt lat="-29.66189" lon="-71.30689"/><trkpt lat="-29.66173" lon="-71.30684"/><trkpt lat="-29.66157" lon="-71.30679"/><trkpt lat="-29.66142" lon="-71.30673"/><trkpt lat="-29.66127" lon="-71.30666"/><trkpt lat="-29.66111" lon="-71.30658"/><trkpt lat="-29.66097" lon="-71.30650"/><trkpt lat="-29.66082" lon="-71.30641"/><trkpt lat="-29.66068" lon="-71.30632"/><trkpt lat="-29.66055" lon="-71.30623"/><trkpt lat="-29.66043" lon="-71.30614"/><trkpt lat="-29.66031" lon="-71.30604"/><trkpt lat="-29.66020" lon="-71.30595"/><trkpt lat="-29.66009" lon="-71.30585"/><trkpt lat="-29.65998" lon="-71.30574"/><trkpt lat="-29.65988" lon="-71.30563"/><trkpt lat="-29.65977" lon="-71.30552"/><trkpt lat="-29.65968" lon="-71.30540"/><trkpt lat="-29.65958" lon="-71.30528"/><trkpt lat="-29.65949" lon="-71.30515"/><trkpt lat="-29.65940" lon="-71.30503"/><trkpt lat="-29.65928" lon="-71.30483"/><trkpt lat="-29.65909" lon="-71.30453"/><trkpt lat="-29.65801" lon="-71.30272"/><trkpt lat="-29.65785" lon="-71.30246"/><trkpt lat="-29.65773" lon="-71.30229"/><trkpt lat="-29.65764" lon="-71.30218"/><trkpt lat="-29.65756" lon="-71.30208"/><trkpt lat="-29.65747" lon="-71.30197"/><trkpt lat="-29.65737" lon="-71.30186"/><trkpt lat="-29.65726" lon="-71.30177"/><trkpt lat="-29.65716" lon="-71.30167"/><trkpt lat="-29.65705" lon="-71.30158"/><trkpt lat="-29.65692" lon="-71.30149"/><trkpt lat="-29.65682" lon="-71.30142"/><trkpt lat="-29.65671" lon="-71.30136"/><trkpt lat="-29.65658" lon="-71.30129"/><trkpt lat="-29.65646" lon="-71.30123"/><trkpt lat="-29.65633" lon="-71.30117"/><trkpt lat="-29.65619" lon="-71.30112"/><trkpt lat="-29.65605" lon="-71.30108"/><trkpt lat="-29.65584" lon="-71.30103"/><trkpt lat="-29.65567" lon="-71.30100"/><trkpt lat="-29.65550" lon="-71.30099"/><trkpt lat="-29.65534" lon="-71.30099"/><trkpt lat="-29.65518" lon="-71.30100"/><trkpt lat="-29.65500" lon="-71.30101"/><trkpt lat="-29.65483" lon="-71.30104"/><trkpt lat="-29.65467" lon="-71.30107"/><trkpt lat="-29.65452" lon="-71.30112"/><trkpt lat="-29.65440" lon="-71.30116"/><trkpt lat="-29.65426" lon="-71.30121"/><trkpt lat="-29.65412" lon="-71.30127"/><trkpt lat="-29.65397" lon="-71.30133"/><trkpt lat="-29.65380" lon="-71.30141"/><trkpt lat="-29.65359" lon="-71.30151"/><trkpt lat="-29.65341" lon="-71.30160"/><trkpt lat="-29.65322" lon="-71.30169"/><trkpt lat="-29.65307" lon="-71.30176"/><trkpt lat="-29.65294" lon="-71.30181"/><trkpt lat="-29.65279" lon="-71.30186"/><trkpt lat="-29.65265" lon="-71.30190"/><trkpt lat="-29.65251" lon="-71.30193"/><trkpt lat="-29.65236" lon="-71.30195"/><trkpt lat="-29.65222" lon="-71.30197"/><trkpt lat="-29.65207" lon="-71.30198"/><trkpt lat="-29.65193" lon="-71.30199"/><trkpt lat="-29.65178" lon="-71.30199"/><trkpt lat="-29.65164" lon="-71.30198"/><trkpt lat="-29.65150" lon="-71.30197"/><trkpt lat="-29.65138" lon="-71.30195"/><trkpt lat="-29.65123" lon="-71.30192"/><trkpt lat="-29.65107" lon="-71.30188"/><trkpt lat="-29.65094" lon="-71.30185"/><trkpt lat="-29.65081" lon="-71.30181"/><trkpt lat="-29.65070" lon="-71.30176"/><trkpt lat="-29.65056" lon="-71.30170"/><trkpt lat="-29.65043" lon="-71.30164"/><trkpt lat="-29.65030" lon="-71.30157"/><trkpt lat="-29.65018" lon="-71.30151"/><trkpt lat="-29.65007" lon="-71.30145"/><trkpt lat="-29.64997" lon="-71.30138"/><trkpt lat="-29.64984" lon="-71.30129"/><trkpt lat="-29.64955" lon="-71.30107"/><trkpt lat="-29.64521" lon="-71.29777"/><trkpt lat="-29.64155" lon="-71.29495"/><trkpt lat="-29.63717" lon="-71.29159"/><trkpt lat="-29.63692" lon="-71.29138"/><trkpt lat="-29.63666" lon="-71.29114"/><trkpt lat="-29.63641" lon="-71.29088"/><trkpt lat="-29.63619" lon="-71.29063"/><trkpt lat="-29.63600" lon="-71.29038"/><trkpt lat="-29.63583" lon="-71.29013"/><trkpt lat="-29.63564" lon="-71.28982"/><trkpt lat="-29.63548" lon="-71.28952"/><trkpt lat="-29.63531" lon="-71.28916"/><trkpt lat="-29.63516" lon="-71.28879"/><trkpt lat="-29.63392" lon="-71.28521"/><trkpt lat="-29.63302" lon="-71.28260"/><trkpt lat="-29.63285" lon="-71.28217"/><trkpt lat="-29.63268" lon="-71.28180"/><trkpt lat="-29.63248" lon="-71.28145"/><trkpt lat="-29.63229" lon="-71.28115"/><trkpt lat="-29.63204" lon="-71.28083"/><trkpt lat="-29.63182" lon="-71.28056"/><trkpt lat="-29.63158" lon="-71.28032"/><trkpt lat="-29.63133" lon="-71.28009"/><trkpt lat="-29.63112" lon="-71.27992"/><trkpt lat="-29.63088" lon="-71.27974"/><trkpt lat="-29.63062" lon="-71.27958"/><trkpt lat="-29.63048" lon="-71.27949"/><trkpt lat="-29.63019" lon="-71.27935"/><trkpt lat="-29.62988" lon="-71.27922"/><trkpt lat="-29.62950" lon="-71.27909"/><trkpt lat="-29.62915" lon="-71.27901"/><trkpt lat="-29.62880" lon="-71.27895"/><trkpt lat="-29.62844" lon="-71.27892"/><trkpt lat="-29.62818" lon="-71.27891"/><trkpt lat="-29.62787" lon="-71.27893"/><trkpt lat="-29.62757" lon="-71.27896"/><trkpt lat="-29.62726" lon="-71.27902"/><trkpt lat="-29.62696" lon="-71.27909"/><trkpt lat="-29.62666" lon="-71.27919"/><trkpt lat="-29.62637" lon="-71.27931"/><trkpt lat="-29.62609" lon="-71.27945"/><trkpt lat="-29.62582" lon="-71.27960"/><trkpt lat="-29.62557" lon="-71.27976"/><trkpt lat="-29.62532" lon="-71.27995"/><trkpt lat="-29.62508" lon="-71.28015"/><trkpt lat="-29.62485" lon="-71.28036"/><trkpt lat="-29.62463" lon="-71.28059"/><trkpt lat="-29.62440" lon="-71.28086"/><trkpt lat="-29.62371" lon="-71.28173"/><trkpt lat="-29.62267" lon="-71.28302"/><trkpt lat="-29.62175" lon="-71.28416"/><trkpt lat="-29.62158" lon="-71.28435"/><trkpt lat="-29.62140" lon="-71.28453"/><trkpt lat="-29.62121" lon="-71.28469"/><trkpt lat="-29.62100" lon="-71.28483"/><trkpt lat="-29.62078" lon="-71.28496"/><trkpt lat="-29.62056" lon="-71.28506"/><trkpt lat="-29.62033" lon="-71.28514"/><trkpt lat="-29.62008" lon="-71.28521"/><trkpt lat="-29.61982" lon="-71.28525"/><trkpt lat="-29.61957" lon="-71.28526"/><trkpt lat="-29.61932" lon="-71.28525"/><trkpt lat="-29.61908" lon="-71.28521"/><trkpt lat="-29.61884" lon="-71.28516"/><trkpt lat="-29.61860" lon="-71.28508"/><trkpt lat="-29.61837" lon="-71.28498"/><trkpt lat="-29.61815" lon="-71.28485"/><trkpt lat="-29.61794" lon="-71.28471"/><trkpt lat="-29.61776" lon="-71.28456"/><trkpt lat="-29.61752" lon="-71.28433"/><trkpt lat="-29.61704" lon="-71.28381"/><trkpt lat="-29.61663" lon="-71.28336"/><trkpt lat="-29.61642" lon="-71.28311"/><trkpt lat="-29.61622" lon="-71.28283"/><trkpt lat="-29.61603" lon="-71.28253"/><trkpt lat="-29.61586" lon="-71.28223"/><trkpt lat="-29.61571" lon="-71.28191"/><trkpt lat="-29.61535" lon="-71.28090"/><trkpt lat="-29.61500" lon="-71.27995"/><trkpt lat="-29.61475" lon="-71.27917"/><trkpt lat="-29.61442" lon="-71.27808"/><trkpt lat="-29.61260" lon="-71.27205"/><trkpt lat="-29.61243" lon="-71.27148"/><trkpt lat="-29.61230" lon="-71.27100"/><trkpt lat="-29.61211" lon="-71.26996"/><trkpt lat="-29.61084" lon="-71.26310"/><trkpt lat="-29.61072" lon="-71.26252"/><trkpt lat="-29.61062" lon="-71.26208"/><trkpt lat="-29.61048" lon="-71.26164"/><trkpt lat="-29.61033" lon="-71.26121"/><trkpt lat="-29.61015" lon="-71.26079"/><trkpt lat="-29.60996" lon="-71.26038"/><trkpt lat="-29.60974" lon="-71.25998"/><trkpt lat="-29.60949" lon="-71.25959"/><trkpt lat="-29.60922" lon="-71.25922"/><trkpt lat="-29.60894" lon="-71.25887"/><trkpt lat="-29.60866" lon="-71.25856"/><trkpt lat="-29.60835" lon="-71.25826"/><trkpt lat="-29.60805" lon="-71.25799"/><trkpt lat="-29.60772" lon="-71.25774"/><trkpt lat="-29.60736" lon="-71.25750"/><trkpt lat="-29.60704" lon="-71.25731"/><trkpt lat="-29.60661" lon="-71.25708"/><trkpt lat="-29.60494" lon="-71.25624"/><trkpt lat="-29.60282" lon="-71.25518"/><trkpt lat="-29.60248" lon="-71.25503"/><trkpt lat="-29.60214" lon="-71.25489"/><trkpt lat="-29.60185" lon="-71.25479"/><trkpt lat="-29.60158" lon="-71.25472"/><trkpt lat="-29.60127" lon="-71.25465"/><trkpt lat="-29.60086" lon="-71.25458"/><trkpt lat="-29.60040" lon="-71.25453"/><trkpt lat="-29.59921" lon="-71.25436"/><trkpt lat="-29.59872" lon="-71.25427"/><trkpt lat="-29.59806" lon="-71.25413"/><trkpt lat="-29.59735" lon="-71.25395"/><trkpt lat="-29.59425" lon="-71.25308"/><trkpt lat="-29.59170" lon="-71.25237"/><trkpt lat="-29.59088" lon="-71.25214"/><trkpt lat="-29.59058" lon="-71.25205"/><trkpt lat="-29.59034" lon="-71.25196"/><trkpt lat="-29.59011" lon="-71.25185"/><trkpt lat="-29.58984" lon="-71.25170"/><trkpt lat="-29.58964" lon="-71.25157"/><trkpt lat="-29.58945" lon="-71.25142"/><trkpt lat="-29.58927" lon="-71.25127"/><trkpt lat="-29.58905" lon="-71.25106"/><trkpt lat="-29.58743" lon="-71.24936"/><trkpt lat="-29.58681" lon="-71.24872"/><trkpt lat="-29.58663" lon="-71.24858"/><trkpt lat="-29.58644" lon="-71.24843"/><trkpt lat="-29.58623" lon="-71.24831"/><trkpt lat="-29.58604" lon="-71.24821"/><trkpt lat="-29.58582" lon="-71.24812"/><trkpt lat="-29.58563" lon="-71.24807"/><trkpt lat="-29.58542" lon="-71.24802"/><trkpt lat="-29.58522" lon="-71.24799"/><trkpt lat="-29.58501" lon="-71.24799"/><trkpt lat="-29.58482" lon="-71.24800"/><trkpt lat="-29.58461" lon="-71.24802"/><trkpt lat="-29.58438" lon="-71.24807"/><trkpt lat="-29.58348" lon="-71.24827"/><trkpt lat="-29.58001" lon="-71.24904"/><trkpt lat="-29.57822" lon="-71.24944"/><trkpt lat="-29.57631" lon="-71.24986"/><trkpt lat="-29.57546" lon="-71.25007"/><trkpt lat="-29.57523" lon="-71.25015"/><trkpt lat="-29.57502" lon="-71.25024"/><trkpt lat="-29.57481" lon="-71.25037"/><trkpt lat="-29.57460" lon="-71.25052"/><trkpt lat="-29.57443" lon="-71.25069"/><trkpt lat="-29.57428" lon="-71.25086"/><trkpt lat="-29.57416" lon="-71.25102"/><trkpt lat="-29.57401" lon="-71.25125"/><trkpt lat="-29.57385" lon="-71.25154"/><trkpt lat="-29.57334" lon="-71.25244"/><trkpt lat="-29.57322" lon="-71.25264"/><trkpt lat="-29.57309" lon="-71.25277"/><trkpt lat="-29.57294" lon="-71.25288"/><trkpt lat="-29.57276" lon="-71.25296"/><trkpt lat="-29.57259" lon="-71.25300"/><trkpt lat="-29.57240" lon="-71.25299"/><trkpt lat="-29.57223" lon="-71.25295"/><trkpt lat="-29.57203" lon="-71.25286"/><trkpt lat="-29.57188" lon="-71.25273"/><trkpt lat="-29.57175" lon="-71.25256"/><trkpt lat="-29.57163" lon="-71.25234"/><trkpt lat="-29.57154" lon="-71.25212"/><trkpt lat="-29.57147" lon="-71.25189"/><trkpt lat="-29.57143" lon="-71.25162"/><trkpt lat="-29.57143" lon="-71.25137"/><trkpt lat="-29.57145" lon="-71.25111"/><trkpt lat="-29.57150" lon="-71.25087"/><trkpt lat="-29.57158" lon="-71.25063"/><trkpt lat="-29.57169" lon="-71.25040"/><trkpt lat="-29.57182" lon="-71.25020"/><trkpt lat="-29.57199" lon="-71.25000"/><trkpt lat="-29.57227" lon="-71.24972"/><trkpt lat="-29.57460" lon="-71.24736"/><trkpt lat="-29.57513" lon="-71.24684"/><trkpt lat="-29.57537" lon="-71.24662"/><trkpt lat="-29.57560" lon="-71.24641"/><trkpt lat="-29.57588" lon="-71.24619"/><trkpt lat="-29.57613" lon="-71.24602"/><trkpt lat="-29.57729" lon="-71.24528"/><trkpt lat="-29.57781" lon="-71.24492"/><trkpt lat="-29.57810" lon="-71.24471"/><trkpt lat="-29.57838" lon="-71.24449"/><trkpt lat="-29.57862" lon="-71.24428"/><trkpt lat="-29.57888" lon="-71.24404"/><trkpt lat="-29.57946" lon="-71.24345"/><trkpt lat="-29.58045" lon="-71.24243"/><trkpt lat="-29.58067" lon="-71.24221"/><trkpt lat="-29.58085" lon="-71.24207"/><trkpt lat="-29.58104" lon="-71.24194"/><trkpt lat="-29.58126" lon="-71.24183"/><trkpt lat="-29.58150" lon="-71.24174"/><trkpt lat="-29.58174" lon="-71.24166"/><trkpt lat="-29.58292" lon="-71.24140"/><trkpt lat="-29.58314" lon="-71.24133"/><trkpt lat="-29.58329" lon="-71.24125"/><trkpt lat="-29.58343" lon="-71.24114"/><trkpt lat="-29.58356" lon="-71.24101"/><trkpt lat="-29.58366" lon="-71.24086"/><trkpt lat="-29.58373" lon="-71.24071"/><trkpt lat="-29.58377" lon="-71.24055"/><trkpt lat="-29.58380" lon="-71.24034"/><trkpt lat="-29.58379" lon="-71.24017"/><trkpt lat="-29.58376" lon="-71.23996"/><trkpt lat="-29.58368" lon="-71.23977"/><trkpt lat="-29.58359" lon="-71.23963"/><trkpt lat="-29.58347" lon="-71.23949"/><trkpt lat="-29.58336" lon="-71.23940"/><trkpt lat="-29.58323" lon="-71.23933"/><trkpt lat="-29.58308" lon="-71.23927"/><trkpt lat="-29.58293" lon="-71.23924"/><trkpt lat="-29.58278" lon="-71.23924"/><trkpt lat="-29.58261" lon="-71.23927"/><trkpt lat="-29.58244" lon="-71.23933"/><trkpt lat="-29.58196" lon="-71.23959"/><trkpt lat="-29.58137" lon="-71.23991"/><trkpt lat="-29.57923" lon="-71.24107"/><trkpt lat="-29.57882" lon="-71.24132"/><trkpt lat="-29.57857" lon="-71.24149"/><trkpt lat="-29.57828" lon="-71.24170"/><trkpt lat="-29.57803" lon="-71.24190"/><trkpt lat="-29.57775" lon="-71.24213"/><trkpt lat="-29.57727" lon="-71.24254"/><trkpt lat="-29.57703" lon="-71.24272"/><trkpt lat="-29.57677" lon="-71.24288"/><trkpt lat="-29.57651" lon="-71.24301"/><trkpt lat="-29.57627" lon="-71.24309"/><trkpt lat="-29.57601" lon="-71.24315"/><trkpt lat="-29.57576" lon="-71.24318"/><trkpt lat="-29.57552" lon="-71.24317"/><trkpt lat="-29.57525" lon="-71.24314"/><trkpt lat="-29.57460" lon="-71.24300"/><trkpt lat="-29.57428" lon="-71.24293"/><trkpt lat="-29.57399" lon="-71.24289"/><trkpt lat="-29.57370" lon="-71.24286"/><trkpt lat="-29.57339" lon="-71.24286"/><trkpt lat="-29.57309" lon="-71.24288"/><trkpt lat="-29.57278" lon="-71.24291"/><trkpt lat="-29.57250" lon="-71.24297"/><trkpt lat="-29.57219" lon="-71.24305"/><trkpt lat="-29.57190" lon="-71.24313"/><trkpt lat="-29.57161" lon="-71.24325"/><trkpt lat="-29.57131" lon="-71.24340"/><trkpt lat="-29.57060" lon="-71.24379"/><trkpt lat="-29.57019" lon="-71.24402"/><trkpt lat="-29.56981" lon="-71.24421"/><trkpt lat="-29.56948" lon="-71.24437"/><trkpt lat="-29.56912" lon="-71.24451"/><trkpt lat="-29.56881" lon="-71.24461"/><trkpt lat="-29.56851" lon="-71.24470"/><trkpt lat="-29.56823" lon="-71.24477"/><trkpt lat="-29.56730" lon="-71.24494"/><trkpt lat="-29.56687" lon="-71.24503"/><trkpt lat="-29.56654" lon="-71.24512"/><trkpt lat="-29.56623" lon="-71.24522"/><trkpt lat="-29.56592" lon="-71.24533"/><trkpt lat="-29.56550" lon="-71.24550"/><trkpt lat="-29.56238" lon="-71.24691"/><trkpt lat="-29.56214" lon="-71.24703"/><trkpt lat="-29.56192" lon="-71.24717"/><trkpt lat="-29.56172" lon="-71.24733"/><trkpt lat="-29.56150" lon="-71.24754"/><trkpt lat="-29.56134" lon="-71.24772"/><trkpt lat="-29.56119" lon="-71.24791"/><trkpt lat="-29.56106" lon="-71.24813"/><trkpt lat="-29.56094" lon="-71.24834"/><trkpt lat="-29.56084" lon="-71.24858"/><trkpt lat="-29.56072" lon="-71.24890"/><trkpt lat="-29.56065" lon="-71.24920"/><trkpt lat="-29.56060" lon="-71.24948"/><trkpt lat="-29.56057" lon="-71.24981"/><trkpt lat="-29.56057" lon="-71.25015"/><trkpt lat="-29.56060" lon="-71.25054"/><trkpt lat="-29.56066" lon="-71.25087"/><trkpt lat="-29.56075" lon="-71.25119"/><trkpt lat="-29.56087" lon="-71.25149"/><trkpt lat="-29.56099" lon="-71.25175"/><trkpt lat="-29.56114" lon="-71.25199"/><trkpt lat="-29.56130" lon="-71.25222"/><trkpt lat="-29.56149" lon="-71.25243"/><trkpt lat="-29.56175" lon="-71.25270"/><trkpt lat="-29.56298" lon="-71.25391"/><trkpt lat="-29.56310" lon="-71.25405"/><trkpt lat="-29.56319" lon="-71.25418"/><trkpt lat="-29.56327" lon="-71.25436"/><trkpt lat="-29.56331" lon="-71.25453"/><trkpt lat="-29.56332" lon="-71.25471"/><trkpt lat="-29.56331" lon="-71.25489"/><trkpt lat="-29.56326" lon="-71.25508"/><trkpt lat="-29.56319" lon="-71.25522"/><trkpt lat="-29.56309" lon="-71.25535"/><trkpt lat="-29.56298" lon="-71.25546"/><trkpt lat="-29.56287" lon="-71.25553"/><trkpt lat="-29.56275" lon="-71.25558"/><trkpt lat="-29.56263" lon="-71.25561"/><trkpt lat="-29.56248" lon="-71.25562"/><trkpt lat="-29.56235" lon="-71.25560"/><trkpt lat="-29.56222" lon="-71.25556"/><trkpt lat="-29.56210" lon="-71.25549"/><trkpt lat="-29.56197" lon="-71.25539"/><trkpt lat="-29.56186" lon="-71.25526"/><trkpt lat="-29.56167" lon="-71.25491"/><trkpt lat="-29.56108" lon="-71.25377"/><trkpt lat="-29.56092" lon="-71.25349"/><trkpt lat="-29.56079" lon="-71.25328"/><trkpt lat="-29.56064" lon="-71.25309"/><trkpt lat="-29.56048" lon="-71.25291"/><trkpt lat="-29.56033" lon="-71.25276"/><trkpt lat="-29.56007" lon="-71.25252"/><trkpt lat="-29.55971" lon="-71.25221"/><trkpt lat="-29.55957" lon="-71.25205"/><trkpt lat="-29.55943" lon="-71.25186"/><trkpt lat="-29.55929" lon="-71.25162"/><trkpt lat="-29.55919" lon="-71.25139"/><trkpt lat="-29.55912" lon="-71.25117"/><trkpt lat="-29.55907" lon="-71.25090"/><trkpt lat="-29.55904" lon="-71.25056"/><trkpt lat="-29.55900" lon="-71.25001"/><trkpt lat="-29.55897" lon="-71.24975"/><trkpt lat="-29.55891" lon="-71.24949"/><trkpt lat="-29.55882" lon="-71.24921"/><trkpt lat="-29.55872" lon="-71.24898"/><trkpt lat="-29.55858" lon="-71.24874"/><trkpt lat="-29.55843" lon="-71.24852"/><trkpt lat="-29.55830" lon="-71.24837"/><trkpt lat="-29.55813" lon="-71.24821"/><trkpt lat="-29.55794" lon="-71.24806"/><trkpt lat="-29.55775" lon="-71.24794"/><trkpt lat="-29.55748" lon="-71.24781"/><trkpt lat="-29.55441" lon="-71.24650"/><trkpt lat="-29.55210" lon="-71.24560"/><trkpt lat="-29.55015" lon="-71.24475"/><trkpt lat="-29.54851" lon="-71.24408"/><trkpt lat="-29.54649" lon="-71.24326"/><trkpt lat="-29.54375" lon="-71.24213"/><trkpt lat="-29.54261" lon="-71.24168"/><trkpt lat="-29.54148" lon="-71.24121"/><trkpt lat="-29.53819" lon="-71.23987"/><trkpt lat="-29.53153" lon="-71.23712"/><trkpt lat="-29.52488" lon="-71.23441"/><trkpt lat="-29.52425" lon="-71.23416"/><trkpt lat="-29.52391" lon="-71.23403"/><trkpt lat="-29.52356" lon="-71.23392"/><trkpt lat="-29.52327" lon="-71.23385"/><trkpt lat="-29.52297" lon="-71.23379"/><trkpt lat="-29.52046" lon="-71.23334"/><trkpt lat="-29.51648" lon="-71.23265"/><trkpt lat="-29.50907" lon="-71.23133"/><trkpt lat="-29.50766" lon="-71.23107"/><trkpt lat="-29.50733" lon="-71.23099"/><trkpt lat="-29.50705" lon="-71.23091"/><trkpt lat="-29.50677" lon="-71.23080"/><trkpt lat="-29.50654" lon="-71.23070"/><trkpt lat="-29.50613" lon="-71.23048"/><trkpt lat="-29.50461" lon="-71.22958"/><trkpt lat="-29.50390" lon="-71.22917"/><trkpt lat="-29.50232" lon="-71.22827"/><trkpt lat="-29.50183" lon="-71.22799"/><trkpt lat="-29.50130" lon="-71.22768"/><trkpt lat="-29.49788" lon="-71.22568"/><trkpt lat="-29.49446" lon="-71.22373"/><trkpt lat="-29.48695" lon="-71.21937"/><trkpt lat="-29.48584" lon="-71.21873"/><trkpt lat="-29.48096" lon="-71.21592"/><trkpt lat="-29.47675" lon="-71.21343"/><trkpt lat="-29.47140" lon="-71.21021"/><trkpt lat="-29.47103" lon="-71.20996"/><trkpt lat="-29.47047" lon="-71.20958"/><trkpt lat="-29.46925" lon="-71.20875"/><trkpt lat="-29.46871" lon="-71.20838"/><trkpt lat="-29.46820" lon="-71.20806"/><trkpt lat="-29.46774" lon="-71.20777"/><trkpt lat="-29.46706" lon="-71.20738"/><trkpt lat="-29.46559" lon="-71.20654"/><trkpt lat="-29.46468" lon="-71.20606"/><trkpt lat="-29.46404" lon="-71.20575"/><trkpt lat="-29.46338" lon="-71.20545"/><trkpt lat="-29.46277" lon="-71.20517"/><trkpt lat="-29.46204" lon="-71.20480"/><trkpt lat="-29.46142" lon="-71.20448"/><trkpt lat="-29.45961" lon="-71.20344"/><trkpt lat="-29.45878" lon="-71.20297"/><trkpt lat="-29.45639" lon="-71.20157"/><trkpt lat="-29.45556" lon="-71.20102"/><trkpt lat="-29.45453" lon="-71.20028"/><trkpt lat="-29.45406" lon="-71.19996"/><trkpt lat="-29.45341" lon="-71.19953"/><trkpt lat="-29.45266" lon="-71.19907"/><trkpt lat="-29.45158" lon="-71.19843"/><trkpt lat="-29.45048" lon="-71.19782"/><trkpt lat="-29.44999" lon="-71.19757"/><trkpt lat="-29.44929" lon="-71.19722"/><trkpt lat="-29.44871" lon="-71.19695"/><trkpt lat="-29.44766" lon="-71.19646"/><trkpt lat="-29.44713" lon="-71.19619"/><trkpt lat="-29.44658" lon="-71.19590"/><trkpt lat="-29.43913" lon="-71.19160"/><trkpt lat="-29.43850" lon="-71.19124"/><trkpt lat="-29.43008" lon="-71.18637"/><trkpt lat="-29.42935" lon="-71.18595"/><trkpt lat="-29.42836" lon="-71.18535"/><trkpt lat="-29.42769" lon="-71.18495"/><trkpt lat="-29.42708" lon="-71.18458"/><trkpt lat="-29.42625" lon="-71.18412"/><trkpt lat="-29.42559" lon="-71.18374"/><trkpt lat="-29.41888" lon="-71.17991"/><trkpt lat="-29.41508" lon="-71.17770"/><trkpt lat="-29.41315" lon="-71.17659"/><trkpt lat="-29.40716" lon="-71.17313"/><trkpt lat="-29.40647" lon="-71.17270"/><trkpt lat="-29.40558" lon="-71.17211"/><trkpt lat="-29.40475" lon="-71.17151"/><trkpt lat="-29.40446" lon="-71.17131"/><trkpt lat="-29.40411" lon="-71.17108"/><trkpt lat="-29.40370" lon="-71.17081"/><trkpt lat="-29.40325" lon="-71.17053"/><trkpt lat="-29.40046" lon="-71.16891"/><trkpt lat="-29.39999" lon="-71.16864"/><trkpt lat="-29.39939" lon="-71.16832"/><trkpt lat="-29.39876" lon="-71.16800"/><trkpt lat="-29.39780" lon="-71.16755"/><trkpt lat="-29.39701" lon="-71.16719"/><trkpt lat="-29.39648" lon="-71.16693"/><trkpt lat="-29.39591" lon="-71.16662"/><trkpt lat="-29.39288" lon="-71.16490"/><trkpt lat="-29.39226" lon="-71.16452"/><trkpt lat="-29.39192" lon="-71.16429"/><trkpt lat="-29.39162" lon="-71.16406"/><trkpt lat="-29.39129" lon="-71.16378"/><trkpt lat="-29.38898" lon="-71.16172"/><trkpt lat="-29.38843" lon="-71.16122"/><trkpt lat="-29.38419" lon="-71.15745"/><trkpt lat="-29.38346" lon="-71.15682"/><trkpt lat="-29.38033" lon="-71.15402"/><trkpt lat="-29.37973" lon="-71.15349"/><trkpt lat="-29.37076" lon="-71.14547"/><trkpt lat="-29.37042" lon="-71.14512"/><trkpt lat="-29.37010" lon="-71.14474"/><trkpt lat="-29.36978" lon="-71.14431"/><trkpt lat="-29.36949" lon="-71.14386"/><trkpt lat="-29.36924" lon="-71.14341"/><trkpt lat="-29.36760" lon="-71.14030"/><trkpt lat="-29.36673" lon="-71.13868"/><trkpt lat="-29.36573" lon="-71.13680"/><trkpt lat="-29.36483" lon="-71.13512"/><trkpt lat="-29.36412" lon="-71.13384"/><trkpt lat="-29.36403" lon="-71.13367"/><trkpt lat="-29.36395" lon="-71.13347"/><trkpt lat="-29.36383" lon="-71.13312"/><trkpt lat="-29.36370" lon="-71.13274"/><trkpt lat="-29.36364" lon="-71.13247"/><trkpt lat="-29.36360" lon="-71.13219"/><trkpt lat="-29.36356" lon="-71.13188"/><trkpt lat="-29.36351" lon="-71.13109"/><trkpt lat="-29.36351" lon="-71.13083"/><trkpt lat="-29.36353" lon="-71.13055"/><trkpt lat="-29.36356" lon="-71.13029"/><trkpt lat="-29.36360" lon="-71.13002"/><trkpt lat="-29.36365" lon="-71.12978"/><trkpt lat="-29.36371" lon="-71.12956"/><trkpt lat="-29.36379" lon="-71.12931"/><trkpt lat="-29.36390" lon="-71.12901"/><trkpt lat="-29.36405" lon="-71.12867"/><trkpt lat="-29.36506" lon="-71.12638"/><trkpt lat="-29.36520" lon="-71.12607"/><trkpt lat="-29.36532" lon="-71.12581"/><trkpt lat="-29.36544" lon="-71.12558"/><trkpt lat="-29.36555" lon="-71.12539"/><trkpt lat="-29.36566" lon="-71.12520"/><trkpt lat="-29.36578" lon="-71.12501"/><trkpt lat="-29.36591" lon="-71.12483"/><trkpt lat="-29.36607" lon="-71.12462"/><trkpt lat="-29.36624" lon="-71.12440"/><trkpt lat="-29.36640" lon="-71.12421"/><trkpt lat="-29.36657" lon="-71.12404"/><trkpt lat="-29.36674" lon="-71.12387"/><trkpt lat="-29.36691" lon="-71.12371"/><trkpt lat="-29.36708" lon="-71.12357"/><trkpt lat="-29.36727" lon="-71.12342"/><trkpt lat="-29.36746" lon="-71.12328"/><trkpt lat="-29.36768" lon="-71.12315"/><trkpt lat="-29.36794" lon="-71.12301"/><trkpt lat="-29.36871" lon="-71.12260"/><trkpt lat="-29.36896" lon="-71.12247"/><trkpt lat="-29.36917" lon="-71.12235"/><trkpt lat="-29.36935" lon="-71.12224"/><trkpt lat="-29.36953" lon="-71.12211"/><trkpt lat="-29.36971" lon="-71.12199"/><trkpt lat="-29.36990" lon="-71.12184"/><trkpt lat="-29.37010" lon="-71.12168"/><trkpt lat="-29.37028" lon="-71.12153"/><trkpt lat="-29.37046" lon="-71.12137"/><trkpt lat="-29.37068" lon="-71.12116"/><trkpt lat="-29.37138" lon="-71.12046"/><trkpt lat="-29.37159" lon="-71.12027"/><trkpt lat="-29.37179" lon="-71.12009"/><trkpt lat="-29.37200" lon="-71.11992"/><trkpt lat="-29.37223" lon="-71.11975"/><trkpt lat="-29.37245" lon="-71.11960"/><trkpt lat="-29.37270" lon="-71.11943"/><trkpt lat="-29.37295" lon="-71.11928"/><trkpt lat="-29.37320" lon="-71.11913"/><trkpt lat="-29.37388" lon="-71.11877"/><trkpt lat="-29.37409" lon="-71.11866"/><trkpt lat="-29.37428" lon="-71.11856"/><trkpt lat="-29.37446" lon="-71.11845"/><trkpt lat="-29.37465" lon="-71.11833"/><trkpt lat="-29.37481" lon="-71.11822"/><trkpt lat="-29.37498" lon="-71.11808"/><trkpt lat="-29.37516" lon="-71.11794"/><trkpt lat="-29.37532" lon="-71.11779"/><trkpt lat="-29.37549" lon="-71.11763"/><trkpt lat="-29.37564" lon="-71.11747"/><trkpt lat="-29.37578" lon="-71.11731"/><trkpt lat="-29.37594" lon="-71.11711"/><trkpt lat="-29.37609" lon="-71.11692"/><trkpt lat="-29.37623" lon="-71.11671"/><trkpt lat="-29.37640" lon="-71.11645"/><trkpt lat="-29.37654" lon="-71.11622"/><trkpt lat="-29.37668" lon="-71.11594"/><trkpt lat="-29.37680" lon="-71.11569"/><trkpt lat="-29.37690" lon="-71.11544"/><trkpt lat="-29.37701" lon="-71.11514"/><trkpt lat="-29.37710" lon="-71.11487"/><trkpt lat="-29.37719" lon="-71.11455"/><trkpt lat="-29.37728" lon="-71.11414"/><trkpt lat="-29.37741" lon="-71.11356"/><trkpt lat="-29.37800" lon="-71.11080"/><trkpt lat="-29.37894" lon="-71.10640"/><trkpt lat="-29.37901" lon="-71.10604"/><trkpt lat="-29.37904" lon="-71.10580"/><trkpt lat="-29.37907" lon="-71.10556"/><trkpt lat="-29.37909" lon="-71.10532"/><trkpt lat="-29.37910" lon="-71.10508"/><trkpt lat="-29.37910" lon="-71.10481"/><trkpt lat="-29.37909" lon="-71.10453"/><trkpt lat="-29.37908" lon="-71.10426"/><trkpt lat="-29.37905" lon="-71.10399"/><trkpt lat="-29.37898" lon="-71.10360"/><trkpt lat="-29.37880" lon="-71.10250"/><trkpt lat="-29.37874" lon="-71.10211"/><trkpt lat="-29.37871" lon="-71.10186"/><trkpt lat="-29.37869" lon="-71.10158"/><trkpt lat="-29.37867" lon="-71.10129"/><trkpt lat="-29.37866" lon="-71.10098"/><trkpt lat="-29.37867" lon="-71.10061"/><trkpt lat="-29.37868" lon="-71.10022"/><trkpt lat="-29.37880" lon="-71.09777"/><trkpt lat="-29.37886" lon="-71.09696"/><trkpt lat="-29.37891" lon="-71.09629"/><trkpt lat="-29.37919" lon="-71.09160"/><trkpt lat="-29.37920" lon="-71.09118"/><trkpt lat="-29.37919" lon="-71.09090"/><trkpt lat="-29.37917" lon="-71.09054"/><trkpt lat="-29.37911" lon="-71.09007"/><trkpt lat="-29.37901" lon="-71.08948"/><trkpt lat="-29.37893" lon="-71.08912"/><trkpt lat="-29.37884" lon="-71.08880"/><trkpt lat="-29.37872" lon="-71.08842"/><trkpt lat="-29.37856" lon="-71.08803"/><trkpt lat="-29.37840" lon="-71.08765"/><trkpt lat="-29.37817" lon="-71.08717"/><trkpt lat="-29.37666" lon="-71.08410"/><trkpt lat="-29.37635" lon="-71.08345"/><trkpt lat="-29.37570" lon="-71.08193"/><trkpt lat="-29.37525" lon="-71.08085"/><trkpt lat="-29.37500" lon="-71.08028"/><trkpt lat="-29.37455" lon="-71.07933"/><trkpt lat="-29.37414" lon="-71.07852"/><trkpt lat="-29.37377" lon="-71.07783"/><trkpt lat="-29.37331" lon="-71.07702"/><trkpt lat="-29.37261" lon="-71.07586"/><trkpt lat="-29.37207" lon="-71.07496"/><trkpt lat="-29.37133" lon="-71.07353"/><trkpt lat="-29.37114" lon="-71.07314"/><trkpt lat="-29.37107" lon="-71.07302"/><trkpt lat="-29.37001" lon="-71.07089"/><trkpt lat="-29.36782" lon="-71.06655"/><trkpt lat="-29.36680" lon="-71.06449"/><trkpt lat="-29.36662" lon="-71.06417"/><trkpt lat="-29.36639" lon="-71.06381"/><trkpt lat="-29.36615" lon="-71.06350"/><trkpt lat="-29.36591" lon="-71.06323"/><trkpt lat="-29.36566" lon="-71.06298"/><trkpt lat="-29.36537" lon="-71.06273"/><trkpt lat="-29.36506" lon="-71.06251"/><trkpt lat="-29.36469" lon="-71.06229"/><trkpt lat="-29.36438" lon="-71.06213"/><trkpt lat="-29.36269" lon="-71.06131"/><trkpt lat="-29.36240" lon="-71.06115"/><trkpt lat="-29.36211" lon="-71.06096"/><trkpt lat="-29.36182" lon="-71.06073"/><trkpt lat="-29.36152" lon="-71.06046"/><trkpt lat="-29.36120" lon="-71.06012"/><trkpt lat="-29.36093" lon="-71.05978"/><trkpt lat="-29.36071" lon="-71.05947"/><trkpt lat="-29.36050" lon="-71.05912"/><trkpt lat="-29.36031" lon="-71.05876"/><trkpt lat="-29.36018" lon="-71.05843"/><trkpt lat="-29.35946" lon="-71.05669"/><trkpt lat="-29.35828" lon="-71.05394"/><trkpt lat="-29.35720" lon="-71.05138"/><trkpt lat="-29.35690" lon="-71.05068"/><trkpt lat="-29.35641" lon="-71.04964"/><trkpt lat="-29.35590" lon="-71.04852"/><trkpt lat="-29.35462" lon="-71.04551"/><trkpt lat="-29.35423" lon="-71.04460"/><trkpt lat="-29.35404" lon="-71.04422"/><trkpt lat="-29.35382" lon="-71.04382"/><trkpt lat="-29.35362" lon="-71.04351"/><trkpt lat="-29.35340" lon="-71.04320"/><trkpt lat="-29.35310" lon="-71.04284"/><trkpt lat="-29.35281" lon="-71.04253"/><trkpt lat="-29.35242" lon="-71.04217"/><trkpt lat="-29.35207" lon="-71.04189"/><trkpt lat="-29.35187" lon="-71.04175"/><trkpt lat="-29.35154" lon="-71.04153"/><trkpt lat="-29.35038" lon="-71.04081"/><trkpt lat="-29.34849" lon="-71.03964"/><trkpt lat="-29.34814" lon="-71.03946"/><trkpt lat="-29.34773" lon="-71.03928"/><trkpt lat="-29.34733" lon="-71.03914"/><trkpt lat="-29.34688" lon="-71.03901"/><trkpt lat="-29.34622" lon="-71.03887"/><trkpt lat="-29.34376" lon="-71.03839"/><trkpt lat="-29.33977" lon="-71.03761"/><trkpt lat="-29.33323" lon="-71.03629"/><trkpt lat="-29.33130" lon="-71.03591"/><trkpt lat="-29.33085" lon="-71.03584"/><trkpt lat="-29.33033" lon="-71.03578"/><trkpt lat="-29.32974" lon="-71.03575"/><trkpt lat="-29.31908" lon="-71.03531"/><trkpt lat="-29.31859" lon="-71.03528"/><trkpt lat="-29.31810" lon="-71.03522"/><trkpt lat="-29.31762" lon="-71.03513"/><trkpt lat="-29.31715" lon="-71.03501"/><trkpt lat="-29.31171" lon="-71.03352"/><trkpt lat="-29.30741" lon="-71.03232"/><trkpt lat="-29.30657" lon="-71.03209"/><trkpt lat="-29.30558" lon="-71.03181"/><trkpt lat="-29.30511" lon="-71.03169"/><trkpt lat="-29.30464" lon="-71.03161"/><trkpt lat="-29.30417" lon="-71.03156"/><trkpt lat="-29.30369" lon="-71.03154"/><trkpt lat="-29.30320" lon="-71.03157"/><trkpt lat="-29.30271" lon="-71.03162"/><trkpt lat="-29.29766" lon="-71.03260"/><trkpt lat="-29.29215" lon="-71.03362"/><trkpt lat="-29.29142" lon="-71.03376"/><trkpt lat="-29.28830" lon="-71.03433"/><trkpt lat="-29.28440" lon="-71.03505"/><trkpt lat="-29.28255" lon="-71.03539"/><trkpt lat="-29.27972" lon="-71.03591"/><trkpt lat="-29.27889" lon="-71.03606"/><trkpt lat="-29.27824" lon="-71.03616"/><trkpt lat="-29.27775" lon="-71.03621"/><trkpt lat="-29.27727" lon="-71.03623"/><trkpt lat="-29.27378" lon="-71.03625"/><trkpt lat="-29.27333" lon="-71.03620"/><trkpt lat="-29.27289" lon="-71.03611"/><trkpt lat="-29.27246" lon="-71.03598"/><trkpt lat="-29.27203" lon="-71.03583"/><trkpt lat="-29.27161" lon="-71.03564"/><trkpt lat="-29.27113" lon="-71.03542"/><trkpt lat="-29.26824" lon="-71.03398"/><trkpt lat="-29.26753" lon="-71.03361"/><trkpt lat="-29.26388" lon="-71.03182"/><trkpt lat="-29.26073" lon="-71.03025"/><trkpt lat="-29.26043" lon="-71.03010"/><trkpt lat="-29.25975" lon="-71.02974"/><trkpt lat="-29.25907" lon="-71.02936"/><trkpt lat="-29.25871" lon="-71.02915"/><trkpt lat="-29.25654" lon="-71.02774"/><trkpt lat="-29.25347" lon="-71.02565"/><trkpt lat="-29.24859" lon="-71.02236"/><trkpt lat="-29.24440" lon="-71.01952"/><trkpt lat="-29.24055" lon="-71.01691"/><trkpt lat="-29.24007" lon="-71.01659"/><trkpt lat="-29.23986" lon="-71.01645"/><trkpt lat="-29.23892" lon="-71.01582"/><trkpt lat="-29.23854" lon="-71.01558"/><trkpt lat="-29.23827" lon="-71.01541"/><trkpt lat="-29.23804" lon="-71.01528"/><trkpt lat="-29.23782" lon="-71.01517"/><trkpt lat="-29.23752" lon="-71.01503"/><trkpt lat="-29.23723" lon="-71.01492"/><trkpt lat="-29.23632" lon="-71.01458"/><trkpt lat="-29.23586" lon="-71.01441"/><trkpt lat="-29.23531" lon="-71.01420"/><trkpt lat="-29.23510" lon="-71.01412"/><trkpt lat="-29.23492" lon="-71.01406"/><trkpt lat="-29.23465" lon="-71.01399"/><trkpt lat="-29.23438" lon="-71.01393"/><trkpt lat="-29.23410" lon="-71.01389"/><trkpt lat="-29.23387" lon="-71.01386"/><trkpt lat="-29.23363" lon="-71.01384"/><trkpt lat="-29.23339" lon="-71.01384"/><trkpt lat="-29.23315" lon="-71.01384"/><trkpt lat="-29.23288" lon="-71.01386"/><trkpt lat="-29.23266" lon="-71.01389"/><trkpt lat="-29.23249" lon="-71.01391"/><trkpt lat="-29.23231" lon="-71.01395"/><trkpt lat="-29.23214" lon="-71.01399"/><trkpt lat="-29.23196" lon="-71.01404"/><trkpt lat="-29.23182" lon="-71.01409"/><trkpt lat="-29.23036" lon="-71.01464"/><trkpt lat="-29.22993" lon="-71.01478"/><trkpt lat="-29.22942" lon="-71.01490"/><trkpt lat="-29.22897" lon="-71.01496"/><trkpt lat="-29.22862" lon="-71.01497"/><trkpt lat="-29.22829" lon="-71.01495"/><trkpt lat="-29.22800" lon="-71.01492"/><trkpt lat="-29.22774" lon="-71.01487"/><trkpt lat="-29.22750" lon="-71.01480"/><trkpt lat="-29.22726" lon="-71.01473"/><trkpt lat="-29.22703" lon="-71.01464"/><trkpt lat="-29.22680" lon="-71.01455"/><trkpt lat="-29.22657" lon="-71.01444"/><trkpt lat="-29.22637" lon="-71.01433"/><trkpt lat="-29.22618" lon="-71.01422"/><trkpt lat="-29.22585" lon="-71.01400"/><trkpt lat="-29.22552" lon="-71.01372"/><trkpt lat="-29.22521" lon="-71.01341"/><trkpt lat="-29.22440" lon="-71.01259"/><trkpt lat="-29.22410" lon="-71.01232"/><trkpt lat="-29.22380" lon="-71.01210"/><trkpt lat="-29.22352" lon="-71.01192"/><trkpt lat="-29.22322" lon="-71.01175"/><trkpt lat="-29.22291" lon="-71.01161"/><trkpt lat="-29.22263" lon="-71.01151"/><trkpt lat="-29.22233" lon="-71.01144"/><trkpt lat="-29.22186" lon="-71.01136"/><trkpt lat="-29.22147" lon="-71.01132"/><trkpt lat="-29.22113" lon="-71.01131"/><trkpt lat="-29.22051" lon="-71.01136"/><trkpt lat="-29.21857" lon="-71.01164"/><trkpt lat="-29.21711" lon="-71.01194"/><trkpt lat="-29.21499" lon="-71.01243"/><trkpt lat="-29.21347" lon="-71.01277"/><trkpt lat="-29.21190" lon="-71.01313"/><trkpt lat="-29.21028" lon="-71.01349"/><trkpt lat="-29.20871" lon="-71.01384"/><trkpt lat="-29.20800" lon="-71.01397"/><trkpt lat="-29.20743" lon="-71.01407"/><trkpt lat="-29.20695" lon="-71.01416"/><trkpt lat="-29.20662" lon="-71.01423"/><trkpt lat="-29.20630" lon="-71.01431"/><trkpt lat="-29.20598" lon="-71.01441"/><trkpt lat="-29.20567" lon="-71.01451"/><trkpt lat="-29.20538" lon="-71.01462"/><trkpt lat="-29.20509" lon="-71.01474"/><trkpt lat="-29.20480" lon="-71.01488"/><trkpt lat="-29.20452" lon="-71.01502"/><trkpt lat="-29.20424" lon="-71.01517"/><trkpt lat="-29.19924" lon="-71.01798"/><trkpt lat="-29.19859" lon="-71.01835"/><trkpt lat="-29.19831" lon="-71.01851"/><trkpt lat="-29.19809" lon="-71.01865"/><trkpt lat="-29.19789" lon="-71.01878"/><trkpt lat="-29.19772" lon="-71.01892"/><trkpt lat="-29.19746" lon="-71.01912"/><trkpt lat="-29.19701" lon="-71.01949"/><trkpt lat="-29.19575" lon="-71.02060"/><trkpt lat="-29.19509" lon="-71.02117"/><trkpt lat="-29.19482" lon="-71.02140"/><trkpt lat="-29.19461" lon="-71.02156"/><trkpt lat="-29.19439" lon="-71.02169"/><trkpt lat="-29.19422" lon="-71.02180"/><trkpt lat="-29.19400" lon="-71.02191"/><trkpt lat="-29.19374" lon="-71.02202"/><trkpt lat="-29.19349" lon="-71.02211"/><trkpt lat="-29.19323" lon="-71.02219"/><trkpt lat="-29.19298" lon="-71.02225"/><trkpt lat="-29.19271" lon="-71.02230"/><trkpt lat="-29.19248" lon="-71.02232"/><trkpt lat="-29.19222" lon="-71.02233"/><trkpt lat="-29.19193" lon="-71.02233"/><trkpt lat="-29.19166" lon="-71.02231"/><trkpt lat="-29.19141" lon="-71.02228"/><trkpt lat="-29.19115" lon="-71.02222"/><trkpt lat="-29.19091" lon="-71.02215"/><trkpt lat="-29.19068" lon="-71.02208"/><trkpt lat="-29.19047" lon="-71.02198"/><trkpt lat="-29.19025" lon="-71.02188"/><trkpt lat="-29.19005" lon="-71.02177"/><trkpt lat="-29.18983" lon="-71.02164"/><trkpt lat="-29.18962" lon="-71.02149"/><trkpt lat="-29.18941" lon="-71.02133"/><trkpt lat="-29.18920" lon="-71.02115"/><trkpt lat="-29.18900" lon="-71.02095"/><trkpt lat="-29.18824" lon="-71.02012"/><trkpt lat="-29.18684" lon="-71.01861"/><trkpt lat="-29.18447" lon="-71.01608"/><trkpt lat="-29.18420" lon="-71.01578"/><trkpt lat="-29.18368" lon="-71.01520"/><trkpt lat="-29.18325" lon="-71.01470"/><trkpt lat="-29.18272" lon="-71.01407"/><trkpt lat="-29.18195" lon="-71.01326"/><trkpt lat="-29.18118" lon="-71.01250"/><trkpt lat="-29.18059" lon="-71.01193"/><trkpt lat="-29.18010" lon="-71.01148"/><trkpt lat="-29.17970" lon="-71.01114"/><trkpt lat="-29.17919" lon="-71.01074"/><trkpt lat="-29.17867" lon="-71.01034"/><trkpt lat="-29.17829" lon="-71.01003"/><trkpt lat="-29.17798" lon="-71.00977"/><trkpt lat="-29.17725" lon="-71.00906"/><trkpt lat="-29.17527" lon="-71.00709"/><trkpt lat="-29.17386" lon="-71.00570"/><trkpt lat="-29.17308" lon="-71.00493"/><trkpt lat="-29.17267" lon="-71.00454"/><trkpt lat="-29.17240" lon="-71.00428"/><trkpt lat="-29.17222" lon="-71.00413"/><trkpt lat="-29.17206" lon="-71.00401"/><trkpt lat="-29.17184" lon="-71.00385"/><trkpt lat="-29.17165" lon="-71.00374"/><trkpt lat="-29.17146" lon="-71.00363"/><trkpt lat="-29.17128" lon="-71.00353"/><trkpt lat="-29.17110" lon="-71.00345"/><trkpt lat="-29.17090" lon="-71.00337"/><trkpt lat="-29.17070" lon="-71.00330"/><trkpt lat="-29.17049" lon="-71.00323"/><trkpt lat="-29.17030" lon="-71.00319"/><trkpt lat="-29.17005" lon="-71.00314"/><trkpt lat="-29.16977" lon="-71.00310"/><trkpt lat="-29.16946" lon="-71.00308"/><trkpt lat="-29.16760" lon="-71.00300"/><trkpt lat="-29.16555" lon="-71.00293"/><trkpt lat="-29.16467" lon="-71.00292"/><trkpt lat="-29.16322" lon="-71.00294"/><trkpt lat="-29.16261" lon="-71.00294"/><trkpt lat="-29.16224" lon="-71.00292"/><trkpt lat="-29.16193" lon="-71.00289"/><trkpt lat="-29.16162" lon="-71.00284"/><trkpt lat="-29.16134" lon="-71.00278"/><trkpt lat="-29.16108" lon="-71.00271"/><trkpt lat="-29.16082" lon="-71.00262"/><trkpt lat="-29.16056" lon="-71.00252"/><trkpt lat="-29.16032" lon="-71.00240"/><trkpt lat="-29.15968" lon="-71.00206"/><trkpt lat="-29.15858" lon="-71.00143"/><trkpt lat="-29.15745" lon="-71.00082"/><trkpt lat="-29.15596" lon="-71.00003"/><trkpt lat="-29.15571" lon="-70.99991"/><trkpt lat="-29.15546" lon="-70.99980"/><trkpt lat="-29.15518" lon="-70.99969"/><trkpt lat="-29.15489" lon="-70.99959"/><trkpt lat="-29.15455" lon="-70.99949"/><trkpt lat="-29.15266" lon="-70.99898"/><trkpt lat="-29.15189" lon="-70.99876"/><trkpt lat="-29.15150" lon="-70.99864"/><trkpt lat="-29.15124" lon="-70.99855"/><trkpt lat="-29.15101" lon="-70.99845"/><trkpt lat="-29.15080" lon="-70.99835"/><trkpt lat="-29.15049" lon="-70.99819"/><trkpt lat="-29.14985" lon="-70.99783"/><trkpt lat="-29.14940" lon="-70.99757"/><trkpt lat="-29.14900" lon="-70.99734"/><trkpt lat="-29.14859" lon="-70.99710"/><trkpt lat="-29.14837" lon="-70.99700"/><trkpt lat="-29.14818" lon="-70.99693"/><trkpt lat="-29.14798" lon="-70.99690"/><trkpt lat="-29.14776" lon="-70.99688"/><trkpt lat="-29.14758" lon="-70.99689"/><trkpt lat="-29.14739" lon="-70.99692"/><trkpt lat="-29.14722" lon="-70.99697"/><trkpt lat="-29.14701" lon="-70.99706"/><trkpt lat="-29.14682" lon="-70.99716"/><trkpt lat="-29.14665" lon="-70.99729"/><trkpt lat="-29.14650" lon="-70.99743"/><trkpt lat="-29.14636" lon="-70.99759"/><trkpt lat="-29.14623" lon="-70.99778"/><trkpt lat="-29.14610" lon="-70.99800"/><trkpt lat="-29.14542" lon="-70.99919"/><trkpt lat="-29.14530" lon="-70.99939"/><trkpt lat="-29.14517" lon="-70.99953"/><trkpt lat="-29.14504" lon="-70.99963"/><trkpt lat="-29.14489" lon="-70.99969"/><trkpt lat="-29.14474" lon="-70.99972"/><trkpt lat="-29.14458" lon="-70.99971"/><trkpt lat="-29.14442" lon="-70.99967"/><trkpt lat="-29.14428" lon="-70.99958"/><trkpt lat="-29.14416" lon="-70.99948"/><trkpt lat="-29.14404" lon="-70.99932"/><trkpt lat="-29.14396" lon="-70.99915"/><trkpt lat="-29.14390" lon="-70.99895"/><trkpt lat="-29.14388" lon="-70.99874"/><trkpt lat="-29.14391" lon="-70.99854"/><trkpt lat="-29.14398" lon="-70.99836"/><trkpt lat="-29.14409" lon="-70.99819"/><trkpt lat="-29.14422" lon="-70.99807"/><trkpt lat="-29.14442" lon="-70.99791"/><trkpt lat="-29.14569" lon="-70.99697"/><trkpt lat="-29.14585" lon="-70.99682"/><trkpt lat="-29.14599" lon="-70.99667"/><trkpt lat="-29.14612" lon="-70.99650"/><trkpt lat="-29.14624" lon="-70.99630"/><trkpt lat="-29.14633" lon="-70.99609"/><trkpt lat="-29.14641" lon="-70.99587"/><trkpt lat="-29.14647" lon="-70.99563"/><trkpt lat="-29.14651" lon="-70.99539"/><trkpt lat="-29.14652" lon="-70.99518"/><trkpt lat="-29.14652" lon="-70.99493"/><trkpt lat="-29.14649" lon="-70.99470"/><trkpt lat="-29.14644" lon="-70.99446"/><trkpt lat="-29.14636" lon="-70.99424"/><trkpt lat="-29.14626" lon="-70.99402"/><trkpt lat="-29.14614" lon="-70.99384"/><trkpt lat="-29.14600" lon="-70.99367"/><trkpt lat="-29.14585" lon="-70.99351"/><trkpt lat="-29.14568" lon="-70.99338"/><trkpt lat="-29.14550" lon="-70.99326"/><trkpt lat="-29.14531" lon="-70.99317"/><trkpt lat="-29.14513" lon="-70.99311"/><trkpt lat="-29.14493" lon="-70.99307"/><trkpt lat="-29.14472" lon="-70.99305"/><trkpt lat="-29.14449" lon="-70.99305"/><trkpt lat="-29.14423" lon="-70.99307"/><trkpt lat="-29.14273" lon="-70.99325"/><trkpt lat="-29.14250" lon="-70.99327"/><trkpt lat="-29.14231" lon="-70.99325"/><trkpt lat="-29.14215" lon="-70.99319"/><trkpt lat="-29.14200" lon="-70.99311"/><trkpt lat="-29.14187" lon="-70.99299"/><trkpt lat="-29.14177" lon="-70.99287"/><trkpt lat="-29.14169" lon="-70.99271"/><trkpt lat="-29.14164" lon="-70.99252"/><trkpt lat="-29.14160" lon="-70.99232"/><trkpt lat="-29.14160" lon="-70.99214"/><trkpt lat="-29.14164" lon="-70.99195"/><trkpt lat="-29.14171" lon="-70.99177"/><trkpt lat="-29.14181" lon="-70.99162"/><trkpt lat="-29.14193" lon="-70.99150"/><trkpt lat="-29.14207" lon="-70.99140"/><trkpt lat="-29.14436" lon="-70.99022"/><trkpt lat="-29.14458" lon="-70.99010"/><trkpt lat="-29.14477" lon="-70.98998"/><trkpt lat="-29.14492" lon="-70.98986"/><trkpt lat="-29.14507" lon="-70.98973"/><trkpt lat="-29.14522" lon="-70.98956"/><trkpt lat="-29.14536" lon="-70.98938"/><trkpt lat="-29.14547" lon="-70.98920"/><trkpt lat="-29.14557" lon="-70.98901"/><trkpt lat="-29.14566" lon="-70.98879"/><trkpt lat="-29.14574" lon="-70.98856"/><trkpt lat="-29.14580" lon="-70.98831"/><trkpt lat="-29.14583" lon="-70.98809"/><trkpt lat="-29.14584" lon="-70.98786"/><trkpt lat="-29.14584" lon="-70.98763"/><trkpt lat="-29.14582" lon="-70.98740"/><trkpt lat="-29.14568" lon="-70.98621"/><trkpt lat="-29.14565" lon="-70.98594"/><trkpt lat="-29.14565" lon="-70.98572"/><trkpt lat="-29.14567" lon="-70.98549"/><trkpt lat="-29.14570" lon="-70.98529"/><trkpt lat="-29.14577" lon="-70.98506"/><trkpt lat="-29.14585" lon="-70.98486"/><trkpt lat="-29.14595" lon="-70.98469"/><trkpt lat="-29.14605" lon="-70.98453"/><trkpt lat="-29.14617" lon="-70.98437"/><trkpt lat="-29.14632" lon="-70.98423"/><trkpt lat="-29.14645" lon="-70.98412"/><trkpt lat="-29.14659" lon="-70.98403"/><trkpt lat="-29.14674" lon="-70.98395"/><trkpt lat="-29.14690" lon="-70.98388"/><trkpt lat="-29.14708" lon="-70.98383"/><trkpt lat="-29.14788" lon="-70.98363"/><trkpt lat="-29.14805" lon="-70.98357"/><trkpt lat="-29.14823" lon="-70.98350"/><trkpt lat="-29.14838" lon="-70.98341"/><trkpt lat="-29.14854" lon="-70.98330"/><trkpt lat="-29.14868" lon="-70.98319"/><trkpt lat="-29.14881" lon="-70.98306"/><trkpt lat="-29.14892" lon="-70.98293"/><trkpt lat="-29.14906" lon="-70.98273"/><trkpt lat="-29.14991" lon="-70.98133"/><trkpt lat="-29.15037" lon="-70.98055"/><trkpt lat="-29.15048" lon="-70.98039"/><trkpt lat="-29.15058" lon="-70.98028"/><trkpt lat="-29.15071" lon="-70.98019"/><trkpt lat="-29.15084" lon="-70.98013"/><trkpt lat="-29.15097" lon="-70.98009"/><trkpt lat="-29.15110" lon="-70.98008"/><trkpt lat="-29.15124" lon="-70.98008"/><trkpt lat="-29.15139" lon="-70.98012"/><trkpt lat="-29.15154" lon="-70.98018"/><trkpt lat="-29.15167" lon="-70.98026"/><trkpt lat="-29.15178" lon="-70.98036"/><trkpt lat="-29.15188" lon="-70.98049"/><trkpt lat="-29.15196" lon="-70.98065"/><trkpt lat="-29.15201" lon="-70.98080"/><trkpt lat="-29.15204" lon="-70.98099"/><trkpt lat="-29.15204" lon="-70.98116"/><trkpt lat="-29.15201" lon="-70.98132"/><trkpt lat="-29.15195" lon="-70.98153"/><trkpt lat="-29.15171" lon="-70.98214"/><trkpt lat="-29.15160" lon="-70.98242"/><trkpt lat="-29.15154" lon="-70.98263"/><trkpt lat="-29.15149" lon="-70.98286"/><trkpt lat="-29.15146" lon="-70.98307"/><trkpt lat="-29.15144" lon="-70.98328"/><trkpt lat="-29.15144" lon="-70.98352"/><trkpt lat="-29.15145" lon="-70.98372"/><trkpt lat="-29.15148" lon="-70.98394"/><trkpt lat="-29.15154" lon="-70.98416"/><trkpt lat="-29.15162" lon="-70.98436"/><trkpt lat="-29.15172" lon="-70.98455"/><trkpt lat="-29.15182" lon="-70.98473"/><trkpt lat="-29.15193" lon="-70.98488"/><trkpt lat="-29.15206" lon="-70.98503"/><trkpt lat="-29.15222" lon="-70.98519"/><trkpt lat="-29.15237" lon="-70.98531"/><trkpt lat="-29.15252" lon="-70.98540"/><trkpt lat="-29.15269" lon="-70.98549"/><trkpt lat="-29.15286" lon="-70.98556"/><trkpt lat="-29.15303" lon="-70.98562"/><trkpt lat="-29.15321" lon="-70.98566"/><trkpt lat="-29.15339" lon="-70.98568"/><trkpt lat="-29.15357" lon="-70.98568"/><trkpt lat="-29.15378" lon="-70.98566"/><trkpt lat="-29.15396" lon="-70.98563"/><trkpt lat="-29.15416" lon="-70.98557"/><trkpt lat="-29.15433" lon="-70.98549"/><trkpt lat="-29.15450" lon="-70.98541"/><trkpt lat="-29.15465" lon="-70.98531"/><trkpt lat="-29.15480" lon="-70.98520"/><trkpt lat="-29.15492" lon="-70.98509"/><trkpt lat="-29.15504" lon="-70.98497"/><trkpt lat="-29.15517" lon="-70.98481"/><trkpt lat="-29.15528" lon="-70.98465"/><trkpt lat="-29.15538" lon="-70.98450"/><trkpt lat="-29.15547" lon="-70.98430"/><trkpt lat="-29.15554" lon="-70.98410"/><trkpt lat="-29.15559" lon="-70.98389"/><trkpt lat="-29.15563" lon="-70.98367"/><trkpt lat="-29.15565" lon="-70.98347"/><trkpt lat="-29.15565" lon="-70.98320"/><trkpt lat="-29.15563" lon="-70.98286"/><trkpt lat="-29.15560" lon="-70.98248"/><trkpt lat="-29.15554" lon="-70.98190"/><trkpt lat="-29.15552" lon="-70.98156"/><trkpt lat="-29.15552" lon="-70.98126"/><trkpt lat="-29.15554" lon="-70.98099"/><trkpt lat="-29.15558" lon="-70.98074"/><trkpt lat="-29.15565" lon="-70.98050"/><trkpt lat="-29.15573" lon="-70.98025"/><trkpt lat="-29.15584" lon="-70.98001"/><trkpt lat="-29.15605" lon="-70.97955"/><trkpt lat="-29.15614" lon="-70.97934"/><trkpt lat="-29.15620" lon="-70.97914"/><trkpt lat="-29.15626" lon="-70.97891"/><trkpt lat="-29.15628" lon="-70.97864"/><trkpt lat="-29.15628" lon="-70.97842"/><trkpt lat="-29.15626" lon="-70.97820"/><trkpt lat="-29.15621" lon="-70.97798"/><trkpt lat="-29.15615" lon="-70.97776"/><trkpt lat="-29.15609" lon="-70.97757"/><trkpt lat="-29.15599" lon="-70.97738"/><trkpt lat="-29.15589" lon="-70.97719"/><trkpt lat="-29.15578" lon="-70.97704"/><trkpt lat="-29.15564" lon="-70.97688"/><trkpt lat="-29.15550" lon="-70.97676"/><trkpt lat="-29.15534" lon="-70.97664"/><trkpt lat="-29.15515" lon="-70.97653"/><trkpt lat="-29.15459" lon="-70.97625"/><trkpt lat="-29.15446" lon="-70.97618"/><trkpt lat="-29.15436" lon="-70.97611"/><trkpt lat="-29.15427" lon="-70.97605"/><trkpt lat="-29.15419" lon="-70.97597"/><trkpt lat="-29.15410" lon="-70.97589"/><trkpt lat="-29.15402" lon="-70.97580"/><trkpt lat="-29.15395" lon="-70.97570"/><trkpt lat="-29.15388" lon="-70.97558"/><trkpt lat="-29.15382" lon="-70.97545"/><trkpt lat="-29.15376" lon="-70.97532"/><trkpt lat="-29.15371" lon="-70.97518"/><trkpt lat="-29.15367" lon="-70.97500"/><trkpt lat="-29.15334" lon="-70.97372"/><trkpt lat="-29.15284" lon="-70.97182"/><trkpt lat="-29.15234" lon="-70.96990"/><trkpt lat="-29.15196" lon="-70.96837"/><trkpt lat="-29.15186" lon="-70.96803"/><trkpt lat="-29.15179" lon="-70.96781"/><trkpt lat="-29.15172" lon="-70.96761"/><trkpt lat="-29.15164" lon="-70.96742"/><trkpt lat="-29.15156" lon="-70.96721"/><trkpt lat="-29.15147" lon="-70.96699"/><trkpt lat="-29.15138" lon="-70.96681"/><trkpt lat="-29.15128" lon="-70.96662"/><trkpt lat="-29.15119" lon="-70.96644"/><trkpt lat="-29.15109" lon="-70.96627"/><trkpt lat="-29.15096" lon="-70.96606"/><trkpt lat="-29.15085" lon="-70.96587"/><trkpt lat="-29.15073" lon="-70.96570"/><trkpt lat="-29.15061" lon="-70.96555"/><trkpt lat="-29.15049" lon="-70.96538"/><trkpt lat="-29.15033" lon="-70.96519"/><trkpt lat="-29.15019" lon="-70.96501"/><trkpt lat="-29.14970" lon="-70.96443"/><trkpt lat="-29.14889" lon="-70.96344"/><trkpt lat="-29.14786" lon="-70.96221"/><trkpt lat="-29.14531" lon="-70.95912"/><trkpt lat="-29.14473" lon="-70.95842"/><trkpt lat="-29.14459" lon="-70.95825"/><trkpt lat="-29.14447" lon="-70.95810"/><trkpt lat="-29.14429" lon="-70.95786"/><trkpt lat="-29.14412" lon="-70.95760"/><trkpt lat="-29.14393" lon="-70.95731"/><trkpt lat="-29.14162" lon="-70.95366"/><trkpt lat="-29.14140" lon="-70.95332"/><trkpt lat="-29.14122" lon="-70.95306"/><trkpt lat="-29.14105" lon="-70.95284"/><trkpt lat="-29.14083" lon="-70.95258"/><trkpt lat="-29.14060" lon="-70.95233"/><trkpt lat="-29.13962" lon="-70.95128"/><trkpt lat="-29.13873" lon="-70.95032"/><trkpt lat="-29.13783" lon="-70.94936"/><trkpt lat="-29.13597" lon="-70.94738"/><trkpt lat="-29.13455" lon="-70.94588"/><trkpt lat="-29.13279" lon="-70.94398"/><trkpt lat="-29.12712" lon="-70.93794"/><trkpt lat="-29.12510" lon="-70.93579"/><trkpt lat="-29.12471" lon="-70.93537"/><trkpt lat="-29.12255" lon="-70.93307"/><trkpt lat="-29.12077" lon="-70.93117"/><trkpt lat="-29.11815" lon="-70.92839"/><trkpt lat="-29.11743" lon="-70.92760"/><trkpt lat="-29.11580" lon="-70.92587"/><trkpt lat="-29.11465" lon="-70.92464"/><trkpt lat="-29.11425" lon="-70.92421"/><trkpt lat="-29.11387" lon="-70.92384"/><trkpt lat="-29.11360" lon="-70.92360"/><trkpt lat="-29.11328" lon="-70.92335"/><trkpt lat="-29.11307" lon="-70.92320"/><trkpt lat="-29.11286" lon="-70.92307"/><trkpt lat="-29.11239" lon="-70.92281"/><trkpt lat="-29.11200" lon="-70.92261"/><trkpt lat="-29.11178" lon="-70.92251"/><trkpt lat="-29.11138" lon="-70.92237"/><trkpt lat="-29.11100" lon="-70.92226"/><trkpt lat="-29.11053" lon="-70.92215"/><trkpt lat="-29.09941" lon="-70.91970"/><trkpt lat="-29.09480" lon="-70.91872"/><trkpt lat="-29.09243" lon="-70.91820"/><trkpt lat="-29.08862" lon="-70.91736"/><trkpt lat="-29.08718" lon="-70.91705"/><trkpt lat="-29.08674" lon="-70.91695"/><trkpt lat="-29.08632" lon="-70.91686"/><trkpt lat="-29.08467" lon="-70.91649"/><trkpt lat="-29.08284" lon="-70.91609"/><trkpt lat="-29.08252" lon="-70.91601"/><trkpt lat="-29.08219" lon="-70.91592"/><trkpt lat="-29.08197" lon="-70.91585"/><trkpt lat="-29.08154" lon="-70.91572"/><trkpt lat="-29.07960" lon="-70.91508"/><trkpt lat="-29.07856" lon="-70.91469"/><trkpt lat="-29.07777" lon="-70.91429"/><trkpt lat="-29.07694" lon="-70.91376"/><trkpt lat="-29.07574" lon="-70.91287"/><trkpt lat="-29.07359" lon="-70.91130"/><trkpt lat="-29.07324" lon="-70.91106"/><trkpt lat="-29.07288" lon="-70.91082"/><trkpt lat="-29.07263" lon="-70.91066"/><trkpt lat="-29.07240" lon="-70.91053"/><trkpt lat="-29.07209" lon="-70.91038"/><trkpt lat="-29.07181" lon="-70.91025"/><trkpt lat="-29.07150" lon="-70.91014"/><trkpt lat="-29.07114" lon="-70.91004"/><trkpt lat="-29.07070" lon="-70.90995"/><trkpt lat="-29.07001" lon="-70.90983"/><trkpt lat="-29.06612" lon="-70.90925"/><trkpt lat="-29.06330" lon="-70.90886"/><trkpt lat="-29.06282" lon="-70.90878"/><trkpt lat="-29.06225" lon="-70.90866"/><trkpt lat="-29.06199" lon="-70.90860"/><trkpt lat="-29.06179" lon="-70.90853"/><trkpt lat="-29.06155" lon="-70.90844"/><trkpt lat="-29.06132" lon="-70.90834"/><trkpt lat="-29.06083" lon="-70.90811"/><trkpt lat="-29.06060" lon="-70.90798"/><trkpt lat="-29.06039" lon="-70.90785"/><trkpt lat="-29.06014" lon="-70.90770"/><trkpt lat="-29.05834" lon="-70.90649"/><trkpt lat="-29.05814" lon="-70.90637"/><trkpt lat="-29.05799" lon="-70.90628"/><trkpt lat="-29.05783" lon="-70.90620"/><trkpt lat="-29.05764" lon="-70.90613"/><trkpt lat="-29.05742" lon="-70.90604"/><trkpt lat="-29.05720" lon="-70.90597"/><trkpt lat="-29.05699" lon="-70.90591"/><trkpt lat="-29.05681" lon="-70.90587"/><trkpt lat="-29.05661" lon="-70.90586"/><trkpt lat="-29.05643" lon="-70.90585"/><trkpt lat="-29.05625" lon="-70.90585"/><trkpt lat="-29.05606" lon="-70.90586"/><trkpt lat="-29.05588" lon="-70.90588"/><trkpt lat="-29.05569" lon="-70.90590"/><trkpt lat="-29.05551" lon="-70.90593"/><trkpt lat="-29.05531" lon="-70.90597"/><trkpt lat="-29.05511" lon="-70.90602"/><trkpt lat="-29.05491" lon="-70.90608"/><trkpt lat="-29.05471" lon="-70.90615"/><trkpt lat="-29.05452" lon="-70.90623"/><trkpt lat="-29.05433" lon="-70.90631"/><trkpt lat="-29.05415" lon="-70.90642"/><trkpt lat="-29.05397" lon="-70.90653"/><trkpt lat="-29.05342" lon="-70.90689"/><trkpt lat="-29.05324" lon="-70.90700"/><trkpt lat="-29.05307" lon="-70.90709"/><trkpt lat="-29.05290" lon="-70.90717"/><trkpt lat="-29.05274" lon="-70.90723"/><trkpt lat="-29.05257" lon="-70.90729"/><trkpt lat="-29.05238" lon="-70.90734"/><trkpt lat="-29.05202" lon="-70.90741"/><trkpt lat="-29.05166" lon="-70.90744"/><trkpt lat="-29.05132" lon="-70.90743"/><trkpt lat="-29.05100" lon="-70.90740"/><trkpt lat="-29.04893" lon="-70.90672"/><trkpt lat="-29.04664" lon="-70.90592"/><trkpt lat="-29.04603" lon="-70.90569"/><trkpt lat="-29.04554" lon="-70.90546"/><trkpt lat="-29.04510" lon="-70.90522"/><trkpt lat="-29.04466" lon="-70.90496"/><trkpt lat="-29.04129" lon="-70.90274"/><trkpt lat="-29.04080" lon="-70.90243"/><trkpt lat="-29.04041" lon="-70.90221"/><trkpt lat="-29.03998" lon="-70.90201"/><trkpt lat="-29.03957" lon="-70.90188"/><trkpt lat="-29.03912" lon="-70.90178"/><trkpt lat="-29.03868" lon="-70.90172"/><trkpt lat="-29.03826" lon="-70.90171"/><trkpt lat="-29.03631" lon="-70.90176"/><trkpt lat="-29.03563" lon="-70.90179"/><trkpt lat="-29.03466" lon="-70.90184"/><trkpt lat="-29.03328" lon="-70.90191"/><trkpt lat="-29.03288" lon="-70.90191"/><trkpt lat="-29.03248" lon="-70.90188"/><trkpt lat="-29.03206" lon="-70.90180"/><trkpt lat="-29.03165" lon="-70.90168"/><trkpt lat="-29.03125" lon="-70.90152"/><trkpt lat="-29.02989" lon="-70.90071"/><trkpt lat="-29.02928" lon="-70.90039"/><trkpt lat="-29.02890" lon="-70.90023"/><trkpt lat="-29.02850" lon="-70.90012"/><trkpt lat="-29.02817" lon="-70.90006"/><trkpt lat="-29.02782" lon="-70.90002"/><trkpt lat="-29.02704" lon="-70.90000"/><trkpt lat="-29.02524" lon="-70.89999"/><trkpt lat="-29.02482" lon="-70.90001"/><trkpt lat="-29.02440" lon="-70.90005"/><trkpt lat="-29.02398" lon="-70.90013"/><trkpt lat="-29.02355" lon="-70.90023"/><trkpt lat="-29.02313" lon="-70.90037"/><trkpt lat="-29.01394" lon="-70.90341"/><trkpt lat="-29.00297" lon="-70.90698"/><trkpt lat="-28.99211" lon="-70.91057"/><trkpt lat="-28.99165" lon="-70.91066"/><trkpt lat="-28.99118" lon="-70.91072"/><trkpt lat="-28.99072" lon="-70.91075"/><trkpt lat="-28.99023" lon="-70.91074"/><trkpt lat="-28.98975" lon="-70.91069"/><trkpt lat="-28.98927" lon="-70.91060"/><trkpt lat="-28.98880" lon="-70.91047"/><trkpt lat="-28.98818" lon="-70.91026"/><trkpt lat="-28.98544" lon="-70.90929"/><trkpt lat="-28.98192" lon="-70.90803"/><trkpt lat="-28.97828" lon="-70.90675"/><trkpt lat="-28.97719" lon="-70.90636"/><trkpt lat="-28.97418" lon="-70.90530"/><trkpt lat="-28.96950" lon="-70.90364"/><trkpt lat="-28.96598" lon="-70.90240"/><trkpt lat="-28.96166" lon="-70.90086"/><trkpt lat="-28.95936" lon="-70.90004"/><trkpt lat="-28.95816" lon="-70.89962"/><trkpt lat="-28.95706" lon="-70.89923"/><trkpt lat="-28.95656" lon="-70.89905"/><trkpt lat="-28.95564" lon="-70.89871"/><trkpt lat="-28.95458" lon="-70.89830"/><trkpt lat="-28.95430" lon="-70.89818"/><trkpt lat="-28.95404" lon="-70.89804"/><trkpt lat="-28.95377" lon="-70.89789"/><trkpt lat="-28.95348" lon="-70.89770"/><trkpt lat="-28.95324" lon="-70.89753"/><trkpt lat="-28.95300" lon="-70.89734"/><trkpt lat="-28.95238" lon="-70.89683"/><trkpt lat="-28.95085" lon="-70.89553"/><trkpt lat="-28.94984" lon="-70.89468"/><trkpt lat="-28.94787" lon="-70.89300"/><trkpt lat="-28.94643" lon="-70.89178"/><trkpt lat="-28.94493" lon="-70.89050"/><trkpt lat="-28.94319" lon="-70.88903"/><trkpt lat="-28.94288" lon="-70.88877"/><trkpt lat="-28.94263" lon="-70.88853"/><trkpt lat="-28.94242" lon="-70.88832"/><trkpt lat="-28.94223" lon="-70.88811"/><trkpt lat="-28.94201" lon="-70.88785"/><trkpt lat="-28.94180" lon="-70.88759"/><trkpt lat="-28.94160" lon="-70.88730"/><trkpt lat="-28.94138" lon="-70.88698"/><trkpt lat="-28.94120" lon="-70.88666"/><trkpt lat="-28.94096" lon="-70.88620"/><trkpt lat="-28.93921" lon="-70.88257"/><trkpt lat="-28.93759" lon="-70.87923"/><trkpt lat="-28.93633" lon="-70.87662"/><trkpt lat="-28.93376" lon="-70.87129"/><trkpt lat="-28.93350" lon="-70.87075"/><trkpt lat="-28.93325" lon="-70.87033"/><trkpt lat="-28.93300" lon="-70.86994"/><trkpt lat="-28.93273" lon="-70.86957"/><trkpt lat="-28.93247" lon="-70.86926"/><trkpt lat="-28.93222" lon="-70.86899"/><trkpt lat="-28.93080" lon="-70.86760"/><trkpt lat="-28.92978" lon="-70.86664"/><trkpt lat="-28.92932" lon="-70.86621"/><trkpt lat="-28.92901" lon="-70.86597"/><trkpt lat="-28.92873" lon="-70.86575"/><trkpt lat="-28.92546" lon="-70.86341"/><trkpt lat="-28.92336" lon="-70.86191"/><trkpt lat="-28.92307" lon="-70.86170"/><trkpt lat="-28.92273" lon="-70.86141"/><trkpt lat="-28.92237" lon="-70.86108"/><trkpt lat="-28.91938" lon="-70.85825"/><trkpt lat="-28.91369" lon="-70.85286"/><trkpt lat="-28.91204" lon="-70.85130"/><trkpt lat="-28.91170" lon="-70.85100"/><trkpt lat="-28.91135" lon="-70.85073"/><trkpt lat="-28.91089" lon="-70.85042"/><trkpt lat="-28.90986" lon="-70.84977"/><trkpt lat="-28.90668" lon="-70.84775"/><trkpt lat="-28.90363" lon="-70.84579"/><trkpt lat="-28.90030" lon="-70.84367"/><trkpt lat="-28.89765" lon="-70.84199"/><trkpt lat="-28.89623" lon="-70.84108"/><trkpt lat="-28.89246" lon="-70.83868"/><trkpt lat="-28.88847" lon="-70.83616"/><trkpt lat="-28.88702" lon="-70.83522"/><trkpt lat="-28.88563" lon="-70.83434"/><trkpt lat="-28.88280" lon="-70.83253"/><trkpt lat="-28.87864" lon="-70.82989"/><trkpt lat="-28.87695" lon="-70.82879"/><trkpt lat="-28.87658" lon="-70.82851"/><trkpt lat="-28.87615" lon="-70.82816"/><trkpt lat="-28.87568" lon="-70.82773"/><trkpt lat="-28.87457" lon="-70.82672"/><trkpt lat="-28.87400" lon="-70.82622"/><trkpt lat="-28.87375" lon="-70.82602"/><trkpt lat="-28.87353" lon="-70.82588"/><trkpt lat="-28.87327" lon="-70.82574"/><trkpt lat="-28.87304" lon="-70.82564"/><trkpt lat="-28.87276" lon="-70.82555"/><trkpt lat="-28.87248" lon="-70.82548"/><trkpt lat="-28.87212" lon="-70.82543"/><trkpt lat="-28.86613" lon="-70.82472"/><trkpt lat="-28.86469" lon="-70.82455"/><trkpt lat="-28.86401" lon="-70.82446"/><trkpt lat="-28.86307" lon="-70.82432"/><trkpt lat="-28.86278" lon="-70.82426"/><trkpt lat="-28.86256" lon="-70.82419"/><trkpt lat="-28.86234" lon="-70.82412"/><trkpt lat="-28.86208" lon="-70.82402"/><trkpt lat="-28.86187" lon="-70.82392"/><trkpt lat="-28.86164" lon="-70.82380"/><trkpt lat="-28.86140" lon="-70.82366"/><trkpt lat="-28.86116" lon="-70.82351"/><trkpt lat="-28.86096" lon="-70.82336"/><trkpt lat="-28.86072" lon="-70.82318"/><trkpt lat="-28.86049" lon="-70.82299"/><trkpt lat="-28.86031" lon="-70.82282"/><trkpt lat="-28.86015" lon="-70.82267"/><trkpt lat="-28.85998" lon="-70.82248"/><trkpt lat="-28.85980" lon="-70.82226"/><trkpt lat="-28.85965" lon="-70.82207"/><trkpt lat="-28.85950" lon="-70.82186"/><trkpt lat="-28.85937" lon="-70.82165"/><trkpt lat="-28.85920" lon="-70.82136"/><trkpt lat="-28.85869" lon="-70.82050"/><trkpt lat="-28.85855" lon="-70.82029"/><trkpt lat="-28.85839" lon="-70.82007"/><trkpt lat="-28.85820" lon="-70.81983"/><trkpt lat="-28.85802" lon="-70.81961"/><trkpt lat="-28.85785" lon="-70.81942"/><trkpt lat="-28.85768" lon="-70.81925"/><trkpt lat="-28.85751" lon="-70.81910"/><trkpt lat="-28.85731" lon="-70.81894"/><trkpt lat="-28.85714" lon="-70.81881"/><trkpt lat="-28.85695" lon="-70.81868"/><trkpt lat="-28.85673" lon="-70.81854"/><trkpt lat="-28.85651" lon="-70.81842"/><trkpt lat="-28.85625" lon="-70.81829"/><trkpt lat="-28.85601" lon="-70.81819"/><trkpt lat="-28.85576" lon="-70.81810"/><trkpt lat="-28.85541" lon="-70.81799"/><trkpt lat="-28.84965" lon="-70.81633"/><trkpt lat="-28.84932" lon="-70.81625"/><trkpt lat="-28.84900" lon="-70.81620"/><trkpt lat="-28.84869" lon="-70.81616"/><trkpt lat="-28.84837" lon="-70.81614"/><trkpt lat="-28.84805" lon="-70.81613"/><trkpt lat="-28.84774" lon="-70.81613"/><trkpt lat="-28.84742" lon="-70.81615"/><trkpt lat="-28.84711" lon="-70.81619"/><trkpt lat="-28.84679" lon="-70.81623"/><trkpt lat="-28.84648" lon="-70.81630"/><trkpt lat="-28.84617" lon="-70.81638"/><trkpt lat="-28.84522" lon="-70.81671"/><trkpt lat="-28.84397" lon="-70.81715"/><trkpt lat="-28.84137" lon="-70.81807"/><trkpt lat="-28.84102" lon="-70.81820"/><trkpt lat="-28.84076" lon="-70.81830"/><trkpt lat="-28.84050" lon="-70.81843"/><trkpt lat="-28.84027" lon="-70.81857"/><trkpt lat="-28.84007" lon="-70.81871"/><trkpt lat="-28.83987" lon="-70.81887"/><trkpt lat="-28.83967" lon="-70.81907"/><trkpt lat="-28.83902" lon="-70.81972"/><trkpt lat="-28.83876" lon="-70.81995"/><trkpt lat="-28.83854" lon="-70.82012"/><trkpt lat="-28.83832" lon="-70.82026"/><trkpt lat="-28.83810" lon="-70.82036"/><trkpt lat="-28.83783" lon="-70.82047"/><trkpt lat="-28.83755" lon="-70.82057"/><trkpt lat="-28.83727" lon="-70.82063"/><trkpt lat="-28.83697" lon="-70.82066"/><trkpt lat="-28.83663" lon="-70.82067"/><trkpt lat="-28.83377" lon="-70.82068"/><trkpt lat="-28.83119" lon="-70.82068"/><trkpt lat="-28.83090" lon="-70.82067"/><trkpt lat="-28.83062" lon="-70.82065"/><trkpt lat="-28.83034" lon="-70.82060"/><trkpt lat="-28.83006" lon="-70.82054"/><trkpt lat="-28.82980" lon="-70.82045"/><trkpt lat="-28.82954" lon="-70.82035"/><trkpt lat="-28.82930" lon="-70.82023"/><trkpt lat="-28.82906" lon="-70.82009"/><trkpt lat="-28.82883" lon="-70.81994"/><trkpt lat="-28.82860" lon="-70.81977"/><trkpt lat="-28.82621" lon="-70.81768"/><trkpt lat="-28.82463" lon="-70.81630"/><trkpt lat="-28.82441" lon="-70.81607"/><trkpt lat="-28.82419" lon="-70.81582"/><trkpt lat="-28.82402" lon="-70.81559"/><trkpt lat="-28.82387" lon="-70.81535"/><trkpt lat="-28.82371" lon="-70.81507"/><trkpt lat="-28.82358" lon="-70.81477"/><trkpt lat="-28.82347" lon="-70.81449"/><trkpt lat="-28.82335" lon="-70.81410"/><trkpt lat="-28.82314" lon="-70.81332"/><trkpt lat="-28.82305" lon="-70.81304"/><trkpt lat="-28.82296" lon="-70.81279"/><trkpt lat="-28.82286" lon="-70.81257"/><trkpt lat="-28.82276" lon="-70.81238"/><trkpt lat="-28.82263" lon="-70.81215"/><trkpt lat="-28.82249" lon="-70.81193"/><trkpt lat="-28.82232" lon="-70.81172"/><trkpt lat="-28.82215" lon="-70.81154"/><trkpt lat="-28.82193" lon="-70.81133"/><trkpt lat="-28.82174" lon="-70.81117"/><trkpt lat="-28.82153" lon="-70.81103"/><trkpt lat="-28.82008" lon="-70.81006"/><trkpt lat="-28.81973" lon="-70.80983"/><trkpt lat="-28.81949" lon="-70.80967"/><trkpt lat="-28.81925" lon="-70.80948"/><trkpt lat="-28.81900" lon="-70.80927"/><trkpt lat="-28.81877" lon="-70.80905"/><trkpt lat="-28.81850" lon="-70.80875"/><trkpt lat="-28.81828" lon="-70.80848"/><trkpt lat="-28.81645" lon="-70.80615"/><trkpt lat="-28.81627" lon="-70.80594"/><trkpt lat="-28.81611" lon="-70.80579"/><trkpt lat="-28.81592" lon="-70.80563"/><trkpt lat="-28.81572" lon="-70.80548"/><trkpt lat="-28.81553" lon="-70.80536"/><trkpt lat="-28.81531" lon="-70.80523"/><trkpt lat="-28.81512" lon="-70.80514"/><trkpt lat="-28.81492" lon="-70.80506"/><trkpt lat="-28.81463" lon="-70.80499"/><trkpt lat="-28.81052" lon="-70.80410"/><trkpt lat="-28.81017" lon="-70.80402"/><trkpt lat="-28.80987" lon="-70.80394"/><trkpt lat="-28.80825" lon="-70.80341"/><trkpt lat="-28.80791" lon="-70.80331"/><trkpt lat="-28.80741" lon="-70.80320"/><trkpt lat="-28.80687" lon="-70.80309"/><trkpt lat="-28.80658" lon="-70.80304"/><trkpt lat="-28.80630" lon="-70.80297"/><trkpt lat="-28.80602" lon="-70.80287"/><trkpt lat="-28.80575" lon="-70.80276"/><trkpt lat="-28.80549" lon="-70.80264"/><trkpt lat="-28.80523" lon="-70.80249"/><trkpt lat="-28.80498" lon="-70.80232"/><trkpt lat="-28.80474" lon="-70.80214"/><trkpt lat="-28.80451" lon="-70.80194"/><trkpt lat="-28.80429" lon="-70.80173"/><trkpt lat="-28.80408" lon="-70.80149"/><trkpt lat="-28.80389" lon="-70.80127"/><trkpt lat="-28.80370" lon="-70.80102"/><trkpt lat="-28.80350" lon="-70.80072"/><trkpt lat="-28.80322" lon="-70.80026"/><trkpt lat="-28.80213" lon="-70.79841"/><trkpt lat="-28.80197" lon="-70.79819"/><trkpt lat="-28.80181" lon="-70.79802"/><trkpt lat="-28.80163" lon="-70.79783"/><trkpt lat="-28.80141" lon="-70.79765"/><trkpt lat="-28.80118" lon="-70.79748"/><trkpt lat="-28.80092" lon="-70.79731"/><trkpt lat="-28.80066" lon="-70.79718"/><trkpt lat="-28.80043" lon="-70.79707"/><trkpt lat="-28.80016" lon="-70.79697"/><trkpt lat="-28.79937" lon="-70.79675"/><trkpt lat="-28.79903" lon="-70.79664"/><trkpt lat="-28.79876" lon="-70.79652"/><trkpt lat="-28.79850" lon="-70.79638"/><trkpt lat="-28.79827" lon="-70.79622"/><trkpt lat="-28.79804" lon="-70.79604"/><trkpt lat="-28.79782" lon="-70.79585"/><trkpt lat="-28.79762" lon="-70.79563"/><trkpt lat="-28.79738" lon="-70.79534"/><trkpt lat="-28.79722" lon="-70.79511"/><trkpt lat="-28.79707" lon="-70.79489"/><trkpt lat="-28.79693" lon="-70.79464"/><trkpt lat="-28.79610" lon="-70.79298"/><trkpt lat="-28.79438" lon="-70.78960"/><trkpt lat="-28.79414" lon="-70.78915"/><trkpt lat="-28.79355" lon="-70.78814"/><trkpt lat="-28.79302" lon="-70.78727"/><trkpt lat="-28.79244" lon="-70.78630"/><trkpt lat="-28.79227" lon="-70.78603"/><trkpt lat="-28.79208" lon="-70.78575"/><trkpt lat="-28.79186" lon="-70.78546"/><trkpt lat="-28.79163" lon="-70.78519"/><trkpt lat="-28.79139" lon="-70.78493"/><trkpt lat="-28.79113" lon="-70.78469"/><trkpt lat="-28.79086" lon="-70.78448"/><trkpt lat="-28.79058" lon="-70.78428"/><trkpt lat="-28.79030" lon="-70.78410"/><trkpt lat="-28.79001" lon="-70.78395"/><trkpt lat="-28.78972" lon="-70.78381"/><trkpt lat="-28.78941" lon="-70.78370"/><trkpt lat="-28.78911" lon="-70.78360"/><trkpt lat="-28.78879" lon="-70.78353"/><trkpt lat="-28.78848" lon="-70.78348"/><trkpt lat="-28.78810" lon="-70.78344"/><trkpt lat="-28.78749" lon="-70.78340"/><trkpt lat="-28.78645" lon="-70.78335"/><trkpt lat="-28.78533" lon="-70.78329"/><trkpt lat="-28.78461" lon="-70.78325"/><trkpt lat="-28.78379" lon="-70.78315"/><trkpt lat="-28.78323" lon="-70.78304"/><trkpt lat="-28.78181" lon="-70.78276"/><trkpt lat="-28.78130" lon="-70.78266"/><trkpt lat="-28.78087" lon="-70.78256"/><trkpt lat="-28.78052" lon="-70.78245"/><trkpt lat="-28.78018" lon="-70.78232"/><trkpt lat="-28.77982" lon="-70.78216"/><trkpt lat="-28.77945" lon="-70.78198"/><trkpt lat="-28.77814" lon="-70.78132"/><trkpt lat="-28.77789" lon="-70.78119"/><trkpt lat="-28.77764" lon="-70.78109"/><trkpt lat="-28.77736" lon="-70.78101"/><trkpt lat="-28.77705" lon="-70.78093"/><trkpt lat="-28.77672" lon="-70.78089"/><trkpt lat="-28.77642" lon="-70.78087"/><trkpt lat="-28.77606" lon="-70.78087"/><trkpt lat="-28.77565" lon="-70.78090"/><trkpt lat="-28.77533" lon="-70.78095"/><trkpt lat="-28.77502" lon="-70.78101"/><trkpt lat="-28.77283" lon="-70.78143"/><trkpt lat="-28.77228" lon="-70.78152"/><trkpt lat="-28.77198" lon="-70.78155"/><trkpt lat="-28.77157" lon="-70.78157"/><trkpt lat="-28.77110" lon="-70.78157"/><trkpt lat="-28.77046" lon="-70.78156"/><trkpt lat="-28.76905" lon="-70.78152"/><trkpt lat="-28.76727" lon="-70.78149"/><trkpt lat="-28.76669" lon="-70.78147"/><trkpt lat="-28.76635" lon="-70.78144"/><trkpt lat="-28.76591" lon="-70.78138"/><trkpt lat="-28.76552" lon="-70.78129"/><trkpt lat="-28.76506" lon="-70.78116"/><trkpt lat="-28.76472" lon="-70.78102"/><trkpt lat="-28.76438" lon="-70.78087"/><trkpt lat="-28.76384" lon="-70.78060"/><trkpt lat="-28.76353" lon="-70.78047"/><trkpt lat="-28.76288" lon="-70.78019"/><trkpt lat="-28.76247" lon="-70.78001"/><trkpt lat="-28.76206" lon="-70.77985"/><trkpt lat="-28.76110" lon="-70.77954"/><trkpt lat="-28.75999" lon="-70.77919"/><trkpt lat="-28.75962" lon="-70.77904"/><trkpt lat="-28.75935" lon="-70.77891"/><trkpt lat="-28.75908" lon="-70.77876"/><trkpt lat="-28.75883" lon="-70.77861"/><trkpt lat="-28.75858" lon="-70.77842"/><trkpt lat="-28.75831" lon="-70.77820"/><trkpt lat="-28.75781" lon="-70.77774"/><trkpt lat="-28.75725" lon="-70.77724"/><trkpt lat="-28.75704" lon="-70.77705"/><trkpt lat="-28.75680" lon="-70.77687"/><trkpt lat="-28.75654" lon="-70.77669"/><trkpt lat="-28.75632" lon="-70.77658"/><trkpt lat="-28.75605" lon="-70.77645"/><trkpt lat="-28.75579" lon="-70.77635"/><trkpt lat="-28.75552" lon="-70.77625"/><trkpt lat="-28.75523" lon="-70.77617"/><trkpt lat="-28.75497" lon="-70.77612"/><trkpt lat="-28.75469" lon="-70.77609"/><trkpt lat="-28.75441" lon="-70.77607"/><trkpt lat="-28.75411" lon="-70.77608"/><trkpt lat="-28.75379" lon="-70.77610"/><trkpt lat="-28.75236" lon="-70.77624"/><trkpt lat="-28.75122" lon="-70.77637"/><trkpt lat="-28.75085" lon="-70.77641"/><trkpt lat="-28.75048" lon="-70.77643"/><trkpt lat="-28.75007" lon="-70.77643"/><trkpt lat="-28.74965" lon="-70.77640"/><trkpt lat="-28.74931" lon="-70.77637"/><trkpt lat="-28.74899" lon="-70.77631"/><trkpt lat="-28.74850" lon="-70.77621"/><trkpt lat="-28.74460" lon="-70.77544"/><trkpt lat="-28.74247" lon="-70.77504"/><trkpt lat="-28.74216" lon="-70.77499"/><trkpt lat="-28.74189" lon="-70.77497"/><trkpt lat="-28.74161" lon="-70.77497"/><trkpt lat="-28.74122" lon="-70.77499"/><trkpt lat="-28.74083" lon="-70.77501"/><trkpt lat="-28.74048" lon="-70.77503"/><trkpt lat="-28.74023" lon="-70.77503"/><trkpt lat="-28.73999" lon="-70.77501"/><trkpt lat="-28.73971" lon="-70.77497"/><trkpt lat="-28.73945" lon="-70.77491"/><trkpt lat="-28.73920" lon="-70.77483"/><trkpt lat="-28.73897" lon="-70.77474"/><trkpt lat="-28.73873" lon="-70.77463"/><trkpt lat="-28.73850" lon="-70.77449"/><trkpt lat="-28.73829" lon="-70.77436"/><trkpt lat="-28.73809" lon="-70.77422"/><trkpt lat="-28.73791" lon="-70.77406"/><trkpt lat="-28.73773" lon="-70.77389"/><trkpt lat="-28.73754" lon="-70.77368"/><trkpt lat="-28.73713" lon="-70.77322"/><trkpt lat="-28.73695" lon="-70.77303"/><trkpt lat="-28.73671" lon="-70.77280"/><trkpt lat="-28.73655" lon="-70.77266"/><trkpt lat="-28.73636" lon="-70.77252"/><trkpt lat="-28.73614" lon="-70.77237"/><trkpt lat="-28.73589" lon="-70.77223"/><trkpt lat="-28.73566" lon="-70.77212"/><trkpt lat="-28.73537" lon="-70.77200"/><trkpt lat="-28.73507" lon="-70.77190"/><trkpt lat="-28.73479" lon="-70.77183"/><trkpt lat="-28.73454" lon="-70.77178"/><trkpt lat="-28.73429" lon="-70.77175"/><trkpt lat="-28.73403" lon="-70.77173"/><trkpt lat="-28.73373" lon="-70.77173"/><trkpt lat="-28.73313" lon="-70.77173"/><trkpt lat="-28.73288" lon="-70.77172"/><trkpt lat="-28.73262" lon="-70.77169"/><trkpt lat="-28.73237" lon="-70.77164"/><trkpt lat="-28.73212" lon="-70.77158"/><trkpt lat="-28.73187" lon="-70.77150"/><trkpt lat="-28.73166" lon="-70.77141"/><trkpt lat="-28.73145" lon="-70.77131"/><trkpt lat="-28.73124" lon="-70.77118"/><trkpt lat="-28.73104" lon="-70.77104"/><trkpt lat="-28.73083" lon="-70.77087"/><trkpt lat="-28.73063" lon="-70.77069"/><trkpt lat="-28.73042" lon="-70.77049"/><trkpt lat="-28.72867" lon="-70.76868"/><trkpt lat="-28.72851" lon="-70.76852"/><trkpt lat="-28.72834" lon="-70.76836"/><trkpt lat="-28.72816" lon="-70.76822"/><trkpt lat="-28.72798" lon="-70.76809"/><trkpt lat="-28.72779" lon="-70.76798"/><trkpt lat="-28.72759" lon="-70.76787"/><trkpt lat="-28.72739" lon="-70.76778"/><trkpt lat="-28.72718" lon="-70.76770"/><trkpt lat="-28.72695" lon="-70.76763"/><trkpt lat="-28.72671" lon="-70.76757"/><trkpt lat="-28.72647" lon="-70.76754"/><trkpt lat="-28.72623" lon="-70.76752"/><trkpt lat="-28.72544" lon="-70.76747"/><trkpt lat="-28.72508" lon="-70.76745"/><trkpt lat="-28.72475" lon="-70.76741"/><trkpt lat="-28.72443" lon="-70.76735"/><trkpt lat="-28.72414" lon="-70.76728"/><trkpt lat="-28.72387" lon="-70.76718"/><trkpt lat="-28.72359" lon="-70.76707"/><trkpt lat="-28.72331" lon="-70.76694"/><trkpt lat="-28.72302" lon="-70.76677"/><trkpt lat="-28.72277" lon="-70.76661"/><trkpt lat="-28.72247" lon="-70.76640"/><trkpt lat="-28.71951" lon="-70.76424"/><trkpt lat="-28.71802" lon="-70.76307"/><trkpt lat="-28.71568" lon="-70.76128"/><trkpt lat="-28.71538" lon="-70.76106"/><trkpt lat="-28.71512" lon="-70.76088"/><trkpt lat="-28.71489" lon="-70.76074"/><trkpt lat="-28.71466" lon="-70.76060"/><trkpt lat="-28.71443" lon="-70.76048"/><trkpt lat="-28.71420" lon="-70.76037"/><trkpt lat="-28.71398" lon="-70.76028"/><trkpt lat="-28.71372" lon="-70.76019"/><trkpt lat="-28.71346" lon="-70.76011"/><trkpt lat="-28.71321" lon="-70.76005"/><trkpt lat="-28.71285" lon="-70.75999"/><trkpt lat="-28.71231" lon="-70.75991"/><trkpt lat="-28.71204" lon="-70.75986"/><trkpt lat="-28.71180" lon="-70.75980"/><trkpt lat="-28.71155" lon="-70.75973"/><trkpt lat="-28.71131" lon="-70.75964"/><trkpt lat="-28.71104" lon="-70.75953"/><trkpt lat="-28.71081" lon="-70.75941"/><trkpt lat="-28.71057" lon="-70.75927"/><trkpt lat="-28.71012" lon="-70.75897"/><trkpt lat="-28.70968" lon="-70.75868"/><trkpt lat="-28.70869" lon="-70.75807"/><trkpt lat="-28.70771" lon="-70.75750"/><trkpt lat="-28.70611" lon="-70.75654"/><trkpt lat="-28.70572" lon="-70.75632"/><trkpt lat="-28.70543" lon="-70.75618"/><trkpt lat="-28.70519" lon="-70.75608"/><trkpt lat="-28.70496" lon="-70.75600"/><trkpt lat="-28.70470" lon="-70.75593"/><trkpt lat="-28.70445" lon="-70.75587"/><trkpt lat="-28.70421" lon="-70.75583"/><trkpt lat="-28.70401" lon="-70.75581"/><trkpt lat="-28.70378" lon="-70.75581"/><trkpt lat="-28.70354" lon="-70.75581"/><trkpt lat="-28.70329" lon="-70.75582"/><trkpt lat="-28.70304" lon="-70.75585"/><trkpt lat="-28.70279" lon="-70.75590"/><trkpt lat="-28.70252" lon="-70.75596"/><trkpt lat="-28.70229" lon="-70.75603"/><trkpt lat="-28.70049" lon="-70.75665"/><trkpt lat="-28.69875" lon="-70.75726"/><trkpt lat="-28.69816" lon="-70.75746"/><trkpt lat="-28.69774" lon="-70.75762"/><trkpt lat="-28.69705" lon="-70.75789"/><trkpt lat="-28.69656" lon="-70.75810"/><trkpt lat="-28.69576" lon="-70.75846"/><trkpt lat="-28.69422" lon="-70.75916"/><trkpt lat="-28.69380" lon="-70.75937"/><trkpt lat="-28.69324" lon="-70.75966"/><trkpt lat="-28.69269" lon="-70.75997"/><trkpt lat="-28.69228" lon="-70.76018"/><trkpt lat="-28.69182" lon="-70.76041"/><trkpt lat="-28.69145" lon="-70.76059"/><trkpt lat="-28.69103" lon="-70.76078"/><trkpt lat="-28.68812" lon="-70.76208"/><trkpt lat="-28.68670" lon="-70.76272"/><trkpt lat="-28.68492" lon="-70.76347"/><trkpt lat="-28.68462" lon="-70.76361"/><trkpt lat="-28.68433" lon="-70.76376"/><trkpt lat="-28.68407" lon="-70.76391"/><trkpt lat="-28.68378" lon="-70.76408"/><trkpt lat="-28.68340" lon="-70.76434"/><trkpt lat="-28.68293" lon="-70.76466"/><trkpt lat="-28.68129" lon="-70.76585"/><trkpt lat="-28.67852" lon="-70.76787"/><trkpt lat="-28.67741" lon="-70.76868"/><trkpt lat="-28.67596" lon="-70.76974"/><trkpt lat="-28.67549" lon="-70.77007"/><trkpt lat="-28.67523" lon="-70.77025"/><trkpt lat="-28.67499" lon="-70.77039"/><trkpt lat="-28.67475" lon="-70.77052"/><trkpt lat="-28.67452" lon="-70.77063"/><trkpt lat="-28.67427" lon="-70.77073"/><trkpt lat="-28.67390" lon="-70.77085"/><trkpt lat="-28.67350" lon="-70.77096"/><trkpt lat="-28.67323" lon="-70.77101"/><trkpt lat="-28.67297" lon="-70.77105"/><trkpt lat="-28.67271" lon="-70.77107"/><trkpt lat="-28.67244" lon="-70.77107"/><trkpt lat="-28.67217" lon="-70.77106"/><trkpt lat="-28.67191" lon="-70.77103"/><trkpt lat="-28.67167" lon="-70.77100"/><trkpt lat="-28.67142" lon="-70.77095"/><trkpt lat="-28.67118" lon="-70.77088"/><trkpt lat="-28.67093" lon="-70.77080"/><trkpt lat="-28.67069" lon="-70.77072"/><trkpt lat="-28.67046" lon="-70.77061"/><trkpt lat="-28.67023" lon="-70.77049"/><trkpt lat="-28.66996" lon="-70.77033"/><trkpt lat="-28.66968" lon="-70.77014"/><trkpt lat="-28.66944" lon="-70.76995"/><trkpt lat="-28.66912" lon="-70.76969"/><trkpt lat="-28.66889" lon="-70.76947"/><trkpt lat="-28.66856" lon="-70.76914"/><trkpt lat="-28.66370" lon="-70.76413"/><trkpt lat="-28.66346" lon="-70.76389"/><trkpt lat="-28.66319" lon="-70.76361"/><trkpt lat="-28.66292" lon="-70.76333"/><trkpt lat="-28.66273" lon="-70.76315"/><trkpt lat="-28.66252" lon="-70.76297"/><trkpt lat="-28.66230" lon="-70.76280"/><trkpt lat="-28.66206" lon="-70.76263"/><trkpt lat="-28.66188" lon="-70.76251"/><trkpt lat="-28.66166" lon="-70.76239"/><trkpt lat="-28.66144" lon="-70.76227"/><trkpt lat="-28.66121" lon="-70.76217"/><trkpt lat="-28.66098" lon="-70.76207"/><trkpt lat="-28.66073" lon="-70.76199"/><trkpt lat="-28.66049" lon="-70.76193"/><trkpt lat="-28.66024" lon="-70.76187"/><trkpt lat="-28.66000" lon="-70.76182"/><trkpt lat="-28.65975" lon="-70.76178"/><trkpt lat="-28.65948" lon="-70.76176"/><trkpt lat="-28.65921" lon="-70.76175"/><trkpt lat="-28.65896" lon="-70.76176"/><trkpt lat="-28.65862" lon="-70.76179"/><trkpt lat="-28.65827" lon="-70.76184"/><trkpt lat="-28.65661" lon="-70.76216"/><trkpt lat="-28.65551" lon="-70.76237"/><trkpt lat="-28.65501" lon="-70.76246"/><trkpt lat="-28.65200" lon="-70.76303"/><trkpt lat="-28.64932" lon="-70.76354"/><trkpt lat="-28.64208" lon="-70.76490"/><trkpt lat="-28.63587" lon="-70.76609"/><trkpt lat="-28.63256" lon="-70.76673"/><trkpt lat="-28.63093" lon="-70.76704"/><trkpt lat="-28.62665" lon="-70.76785"/><trkpt lat="-28.62372" lon="-70.76841"/><trkpt lat="-28.62298" lon="-70.76853"/><trkpt lat="-28.62244" lon="-70.76860"/><trkpt lat="-28.62208" lon="-70.76863"/><trkpt lat="-28.62113" lon="-70.76868"/><trkpt lat="-28.62072" lon="-70.76871"/><trkpt lat="-28.62037" lon="-70.76874"/><trkpt lat="-28.61995" lon="-70.76879"/><trkpt lat="-28.61952" lon="-70.76885"/><trkpt lat="-28.61848" lon="-70.76904"/><trkpt lat="-28.61763" lon="-70.76919"/><trkpt lat="-28.61678" lon="-70.76939"/><trkpt lat="-28.61591" lon="-70.76963"/><trkpt lat="-28.61533" lon="-70.76982"/><trkpt lat="-28.61481" lon="-70.76999"/><trkpt lat="-28.61419" lon="-70.77015"/><trkpt lat="-28.61334" lon="-70.77032"/><trkpt lat="-28.61265" lon="-70.77045"/><trkpt lat="-28.61035" lon="-70.77088"/><trkpt lat="-28.60977" lon="-70.77095"/><trkpt lat="-28.60913" lon="-70.77101"/><trkpt lat="-28.60816" lon="-70.77106"/><trkpt lat="-28.60757" lon="-70.77112"/><trkpt lat="-28.60693" lon="-70.77121"/><trkpt lat="-28.60504" lon="-70.77156"/><trkpt lat="-28.60432" lon="-70.77173"/><trkpt lat="-28.60367" lon="-70.77190"/><trkpt lat="-28.60244" lon="-70.77230"/><trkpt lat="-28.60190" lon="-70.77245"/><trkpt lat="-28.60159" lon="-70.77253"/><trkpt lat="-28.60130" lon="-70.77258"/><trkpt lat="-28.59916" lon="-70.77299"/><trkpt lat="-28.59706" lon="-70.77339"/><trkpt lat="-28.59512" lon="-70.77373"/><trkpt lat="-28.59370" lon="-70.77399"/><trkpt lat="-28.59327" lon="-70.77407"/><trkpt lat="-28.59283" lon="-70.77418"/><trkpt lat="-28.59254" lon="-70.77426"/><trkpt lat="-28.59212" lon="-70.77441"/><trkpt lat="-28.59166" lon="-70.77461"/><trkpt lat="-28.59120" lon="-70.77485"/><trkpt lat="-28.59087" lon="-70.77506"/><trkpt lat="-28.59052" lon="-70.77531"/><trkpt lat="-28.59002" lon="-70.77571"/><trkpt lat="-28.58871" lon="-70.77675"/><trkpt lat="-28.58547" lon="-70.77936"/><trkpt lat="-28.58344" lon="-70.78102"/><trkpt lat="-28.58311" lon="-70.78131"/><trkpt lat="-28.58281" lon="-70.78160"/><trkpt lat="-28.58246" lon="-70.78197"/><trkpt lat="-28.58214" lon="-70.78234"/><trkpt lat="-28.57934" lon="-70.78577"/><trkpt lat="-28.57920" lon="-70.78593"/><trkpt lat="-28.57891" lon="-70.78623"/><trkpt lat="-28.57859" lon="-70.78650"/><trkpt lat="-28.57825" lon="-70.78674"/><trkpt lat="-28.57789" lon="-70.78694"/><trkpt lat="-28.57739" lon="-70.78711"/><trkpt lat="-28.57714" lon="-70.78717"/><trkpt lat="-28.57686" lon="-70.78718"/><trkpt lat="-28.57656" lon="-70.78717"/><trkpt lat="-28.57625" lon="-70.78711"/><trkpt lat="-28.57581" lon="-70.78699"/><trkpt lat="-28.57560" lon="-70.78690"/><trkpt lat="-28.57539" lon="-70.78677"/><trkpt lat="-28.57528" lon="-70.78669"/><trkpt lat="-28.57493" lon="-70.78647"/><trkpt lat="-28.57447" lon="-70.78621"/><trkpt lat="-28.57412" lon="-70.78601"/><trkpt lat="-28.57402" lon="-70.78594"/><trkpt lat="-28.57394" lon="-70.78588"/><trkpt lat="-28.57390" lon="-70.78577"/><trkpt lat="-28.57388" lon="-70.78567"/><trkpt lat="-28.57382" lon="-70.78558"/><trkpt lat="-28.57374" lon="-70.78553"/><trkpt lat="-28.57364" lon="-70.78551"/><trkpt lat="-28.57356" lon="-70.78553"/><trkpt lat="-28.57340" lon="-70.78553"/><trkpt lat="-28.57330" lon="-70.78551"/><trkpt lat="-28.57320" lon="-70.78547"/><trkpt lat="-28.57238" lon="-70.78501"/><trkpt lat="-28.57205" lon="-70.78484"/><trkpt lat="-28.57182" lon="-70.78474"/><trkpt lat="-28.57002" lon="-70.78369"/><trkpt lat="-28.56869" lon="-70.78296"/><trkpt lat="-28.56768" lon="-70.78242"/><trkpt lat="-28.56728" lon="-70.78215"/><trkpt lat="-28.56642" lon="-70.78162"/><trkpt lat="-28.56572" lon="-70.78119"/><trkpt lat="-28.56563" lon="-70.78109"/><trkpt lat="-28.56557" lon="-70.78102"/><trkpt lat="-28.56553" lon="-70.78095"/><trkpt lat="-28.56549" lon="-70.78085"/><trkpt lat="-28.56548" lon="-70.78075"/><trkpt lat="-28.56548" lon="-70.78063"/><trkpt lat="-28.56553" lon="-70.78002"/><trkpt lat="-28.56555" lon="-70.77974"/><trkpt lat="-28.56564" lon="-70.77918"/><trkpt lat="-28.56573" lon="-70.77880"/><trkpt lat="-28.56580" lon="-70.77847"/><trkpt lat="-28.56583" lon="-70.77830"/><trkpt lat="-28.56599" lon="-70.77747"/><trkpt lat="-28.56610" lon="-70.77662"/><trkpt lat="-28.56617" lon="-70.77602"/><trkpt lat="-28.56625" lon="-70.77542"/><trkpt lat="-28.56648" lon="-70.77419"/><trkpt lat="-28.56732" lon="-70.77267"/><trkpt lat="-28.56765" lon="-70.77201"/><trkpt lat="-28.56967" lon="-70.76642"/><trkpt lat="-28.56986" lon="-70.76604"/><trkpt lat="-28.57004" lon="-70.76591"/><trkpt lat="-28.57020" lon="-70.76598"/><trkpt lat="-28.57082" lon="-70.76638"/><trkpt lat="-28.57194" lon="-70.76709"/><trkpt lat="-28.57233" lon="-70.76640"/><trkpt lat="-28.57319" lon="-70.76490"/><trkpt lat="-28.57416" lon="-70.76321"/><trkpt lat="-28.57461" lon="-70.76242"/><trkpt lat="-28.57481" lon="-70.76204"/><trkpt lat="-28.57489" lon="-70.76201"/><trkpt lat="-28.57510" lon="-70.76216"/><trkpt lat="-28.57521" lon="-70.76212"/><trkpt lat="-28.57540" lon="-70.76177"/><trkpt lat="-28.57551" lon="-70.76157"/><trkpt lat="-28.57548" lon="-70.76145"/><trkpt lat="-28.57527" lon="-70.76129"/><trkpt lat="-28.57504" lon="-70.76112"/><trkpt lat="-28.57491" lon="-70.76112"/><trkpt lat="-28.57476" lon="-70.76139"/><trkpt lat="-28.57435" lon="-70.76112"/><trkpt lat="-28.57389" lon="-70.76192"/><trkpt lat="-28.57299" lon="-70.76350"/><trkpt lat="-28.57207" lon="-70.76511"/><trkpt lat="-28.57160" lon="-70.76592"/><trkpt lat="-28.57131" lon="-70.76642"/><trkpt lat="-28.57099" lon="-70.76635"/><trkpt lat="-28.57026" lon="-70.76589"/><trkpt lat="-28.57013" lon="-70.76586"/><trkpt lat="-28.56994" lon="-70.76596"/><trkpt lat="-28.56979" lon="-70.76615"/><trkpt lat="-28.56902" lon="-70.76818"/><trkpt lat="-28.56747" lon="-70.77238"/><trkpt lat="-28.56669" lon="-70.77372"/><trkpt lat="-28.56635" lon="-70.77463"/><trkpt lat="-28.56623" lon="-70.77559"/><trkpt lat="-28.56612" lon="-70.77644"/><trkpt lat="-28.56602" lon="-70.77733"/><trkpt lat="-28.56584" lon="-70.77826"/><trkpt lat="-28.56582" lon="-70.77834"/><trkpt lat="-28.56579" lon="-70.77852"/><trkpt lat="-28.56570" lon="-70.77893"/><trkpt lat="-28.56555" lon="-70.77935"/><trkpt lat="-28.56543" lon="-70.77972"/><trkpt lat="-28.56528" lon="-70.78002"/><trkpt lat="-28.56520" lon="-70.78013"/><trkpt lat="-28.56509" lon="-70.78024"/><trkpt lat="-28.56495" lon="-70.78034"/><trkpt lat="-28.56485" lon="-70.78039"/><trkpt lat="-28.56474" lon="-70.78042"/><trkpt lat="-28.56465" lon="-70.78044"/><trkpt lat="-28.56455" lon="-70.78044"/><trkpt lat="-28.56445" lon="-70.78044"/><trkpt lat="-28.56433" lon="-70.78042"/><trkpt lat="-28.56417" lon="-70.78036"/><trkpt lat="-28.56393" lon="-70.78026"/><trkpt lat="-28.56288" lon="-70.77963"/><trkpt lat="-28.56186" lon="-70.77903"/><trkpt lat="-28.56114" lon="-70.77862"/><trkpt lat="-28.56087" lon="-70.77844"/><trkpt lat="-28.56056" lon="-70.77821"/><trkpt lat="-28.56026" lon="-70.77796"/><trkpt lat="-28.56001" lon="-70.77772"/><trkpt lat="-28.55974" lon="-70.77743"/><trkpt lat="-28.55950" lon="-70.77713"/><trkpt lat="-28.55924" lon="-70.77678"/><trkpt lat="-28.55898" lon="-70.77637"/><trkpt lat="-28.55881" lon="-70.77607"/><trkpt lat="-28.55868" lon="-70.77580"/><trkpt lat="-28.55856" lon="-70.77555"/><trkpt lat="-28.55696" lon="-70.77190"/><trkpt lat="-28.55490" lon="-70.76725"/><trkpt lat="-28.55104" lon="-70.75845"/><trkpt lat="-28.54975" lon="-70.75554"/><trkpt lat="-28.54956" lon="-70.75513"/><trkpt lat="-28.54933" lon="-70.75466"/><trkpt lat="-28.54907" lon="-70.75426"/><trkpt lat="-28.54879" lon="-70.75387"/><trkpt lat="-28.54848" lon="-70.75351"/><trkpt lat="-28.54815" lon="-70.75317"/><trkpt lat="-28.54781" lon="-70.75288"/><trkpt lat="-28.54745" lon="-70.75261"/><trkpt lat="-28.54708" lon="-70.75237"/><trkpt lat="-28.54671" lon="-70.75216"/><trkpt lat="-28.54639" lon="-70.75200"/><trkpt lat="-28.54590" lon="-70.75180"/><trkpt lat="-28.54531" lon="-70.75162"/><trkpt lat="-28.54267" lon="-70.75077"/><trkpt lat="-28.54077" lon="-70.75018"/><trkpt lat="-28.53884" lon="-70.74955"/><trkpt lat="-28.53826" lon="-70.74937"/><trkpt lat="-28.53762" lon="-70.74915"/><trkpt lat="-28.53202" lon="-70.74735"/><trkpt lat="-28.53143" lon="-70.74716"/><trkpt lat="-28.52808" lon="-70.74609"/><trkpt lat="-28.52674" lon="-70.74564"/><trkpt lat="-28.52393" lon="-70.74474"/><trkpt lat="-28.52164" lon="-70.74399"/><trkpt lat="-28.52052" lon="-70.74362"/><trkpt lat="-28.51612" lon="-70.74219"/><trkpt lat="-28.51538" lon="-70.74195"/><trkpt lat="-28.51066" lon="-70.74041"/><trkpt lat="-28.49735" lon="-70.73613"/><trkpt lat="-28.49104" lon="-70.73406"/><trkpt lat="-28.48746" lon="-70.73292"/><trkpt lat="-28.48512" lon="-70.73217"/><trkpt lat="-28.48352" lon="-70.73164"/><trkpt lat="-28.47946" lon="-70.73034"/><trkpt lat="-28.47532" lon="-70.72901"/><trkpt lat="-28.46768" lon="-70.72653"/><trkpt lat="-28.46050" lon="-70.72422"/><trkpt lat="-28.45974" lon="-70.72403"/><trkpt lat="-28.45899" lon="-70.72389"/><trkpt lat="-28.45257" lon="-70.72291"/><trkpt lat="-28.44906" lon="-70.72238"/><trkpt lat="-28.44403" lon="-70.72161"/><trkpt lat="-28.44053" lon="-70.72108"/><trkpt lat="-28.43492" lon="-70.72024"/><trkpt lat="-28.42904" lon="-70.71934"/><trkpt lat="-28.42805" lon="-70.71922"/><trkpt lat="-28.42760" lon="-70.71918"/><trkpt lat="-28.42093" lon="-70.71871"/><trkpt lat="-28.41835" lon="-70.71852"/><trkpt lat="-28.41621" lon="-70.71837"/><trkpt lat="-28.41531" lon="-70.71831"/><trkpt lat="-28.41164" lon="-70.71802"/><trkpt lat="-28.40804" lon="-70.71775"/><trkpt lat="-28.40064" lon="-70.71726"/><trkpt lat="-28.39160" lon="-70.71658"/><trkpt lat="-28.38579" lon="-70.71617"/><trkpt lat="-28.36756" lon="-70.71481"/><trkpt lat="-28.35186" lon="-70.71366"/><trkpt lat="-28.35136" lon="-70.71361"/><trkpt lat="-28.35087" lon="-70.71352"/><trkpt lat="-28.35039" lon="-70.71339"/><trkpt lat="-28.35002" lon="-70.71327"/><trkpt lat="-28.34969" lon="-70.71313"/><trkpt lat="-28.34926" lon="-70.71293"/><trkpt lat="-28.34899" lon="-70.71277"/><trkpt lat="-28.34868" lon="-70.71258"/><trkpt lat="-28.34836" lon="-70.71235"/><trkpt lat="-28.34780" lon="-70.71188"/><trkpt lat="-28.34678" lon="-70.71099"/><trkpt lat="-28.34599" lon="-70.71030"/><trkpt lat="-28.34371" lon="-70.70827"/><trkpt lat="-28.34266" lon="-70.70734"/><trkpt lat="-28.34200" lon="-70.70680"/><trkpt lat="-28.34157" lon="-70.70650"/><trkpt lat="-28.34112" lon="-70.70623"/><trkpt lat="-28.34065" lon="-70.70601"/><trkpt lat="-28.34022" lon="-70.70583"/><trkpt lat="-28.33983" lon="-70.70571"/><trkpt lat="-28.33934" lon="-70.70559"/><trkpt lat="-28.33867" lon="-70.70547"/><trkpt lat="-28.33189" lon="-70.70441"/><trkpt lat="-28.33056" lon="-70.70421"/><trkpt lat="-28.32811" lon="-70.70383"/><trkpt lat="-28.32500" lon="-70.70333"/><trkpt lat="-28.32263" lon="-70.70294"/><trkpt lat="-28.32192" lon="-70.70283"/><trkpt lat="-28.31760" lon="-70.70222"/><trkpt lat="-28.31613" lon="-70.70197"/><trkpt lat="-28.31355" lon="-70.70157"/><trkpt lat="-28.31134" lon="-70.70124"/><trkpt lat="-28.28973" lon="-70.69789"/><trkpt lat="-28.28408" lon="-70.69703"/><trkpt lat="-28.28337" lon="-70.69694"/><trkpt lat="-28.28262" lon="-70.69689"/><trkpt lat="-28.28183" lon="-70.69686"/><trkpt lat="-28.28051" lon="-70.69683"/><trkpt lat="-28.27736" lon="-70.69675"/><trkpt lat="-28.26775" lon="-70.69648"/><trkpt lat="-28.26343" lon="-70.69640"/><trkpt lat="-28.26061" lon="-70.69633"/><trkpt lat="-28.25565" lon="-70.69620"/><trkpt lat="-28.25469" lon="-70.69618"/><trkpt lat="-28.25348" lon="-70.69615"/><trkpt lat="-28.25314" lon="-70.69614"/><trkpt lat="-28.25290" lon="-70.69613"/><trkpt lat="-28.25267" lon="-70.69611"/><trkpt lat="-28.25243" lon="-70.69608"/><trkpt lat="-28.25219" lon="-70.69605"/><trkpt lat="-28.25196" lon="-70.69601"/><trkpt lat="-28.25172" lon="-70.69596"/><trkpt lat="-28.25149" lon="-70.69590"/><trkpt lat="-28.25126" lon="-70.69584"/><trkpt lat="-28.25103" lon="-70.69577"/><trkpt lat="-28.25079" lon="-70.69569"/><trkpt lat="-28.25056" lon="-70.69561"/><trkpt lat="-28.25033" lon="-70.69552"/><trkpt lat="-28.25010" lon="-70.69542"/><trkpt lat="-28.24987" lon="-70.69531"/><trkpt lat="-28.24964" lon="-70.69520"/><trkpt lat="-28.24942" lon="-70.69508"/><trkpt lat="-28.24920" lon="-70.69495"/><trkpt lat="-28.24661" lon="-70.69331"/><trkpt lat="-28.24355" lon="-70.69136"/><trkpt lat="-28.24152" lon="-70.69007"/><trkpt lat="-28.23998" lon="-70.68909"/><trkpt lat="-28.23897" lon="-70.68846"/><trkpt lat="-28.23660" lon="-70.68695"/><trkpt lat="-28.23378" lon="-70.68517"/><trkpt lat="-28.23024" lon="-70.68292"/><trkpt lat="-28.22727" lon="-70.68102"/><trkpt lat="-28.22250" lon="-70.67799"/><trkpt lat="-28.21914" lon="-70.67585"/><trkpt lat="-28.21442" lon="-70.67285"/><trkpt lat="-28.20989" lon="-70.66996"/><trkpt lat="-28.20912" lon="-70.66948"/><trkpt lat="-28.20829" lon="-70.66898"/><trkpt lat="-28.20748" lon="-70.66851"/><trkpt lat="-28.20632" lon="-70.66787"/><trkpt lat="-28.19824" lon="-70.66342"/><trkpt lat="-28.19160" lon="-70.65977"/><trkpt lat="-28.18895" lon="-70.65832"/><trkpt lat="-28.18810" lon="-70.65785"/><trkpt lat="-28.18478" lon="-70.65603"/><trkpt lat="-28.17873" lon="-70.65270"/><trkpt lat="-28.17378" lon="-70.64998"/><trkpt lat="-28.16806" lon="-70.64685"/><trkpt lat="-28.16480" lon="-70.64506"/><trkpt lat="-28.16290" lon="-70.64402"/><trkpt lat="-28.16119" lon="-70.64307"/><trkpt lat="-28.15900" lon="-70.64186"/><trkpt lat="-28.15697" lon="-70.64075"/><trkpt lat="-28.15451" lon="-70.63940"/><trkpt lat="-28.15264" lon="-70.63837"/><trkpt lat="-28.15020" lon="-70.63704"/><trkpt lat="-28.14896" lon="-70.63636"/><trkpt lat="-28.14723" lon="-70.63541"/><trkpt lat="-28.14558" lon="-70.63450"/><trkpt lat="-28.14394" lon="-70.63361"/><trkpt lat="-28.14231" lon="-70.63271"/><trkpt lat="-28.14092" lon="-70.63195"/><trkpt lat="-28.14004" lon="-70.63147"/><trkpt lat="-28.13744" lon="-70.63006"/><trkpt lat="-28.13411" lon="-70.62823"/><trkpt lat="-28.12947" lon="-70.62565"/><trkpt lat="-28.12857" lon="-70.62516"/><trkpt lat="-28.12572" lon="-70.62358"/><trkpt lat="-28.10408" lon="-70.61172"/><trkpt lat="-28.10211" lon="-70.61065"/><trkpt lat="-28.09867" lon="-70.60874"/><trkpt lat="-28.09588" lon="-70.60720"/><trkpt lat="-28.09038" lon="-70.60418"/><trkpt lat="-28.08484" lon="-70.60115"/><trkpt lat="-28.08322" lon="-70.60026"/><trkpt lat="-28.08017" lon="-70.59859"/><trkpt lat="-28.07740" lon="-70.59707"/><trkpt lat="-28.07084" lon="-70.59346"/><trkpt lat="-28.06489" lon="-70.59020"/><trkpt lat="-28.06118" lon="-70.58817"/><trkpt lat="-28.06023" lon="-70.58765"/><trkpt lat="-28.05978" lon="-70.58741"/><trkpt lat="-28.05928" lon="-70.58716"/><trkpt lat="-28.05863" lon="-70.58687"/><trkpt lat="-28.05814" lon="-70.58666"/><trkpt lat="-28.05766" lon="-70.58646"/><trkpt lat="-28.05694" lon="-70.58620"/><trkpt lat="-28.05427" lon="-70.58529"/><trkpt lat="-28.05064" lon="-70.58405"/><trkpt lat="-28.04376" lon="-70.58173"/><trkpt lat="-28.03816" lon="-70.57983"/><trkpt lat="-28.02698" lon="-70.57604"/><trkpt lat="-28.02537" lon="-70.57549"/><trkpt lat="-28.02006" lon="-70.57370"/><trkpt lat="-28.01504" lon="-70.57199"/><trkpt lat="-28.01282" lon="-70.57124"/><trkpt lat="-28.01218" lon="-70.57100"/><trkpt lat="-28.01180" lon="-70.57084"/><trkpt lat="-28.01115" lon="-70.57057"/><trkpt lat="-28.01052" lon="-70.57031"/><trkpt lat="-28.01018" lon="-70.57017"/><trkpt lat="-28.00909" lon="-70.56980"/><trkpt lat="-28.00627" lon="-70.56883"/><trkpt lat="-28.00505" lon="-70.56839"/><trkpt lat="-28.00437" lon="-70.56816"/><trkpt lat="-28.00349" lon="-70.56786"/><trkpt lat="-28.00281" lon="-70.56766"/><trkpt lat="-28.00220" lon="-70.56747"/><trkpt lat="-27.99997" lon="-70.56672"/><trkpt lat="-27.99938" lon="-70.56652"/><trkpt lat="-27.99910" lon="-70.56643"/><trkpt lat="-27.99733" lon="-70.56583"/><trkpt lat="-27.99711" lon="-70.56575"/><trkpt lat="-27.99685" lon="-70.56566"/><trkpt lat="-27.99358" lon="-70.56456"/><trkpt lat="-27.99260" lon="-70.56423"/><trkpt lat="-27.99204" lon="-70.56404"/><trkpt lat="-27.99069" lon="-70.56358"/><trkpt lat="-27.98883" lon="-70.56295"/><trkpt lat="-27.98839" lon="-70.56281"/><trkpt lat="-27.98806" lon="-70.56272"/><trkpt lat="-27.98763" lon="-70.56261"/><trkpt lat="-27.98705" lon="-70.56247"/><trkpt lat="-27.98655" lon="-70.56234"/><trkpt lat="-27.98617" lon="-70.56222"/><trkpt lat="-27.98571" lon="-70.56207"/><trkpt lat="-27.97721" lon="-70.55919"/><trkpt lat="-27.97084" lon="-70.55703"/><trkpt lat="-27.96523" lon="-70.55514"/><trkpt lat="-27.96463" lon="-70.55492"/><trkpt lat="-27.96405" lon="-70.55468"/><trkpt lat="-27.96300" lon="-70.55423"/><trkpt lat="-27.96246" lon="-70.55401"/><trkpt lat="-27.96191" lon="-70.55379"/><trkpt lat="-27.96079" lon="-70.55341"/><trkpt lat="-27.96039" lon="-70.55328"/><trkpt lat="-27.95999" lon="-70.55316"/><trkpt lat="-27.95952" lon="-70.55303"/><trkpt lat="-27.95856" lon="-70.55281"/><trkpt lat="-27.95776" lon="-70.55261"/><trkpt lat="-27.95707" lon="-70.55239"/><trkpt lat="-27.94749" lon="-70.54914"/><trkpt lat="-27.94029" lon="-70.54670"/><trkpt lat="-27.93208" lon="-70.54391"/><trkpt lat="-27.92222" lon="-70.54055"/><trkpt lat="-27.90632" lon="-70.53517"/><trkpt lat="-27.89873" lon="-70.53257"/><trkpt lat="-27.89554" lon="-70.53150"/><trkpt lat="-27.89246" lon="-70.53044"/><trkpt lat="-27.89026" lon="-70.52970"/><trkpt lat="-27.88875" lon="-70.52918"/><trkpt lat="-27.87871" lon="-70.52576"/><trkpt lat="-27.87541" lon="-70.52464"/><trkpt lat="-27.87442" lon="-70.52430"/><trkpt lat="-27.86991" lon="-70.52277"/><trkpt lat="-27.86193" lon="-70.52007"/><trkpt lat="-27.86065" lon="-70.51968"/><trkpt lat="-27.85951" lon="-70.51936"/><trkpt lat="-27.85608" lon="-70.51847"/><trkpt lat="-27.85466" lon="-70.51811"/><trkpt lat="-27.85192" lon="-70.51739"/><trkpt lat="-27.85088" lon="-70.51712"/><trkpt lat="-27.84191" lon="-70.51479"/><trkpt lat="-27.83601" lon="-70.51326"/><trkpt lat="-27.83018" lon="-70.51174"/><trkpt lat="-27.82574" lon="-70.51058"/><trkpt lat="-27.82391" lon="-70.51011"/><trkpt lat="-27.82170" lon="-70.50953"/><trkpt lat="-27.81922" lon="-70.50888"/><trkpt lat="-27.81611" lon="-70.50808"/><trkpt lat="-27.81567" lon="-70.50795"/><trkpt lat="-27.81532" lon="-70.50784"/><trkpt lat="-27.81488" lon="-70.50769"/><trkpt lat="-27.81433" lon="-70.50746"/><trkpt lat="-27.81336" lon="-70.50705"/><trkpt lat="-27.81176" lon="-70.50638"/><trkpt lat="-27.81081" lon="-70.50598"/><trkpt lat="-27.80746" lon="-70.50454"/><trkpt lat="-27.80430" lon="-70.50318"/><trkpt lat="-27.79647" lon="-70.49986"/><trkpt lat="-27.79389" lon="-70.49876"/><trkpt lat="-27.79171" lon="-70.49783"/><trkpt lat="-27.79081" lon="-70.49745"/><trkpt lat="-27.78970" lon="-70.49697"/><trkpt lat="-27.78667" lon="-70.49568"/><trkpt lat="-27.77771" lon="-70.49186"/><trkpt lat="-27.77223" lon="-70.48954"/><trkpt lat="-27.76646" lon="-70.48710"/><trkpt lat="-27.75919" lon="-70.48401"/><trkpt lat="-27.75350" lon="-70.48158"/><trkpt lat="-27.74966" lon="-70.47996"/><trkpt lat="-27.74893" lon="-70.47966"/><trkpt lat="-27.74856" lon="-70.47952"/><trkpt lat="-27.74832" lon="-70.47943"/><trkpt lat="-27.74794" lon="-70.47931"/><trkpt lat="-27.74764" lon="-70.47922"/><trkpt lat="-27.74737" lon="-70.47915"/><trkpt lat="-27.74708" lon="-70.47908"/><trkpt lat="-27.74678" lon="-70.47902"/><trkpt lat="-27.74648" lon="-70.47896"/><trkpt lat="-27.74617" lon="-70.47890"/><trkpt lat="-27.74384" lon="-70.47852"/><trkpt lat="-27.73904" lon="-70.47775"/><trkpt lat="-27.73053" lon="-70.47638"/><trkpt lat="-27.72468" lon="-70.47543"/><trkpt lat="-27.72394" lon="-70.47532"/><trkpt lat="-27.72371" lon="-70.47529"/><trkpt lat="-27.72350" lon="-70.47527"/><trkpt lat="-27.72328" lon="-70.47525"/><trkpt lat="-27.72307" lon="-70.47525"/><trkpt lat="-27.72286" lon="-70.47525"/><trkpt lat="-27.72264" lon="-70.47525"/><trkpt lat="-27.72242" lon="-70.47527"/><trkpt lat="-27.72220" lon="-70.47529"/><trkpt lat="-27.72198" lon="-70.47532"/><trkpt lat="-27.72176" lon="-70.47536"/><trkpt lat="-27.72156" lon="-70.47541"/><trkpt lat="-27.72138" lon="-70.47545"/><trkpt lat="-27.72120" lon="-70.47550"/><trkpt lat="-27.72090" lon="-70.47560"/><trkpt lat="-27.72008" lon="-70.47586"/><trkpt lat="-27.71842" lon="-70.47637"/><trkpt lat="-27.71686" lon="-70.47686"/><trkpt lat="-27.71570" lon="-70.47723"/><trkpt lat="-27.71056" lon="-70.47883"/><trkpt lat="-27.70931" lon="-70.47922"/><trkpt lat="-27.70858" lon="-70.47945"/><trkpt lat="-27.70833" lon="-70.47952"/><trkpt lat="-27.70808" lon="-70.47958"/><trkpt lat="-27.70785" lon="-70.47964"/><trkpt lat="-27.70763" lon="-70.47968"/><trkpt lat="-27.70737" lon="-70.47972"/><trkpt lat="-27.70712" lon="-70.47975"/><trkpt lat="-27.70690" lon="-70.47978"/><trkpt lat="-27.70659" lon="-70.47979"/><trkpt lat="-27.70518" lon="-70.47988"/><trkpt lat="-27.70358" lon="-70.47998"/><trkpt lat="-27.70142" lon="-70.48012"/><trkpt lat="-27.70037" lon="-70.48017"/><trkpt lat="-27.69979" lon="-70.48021"/><trkpt lat="-27.69878" lon="-70.48028"/><trkpt lat="-27.69686" lon="-70.48038"/><trkpt lat="-27.69356" lon="-70.48057"/><trkpt lat="-27.69098" lon="-70.48072"/><trkpt lat="-27.68924" lon="-70.48083"/><trkpt lat="-27.68899" lon="-70.48084"/><trkpt lat="-27.68878" lon="-70.48084"/><trkpt lat="-27.68852" lon="-70.48083"/><trkpt lat="-27.68833" lon="-70.48082"/><trkpt lat="-27.68812" lon="-70.48080"/><trkpt lat="-27.68793" lon="-70.48077"/><trkpt lat="-27.68770" lon="-70.48073"/><trkpt lat="-27.68746" lon="-70.48068"/><trkpt lat="-27.68724" lon="-70.48063"/><trkpt lat="-27.68705" lon="-70.48058"/><trkpt lat="-27.68683" lon="-70.48051"/><trkpt lat="-27.68663" lon="-70.48044"/><trkpt lat="-27.68644" lon="-70.48036"/><trkpt lat="-27.68626" lon="-70.48028"/><trkpt lat="-27.68605" lon="-70.48018"/><trkpt lat="-27.68585" lon="-70.48007"/><trkpt lat="-27.68566" lon="-70.47996"/><trkpt lat="-27.68546" lon="-70.47983"/><trkpt lat="-27.68527" lon="-70.47970"/><trkpt lat="-27.68505" lon="-70.47954"/><trkpt lat="-27.68472" lon="-70.47929"/><trkpt lat="-27.68364" lon="-70.47844"/><trkpt lat="-27.68226" lon="-70.47734"/><trkpt lat="-27.68024" lon="-70.47573"/><trkpt lat="-27.67839" lon="-70.47427"/><trkpt lat="-27.67803" lon="-70.47400"/><trkpt lat="-27.67775" lon="-70.47379"/><trkpt lat="-27.67737" lon="-70.47352"/><trkpt lat="-27.67704" lon="-70.47329"/><trkpt lat="-27.67681" lon="-70.47314"/><trkpt lat="-27.67663" lon="-70.47303"/><trkpt lat="-27.67646" lon="-70.47292"/><trkpt lat="-27.67621" lon="-70.47279"/><trkpt lat="-27.67594" lon="-70.47264"/><trkpt lat="-27.67564" lon="-70.47248"/><trkpt lat="-27.67540" lon="-70.47236"/><trkpt lat="-27.67512" lon="-70.47221"/><trkpt lat="-27.67479" lon="-70.47205"/><trkpt lat="-27.67448" lon="-70.47191"/><trkpt lat="-27.67431" lon="-70.47183"/><trkpt lat="-27.67411" lon="-70.47174"/><trkpt lat="-27.67387" lon="-70.47165"/><trkpt lat="-27.67365" lon="-70.47155"/><trkpt lat="-27.67342" lon="-70.47147"/><trkpt lat="-27.67312" lon="-70.47136"/><trkpt lat="-27.67279" lon="-70.47125"/><trkpt lat="-27.67250" lon="-70.47116"/><trkpt lat="-27.67224" lon="-70.47109"/><trkpt lat="-27.67184" lon="-70.47098"/><trkpt lat="-27.67118" lon="-70.47080"/><trkpt lat="-27.66626" lon="-70.46951"/><trkpt lat="-27.66284" lon="-70.46862"/><trkpt lat="-27.65827" lon="-70.46742"/><trkpt lat="-27.65533" lon="-70.46667"/><trkpt lat="-27.64583" lon="-70.46419"/><trkpt lat="-27.63850" lon="-70.46229"/><trkpt lat="-27.63698" lon="-70.46188"/><trkpt lat="-27.63646" lon="-70.46174"/><trkpt lat="-27.62733" lon="-70.45937"/><trkpt lat="-27.62231" lon="-70.45806"/><trkpt lat="-27.62013" lon="-70.45749"/><trkpt lat="-27.61813" lon="-70.45697"/><trkpt lat="-27.61571" lon="-70.45634"/><trkpt lat="-27.61254" lon="-70.45551"/><trkpt lat="-27.60959" lon="-70.45475"/><trkpt lat="-27.60638" lon="-70.45395"/><trkpt lat="-27.60341" lon="-70.45317"/><trkpt lat="-27.60073" lon="-70.45248"/><trkpt lat="-27.59804" lon="-70.45175"/><trkpt lat="-27.59759" lon="-70.45163"/><trkpt lat="-27.59081" lon="-70.44987"/><trkpt lat="-27.58399" lon="-70.44809"/><trkpt lat="-27.57793" lon="-70.44651"/><trkpt lat="-27.57686" lon="-70.44624"/><trkpt lat="-27.57008" lon="-70.44447"/><trkpt lat="-27.56538" lon="-70.44326"/><trkpt lat="-27.56451" lon="-70.44304"/><trkpt lat="-27.56396" lon="-70.44290"/><trkpt lat="-27.56349" lon="-70.44280"/><trkpt lat="-27.56320" lon="-70.44274"/><trkpt lat="-27.56277" lon="-70.44266"/><trkpt lat="-27.56251" lon="-70.44260"/><trkpt lat="-27.56226" lon="-70.44255"/><trkpt lat="-27.56150" lon="-70.44235"/><trkpt lat="-27.56013" lon="-70.44196"/><trkpt lat="-27.55976" lon="-70.44185"/><trkpt lat="-27.55809" lon="-70.44141"/><trkpt lat="-27.55631" lon="-70.44096"/><trkpt lat="-27.55594" lon="-70.44087"/><trkpt lat="-27.55369" lon="-70.44035"/><trkpt lat="-27.55342" lon="-70.44029"/><trkpt lat="-27.55316" lon="-70.44025"/><trkpt lat="-27.55292" lon="-70.44021"/><trkpt lat="-27.55272" lon="-70.44020"/><trkpt lat="-27.55251" lon="-70.44019"/><trkpt lat="-27.55231" lon="-70.44019"/><trkpt lat="-27.55210" lon="-70.44020"/><trkpt lat="-27.55189" lon="-70.44021"/><trkpt lat="-27.55169" lon="-70.44023"/><trkpt lat="-27.55148" lon="-70.44026"/><trkpt lat="-27.55128" lon="-70.44029"/><trkpt lat="-27.55105" lon="-70.44034"/><trkpt lat="-27.55083" lon="-70.44039"/><trkpt lat="-27.55061" lon="-70.44046"/><trkpt lat="-27.55008" lon="-70.44061"/><trkpt lat="-27.54966" lon="-70.44073"/><trkpt lat="-27.54917" lon="-70.44088"/><trkpt lat="-27.54873" lon="-70.44104"/><trkpt lat="-27.54275" lon="-70.44321"/><trkpt lat="-27.54071" lon="-70.44395"/><trkpt lat="-27.53733" lon="-70.44517"/><trkpt lat="-27.53504" lon="-70.44599"/><trkpt lat="-27.53400" lon="-70.44638"/><trkpt lat="-27.53318" lon="-70.44670"/><trkpt lat="-27.53229" lon="-70.44708"/><trkpt lat="-27.53093" lon="-70.44759"/><trkpt lat="-27.52959" lon="-70.44807"/><trkpt lat="-27.52905" lon="-70.44826"/><trkpt lat="-27.52779" lon="-70.44871"/><trkpt lat="-27.52727" lon="-70.44887"/><trkpt lat="-27.52675" lon="-70.44901"/><trkpt lat="-27.52623" lon="-70.44912"/><trkpt lat="-27.52572" lon="-70.44920"/><trkpt lat="-27.52523" lon="-70.44925"/><trkpt lat="-27.52474" lon="-70.44928"/><trkpt lat="-27.52397" lon="-70.44929"/><trkpt lat="-27.52247" lon="-70.44925"/><trkpt lat="-27.51832" lon="-70.44907"/><trkpt lat="-27.51529" lon="-70.44900"/><trkpt lat="-27.51136" lon="-70.44898"/><trkpt lat="-27.50734" lon="-70.44904"/><trkpt lat="-27.50566" lon="-70.44908"/><trkpt lat="-27.50176" lon="-70.44914"/><trkpt lat="-27.49941" lon="-70.44916"/><trkpt lat="-27.49835" lon="-70.44918"/><trkpt lat="-27.49769" lon="-70.44918"/><trkpt lat="-27.49463" lon="-70.44912"/><trkpt lat="-27.48387" lon="-70.44856"/><trkpt lat="-27.47123" lon="-70.44768"/><trkpt lat="-27.46508" lon="-70.44712"/><trkpt lat="-27.46242" lon="-70.44689"/><trkpt lat="-27.46019" lon="-70.44675"/><trkpt lat="-27.45951" lon="-70.44675"/><trkpt lat="-27.45853" lon="-70.44681"/><trkpt lat="-27.45741" lon="-70.44699"/><trkpt lat="-27.45627" lon="-70.44728"/><trkpt lat="-27.45321" lon="-70.44817"/><trkpt lat="-27.45258" lon="-70.44834"/><trkpt lat="-27.45202" lon="-70.44845"/><trkpt lat="-27.45157" lon="-70.44850"/><trkpt lat="-27.45104" lon="-70.44850"/><trkpt lat="-27.45012" lon="-70.44847"/><trkpt lat="-27.44870" lon="-70.44825"/><trkpt lat="-27.44262" lon="-70.44725"/><trkpt lat="-27.43436" lon="-70.44594"/><trkpt lat="-27.43084" lon="-70.44549"/><trkpt lat="-27.42568" lon="-70.44486"/><trkpt lat="-27.42218" lon="-70.44446"/><trkpt lat="-27.42101" lon="-70.44433"/><trkpt lat="-27.42016" lon="-70.44425"/><trkpt lat="-27.41958" lon="-70.44421"/><trkpt lat="-27.41865" lon="-70.44418"/><trkpt lat="-27.41388" lon="-70.44415"/><trkpt lat="-27.41311" lon="-70.44413"/><trkpt lat="-27.41231" lon="-70.44409"/><trkpt lat="-27.41033" lon="-70.44397"/><trkpt lat="-27.40794" lon="-70.44380"/><trkpt lat="-27.40482" lon="-70.44359"/><trkpt lat="-27.40379" lon="-70.44349"/><trkpt lat="-27.40231" lon="-70.44328"/><trkpt lat="-27.39663" lon="-70.44249"/><trkpt lat="-27.39621" lon="-70.44241"/><trkpt lat="-27.39590" lon="-70.44233"/><trkpt lat="-27.39562" lon="-70.44224"/><trkpt lat="-27.39532" lon="-70.44211"/><trkpt lat="-27.39501" lon="-70.44196"/><trkpt lat="-27.39472" lon="-70.44180"/><trkpt lat="-27.39438" lon="-70.44157"/><trkpt lat="-27.39414" lon="-70.44138"/><trkpt lat="-27.39393" lon="-70.44119"/><trkpt lat="-27.39376" lon="-70.44102"/><trkpt lat="-27.39354" lon="-70.44079"/><trkpt lat="-27.39292" lon="-70.44004"/><trkpt lat="-27.39264" lon="-70.43972"/><trkpt lat="-27.39240" lon="-70.43946"/><trkpt lat="-27.39217" lon="-70.43924"/><trkpt lat="-27.39189" lon="-70.43898"/><trkpt lat="-27.39162" lon="-70.43875"/><trkpt lat="-27.39130" lon="-70.43850"/><trkpt lat="-27.39093" lon="-70.43823"/><trkpt lat="-27.38944" lon="-70.43728"/><trkpt lat="-27.38918" lon="-70.43710"/><trkpt lat="-27.38891" lon="-70.43689"/><trkpt lat="-27.38867" lon="-70.43668"/><trkpt lat="-27.38841" lon="-70.43643"/><trkpt lat="-27.38811" lon="-70.43613"/><trkpt lat="-27.38775" lon="-70.43574"/><trkpt lat="-27.38674" lon="-70.43459"/><trkpt lat="-27.38445" lon="-70.43198"/><trkpt lat="-27.38342" lon="-70.43081"/><trkpt lat="-27.38277" lon="-70.43005"/><trkpt lat="-27.38257" lon="-70.42986"/><trkpt lat="-27.38241" lon="-70.42973"/><trkpt lat="-27.38221" lon="-70.42963"/><trkpt lat="-27.38200" lon="-70.42955"/><trkpt lat="-27.38178" lon="-70.42950"/><trkpt lat="-27.38159" lon="-70.42949"/><trkpt lat="-27.38138" lon="-70.42951"/><trkpt lat="-27.38116" lon="-70.42956"/><trkpt lat="-27.38096" lon="-70.42965"/><trkpt lat="-27.38067" lon="-70.42982"/><trkpt lat="-27.38025" lon="-70.43015"/><trkpt lat="-27.37938" lon="-70.43086"/><trkpt lat="-27.37735" lon="-70.43249"/><trkpt lat="-27.37675" lon="-70.43299"/><trkpt lat="-27.37632" lon="-70.43336"/><trkpt lat="-27.37598" lon="-70.43369"/><trkpt lat="-27.37559" lon="-70.43409"/><trkpt lat="-27.37488" lon="-70.43484"/><trkpt lat="-27.37452" lon="-70.43527"/><trkpt lat="-27.37409" lon="-70.43582"/><trkpt lat="-27.37327" lon="-70.43679"/><trkpt lat="-27.37293" lon="-70.43716"/><trkpt lat="-27.37252" lon="-70.43755"/><trkpt lat="-27.37213" lon="-70.43789"/><trkpt lat="-27.37181" lon="-70.43812"/><trkpt lat="-27.37146" lon="-70.43834"/><trkpt lat="-27.37110" lon="-70.43854"/><trkpt lat="-27.37075" lon="-70.43870"/><trkpt lat="-27.37042" lon="-70.43884"/><trkpt lat="-27.37003" lon="-70.43897"/><trkpt lat="-27.36966" lon="-70.43906"/><trkpt lat="-27.36918" lon="-70.43915"/><trkpt lat="-27.36880" lon="-70.43919"/><trkpt lat="-27.36834" lon="-70.43922"/><trkpt lat="-27.36795" lon="-70.43921"/><trkpt lat="-27.36757" lon="-70.43918"/><trkpt lat="-27.36717" lon="-70.43912"/><trkpt lat="-27.36581" lon="-70.43878"/><trkpt lat="-27.36350" lon="-70.43821"/><trkpt lat="-27.36233" lon="-70.43795"/><trkpt lat="-27.36067" lon="-70.43764"/><trkpt lat="-27.35907" lon="-70.43736"/><trkpt lat="-27.35868" lon="-70.43731"/><trkpt lat="-27.35840" lon="-70.43730"/><trkpt lat="-27.35812" lon="-70.43731"/><trkpt lat="-27.35785" lon="-70.43735"/><trkpt lat="-27.35753" lon="-70.43742"/><trkpt lat="-27.35727" lon="-70.43751"/><trkpt lat="-27.35689" lon="-70.43769"/><trkpt lat="-27.35543" lon="-70.43848"/><trkpt lat="-27.35504" lon="-70.43868"/><trkpt lat="-27.35476" lon="-70.43880"/><trkpt lat="-27.35448" lon="-70.43889"/><trkpt lat="-27.35420" lon="-70.43896"/><trkpt lat="-27.35257" lon="-70.43927"/><trkpt lat="-27.35222" lon="-70.43935"/><trkpt lat="-27.35187" lon="-70.43944"/><trkpt lat="-27.35158" lon="-70.43954"/><trkpt lat="-27.35126" lon="-70.43968"/><trkpt lat="-27.35094" lon="-70.43986"/><trkpt lat="-27.34985" lon="-70.44054"/><trkpt lat="-27.34482" lon="-70.44365"/><trkpt lat="-27.34420" lon="-70.44404"/><trkpt lat="-27.34390" lon="-70.44426"/><trkpt lat="-27.34367" lon="-70.44445"/><trkpt lat="-27.34333" lon="-70.44474"/><trkpt lat="-27.34303" lon="-70.44503"/><trkpt lat="-27.34269" lon="-70.44540"/><trkpt lat="-27.34233" lon="-70.44578"/><trkpt lat="-27.34203" lon="-70.44605"/><trkpt lat="-27.34171" lon="-70.44628"/><trkpt lat="-27.34140" lon="-70.44647"/><trkpt lat="-27.34108" lon="-70.44661"/><trkpt lat="-27.34066" lon="-70.44675"/><trkpt lat="-27.34029" lon="-70.44683"/><trkpt lat="-27.33991" lon="-70.44688"/><trkpt lat="-27.33954" lon="-70.44687"/><trkpt lat="-27.33921" lon="-70.44684"/><trkpt lat="-27.33699" lon="-70.44651"/><trkpt lat="-27.33664" lon="-70.44648"/><trkpt lat="-27.33630" lon="-70.44649"/><trkpt lat="-27.33597" lon="-70.44654"/><trkpt lat="-27.33498" lon="-70.44678"/><trkpt lat="-27.33458" lon="-70.44686"/><trkpt lat="-27.33422" lon="-70.44689"/><trkpt lat="-27.33384" lon="-70.44687"/><trkpt lat="-27.33345" lon="-70.44680"/><trkpt lat="-27.33310" lon="-70.44670"/><trkpt lat="-27.33276" lon="-70.44656"/><trkpt lat="-27.33236" lon="-70.44635"/><trkpt lat="-27.33200" lon="-70.44610"/><trkpt lat="-27.33113" lon="-70.44546"/><trkpt lat="-27.33085" lon="-70.44531"/><trkpt lat="-27.33055" lon="-70.44518"/><trkpt lat="-27.33025" lon="-70.44509"/><trkpt lat="-27.32992" lon="-70.44502"/><trkpt lat="-27.32960" lon="-70.44499"/><trkpt lat="-27.32927" lon="-70.44498"/><trkpt lat="-27.32754" lon="-70.44490"/><trkpt lat="-27.32529" lon="-70.44481"/><trkpt lat="-27.32467" lon="-70.44476"/><trkpt lat="-27.32363" lon="-70.44465"/><trkpt lat="-27.32341" lon="-70.44462"/><trkpt lat="-27.32319" lon="-70.44455"/><trkpt lat="-27.32298" lon="-70.44446"/><trkpt lat="-27.32265" lon="-70.44432"/><trkpt lat="-27.32241" lon="-70.44424"/><trkpt lat="-27.32214" lon="-70.44417"/><trkpt lat="-27.32181" lon="-70.44412"/><trkpt lat="-27.32142" lon="-70.44410"/><trkpt lat="-27.32106" lon="-70.44411"/><trkpt lat="-27.32088" lon="-70.44413"/><trkpt lat="-27.32060" lon="-70.44419"/><trkpt lat="-27.32033" lon="-70.44428"/><trkpt lat="-27.31998" lon="-70.44442"/><trkpt lat="-27.31965" lon="-70.44459"/><trkpt lat="-27.31936" lon="-70.44476"/><trkpt lat="-27.31909" lon="-70.44497"/><trkpt lat="-27.31881" lon="-70.44521"/><trkpt lat="-27.31856" lon="-70.44549"/><trkpt lat="-27.31830" lon="-70.44585"/><trkpt lat="-27.31811" lon="-70.44617"/><trkpt lat="-27.31790" lon="-70.44661"/><trkpt lat="-27.31774" lon="-70.44713"/><trkpt lat="-27.31763" lon="-70.44761"/><trkpt lat="-27.31759" lon="-70.44803"/><trkpt lat="-27.31759" lon="-70.44852"/><trkpt lat="-27.31762" lon="-70.44900"/><trkpt lat="-27.31770" lon="-70.44945"/><trkpt lat="-27.31847" lon="-70.45235"/><trkpt lat="-27.31862" lon="-70.45297"/><trkpt lat="-27.31871" lon="-70.45345"/><trkpt lat="-27.31875" lon="-70.45398"/><trkpt lat="-27.31875" lon="-70.45447"/><trkpt lat="-27.31869" lon="-70.45502"/><trkpt lat="-27.31858" lon="-70.45557"/><trkpt lat="-27.31844" lon="-70.45605"/><trkpt lat="-27.31828" lon="-70.45644"/><trkpt lat="-27.31805" lon="-70.45689"/><trkpt lat="-27.31779" lon="-70.45731"/><trkpt lat="-27.31751" lon="-70.45767"/><trkpt lat="-27.31714" lon="-70.45806"/><trkpt lat="-27.31676" lon="-70.45837"/><trkpt lat="-27.31640" lon="-70.45862"/><trkpt lat="-27.31605" lon="-70.45881"/><trkpt lat="-27.31568" lon="-70.45897"/><trkpt lat="-27.31528" lon="-70.45910"/><trkpt lat="-27.31490" lon="-70.45918"/><trkpt lat="-27.31452" lon="-70.45922"/><trkpt lat="-27.31414" lon="-70.45923"/><trkpt lat="-27.31376" lon="-70.45921"/><trkpt lat="-27.31102" lon="-70.45889"/><trkpt lat="-27.31067" lon="-70.45888"/><trkpt lat="-27.31031" lon="-70.45891"/><trkpt lat="-27.30993" lon="-70.45898"/><trkpt lat="-27.30960" lon="-70.45910"/><trkpt lat="-27.30927" lon="-70.45924"/><trkpt lat="-27.30898" lon="-70.45938"/><trkpt lat="-27.30867" lon="-70.45959"/><trkpt lat="-27.30841" lon="-70.45981"/><trkpt lat="-27.30675" lon="-70.46142"/><trkpt lat="-27.30650" lon="-70.46165"/><trkpt lat="-27.30624" lon="-70.46186"/><trkpt lat="-27.30596" lon="-70.46204"/><trkpt lat="-27.30564" lon="-70.46222"/><trkpt lat="-27.30531" lon="-70.46235"/><trkpt lat="-27.30497" lon="-70.46245"/><trkpt lat="-27.30273" lon="-70.46287"/><trkpt lat="-27.30240" lon="-70.46294"/><trkpt lat="-27.30208" lon="-70.46305"/><trkpt lat="-27.30174" lon="-70.46319"/><trkpt lat="-27.30139" lon="-70.46338"/><trkpt lat="-27.30106" lon="-70.46361"/><trkpt lat="-27.30075" lon="-70.46387"/><trkpt lat="-27.30055" lon="-70.46406"/><trkpt lat="-27.29940" lon="-70.46512"/><trkpt lat="-27.29838" lon="-70.46605"/><trkpt lat="-27.29732" lon="-70.46706"/><trkpt lat="-27.29662" lon="-70.46777"/><trkpt lat="-27.29633" lon="-70.46806"/><trkpt lat="-27.29615" lon="-70.46828"/><trkpt lat="-27.29599" lon="-70.46851"/><trkpt lat="-27.29585" lon="-70.46875"/><trkpt lat="-27.29568" lon="-70.46908"/><trkpt lat="-27.29554" lon="-70.46942"/><trkpt lat="-27.29543" lon="-70.46977"/><trkpt lat="-27.29534" lon="-70.47013"/><trkpt lat="-27.29528" lon="-70.47051"/><trkpt lat="-27.29525" lon="-70.47088"/><trkpt lat="-27.29524" lon="-70.47137"/><trkpt lat="-27.29529" lon="-70.47182"/><trkpt lat="-27.29537" lon="-70.47231"/><trkpt lat="-27.29550" lon="-70.47277"/><trkpt lat="-27.29666" lon="-70.47661"/><trkpt lat="-27.29683" lon="-70.47733"/><trkpt lat="-27.29690" lon="-70.47783"/><trkpt lat="-27.29695" lon="-70.47835"/><trkpt lat="-27.29716" lon="-70.48078"/><trkpt lat="-27.29750" lon="-70.48473"/><trkpt lat="-27.29756" lon="-70.48526"/><trkpt lat="-27.29763" lon="-70.48565"/><trkpt lat="-27.29772" lon="-70.48603"/><trkpt lat="-27.29785" lon="-70.48640"/><trkpt lat="-27.29800" lon="-70.48674"/><trkpt lat="-27.29814" lon="-70.48701"/><trkpt lat="-27.29830" lon="-70.48728"/><trkpt lat="-27.29848" lon="-70.48753"/><trkpt lat="-27.29865" lon="-70.48773"/><trkpt lat="-27.29883" lon="-70.48792"/><trkpt lat="-27.29900" lon="-70.48808"/><trkpt lat="-27.29916" lon="-70.48822"/><trkpt lat="-27.29933" lon="-70.48835"/><trkpt lat="-27.29951" lon="-70.48848"/><trkpt lat="-27.30055" lon="-70.48911"/><trkpt lat="-27.30438" lon="-70.49148"/><trkpt lat="-27.30529" lon="-70.49202"/><trkpt lat="-27.30749" lon="-70.49332"/><trkpt lat="-27.30797" lon="-70.49362"/><trkpt lat="-27.30878" lon="-70.49413"/><trkpt lat="-27.30911" lon="-70.49436"/><trkpt lat="-27.30935" lon="-70.49455"/><trkpt lat="-27.30958" lon="-70.49476"/><trkpt lat="-27.30981" lon="-70.49501"/><trkpt lat="-27.31004" lon="-70.49529"/><trkpt lat="-27.31028" lon="-70.49562"/><trkpt lat="-27.31045" lon="-70.49591"/><trkpt lat="-27.31057" lon="-70.49616"/><trkpt lat="-27.31070" lon="-70.49645"/><trkpt lat="-27.31083" lon="-70.49676"/><trkpt lat="-27.31095" lon="-70.49714"/><trkpt lat="-27.31120" lon="-70.49824"/><trkpt lat="-27.31145" lon="-70.49934"/><trkpt lat="-27.31159" lon="-70.50015"/><trkpt lat="-27.31177" lon="-70.50133"/><trkpt lat="-27.31196" lon="-70.50229"/><trkpt lat="-27.31231" lon="-70.50365"/><trkpt lat="-27.31265" lon="-70.50493"/><trkpt lat="-27.31290" lon="-70.50573"/><trkpt lat="-27.31326" lon="-70.50679"/><trkpt lat="-27.31369" lon="-70.50798"/><trkpt lat="-27.31389" lon="-70.50856"/><trkpt lat="-27.31407" lon="-70.50912"/><trkpt lat="-27.31572" lon="-70.51529"/><trkpt lat="-27.31621" lon="-70.51717"/><trkpt lat="-27.31817" lon="-70.52444"/><trkpt lat="-27.31978" lon="-70.53045"/><trkpt lat="-27.32105" lon="-70.53508"/><trkpt lat="-27.32136" lon="-70.53624"/><trkpt lat="-27.32156" lon="-70.53696"/><trkpt lat="-27.32167" lon="-70.53738"/><trkpt lat="-27.32220" lon="-70.53945"/><trkpt lat="-27.32288" lon="-70.54199"/><trkpt lat="-27.32379" lon="-70.54536"/><trkpt lat="-27.32479" lon="-70.54910"/><trkpt lat="-27.32612" lon="-70.55402"/><trkpt lat="-27.32740" lon="-70.55881"/><trkpt lat="-27.32842" lon="-70.56261"/><trkpt lat="-27.32927" lon="-70.56575"/><trkpt lat="-27.32946" lon="-70.56662"/><trkpt lat="-27.32977" lon="-70.56832"/><trkpt lat="-27.32998" lon="-70.56933"/><trkpt lat="-27.33024" lon="-70.57039"/><trkpt lat="-27.33042" lon="-70.57106"/><trkpt lat="-27.33077" lon="-70.57227"/><trkpt lat="-27.33122" lon="-70.57349"/><trkpt lat="-27.33149" lon="-70.57423"/><trkpt lat="-27.33166" lon="-70.57474"/><trkpt lat="-27.33202" lon="-70.57604"/><trkpt lat="-27.33312" lon="-70.58014"/><trkpt lat="-27.33484" lon="-70.58657"/><trkpt lat="-27.33768" lon="-70.59720"/><trkpt lat="-27.33806" lon="-70.59859"/><trkpt lat="-27.33850" lon="-70.60023"/><trkpt lat="-27.33872" lon="-70.60107"/><trkpt lat="-27.33958" lon="-70.60431"/><trkpt lat="-27.34013" lon="-70.60630"/><trkpt lat="-27.34064" lon="-70.60815"/><trkpt lat="-27.34149" lon="-70.61137"/><trkpt lat="-27.34163" lon="-70.61195"/><trkpt lat="-27.34174" lon="-70.61247"/><trkpt lat="-27.34183" lon="-70.61303"/><trkpt lat="-27.34201" lon="-70.61416"/><trkpt lat="-27.34213" lon="-70.61472"/><trkpt lat="-27.34251" lon="-70.61626"/><trkpt lat="-27.34278" lon="-70.61726"/><trkpt lat="-27.34305" lon="-70.61820"/><trkpt lat="-27.34326" lon="-70.61882"/><trkpt lat="-27.34346" lon="-70.61937"/><trkpt lat="-27.34382" lon="-70.62031"/><trkpt lat="-27.34402" lon="-70.62086"/><trkpt lat="-27.34421" lon="-70.62140"/><trkpt lat="-27.34475" lon="-70.62344"/><trkpt lat="-27.34585" lon="-70.62761"/><trkpt lat="-27.34636" lon="-70.62958"/><trkpt lat="-27.34731" lon="-70.63314"/><trkpt lat="-27.34740" lon="-70.63345"/><trkpt lat="-27.34769" lon="-70.63455"/><trkpt lat="-27.34816" lon="-70.63631"/><trkpt lat="-27.34819" lon="-70.63644"/><trkpt lat="-27.34859" lon="-70.63794"/><trkpt lat="-27.34955" lon="-70.64152"/><trkpt lat="-27.35172" lon="-70.64966"/><trkpt lat="-27.35229" lon="-70.65179"/><trkpt lat="-27.35263" lon="-70.65306"/><trkpt lat="-27.35286" lon="-70.65393"/><trkpt lat="-27.35331" lon="-70.65563"/><trkpt lat="-27.35364" lon="-70.65683"/><trkpt lat="-27.35500" lon="-70.66194"/><trkpt lat="-27.35514" lon="-70.66250"/><trkpt lat="-27.35522" lon="-70.66286"/><trkpt lat="-27.35530" lon="-70.66323"/><trkpt lat="-27.35535" lon="-70.66359"/><trkpt lat="-27.35540" lon="-70.66396"/><trkpt lat="-27.35543" lon="-70.66433"/><trkpt lat="-27.35545" lon="-70.66470"/><trkpt lat="-27.35546" lon="-70.66507"/><trkpt lat="-27.35546" lon="-70.66545"/><trkpt lat="-27.35544" lon="-70.66582"/><trkpt lat="-27.35542" lon="-70.66619"/><trkpt lat="-27.35537" lon="-70.66657"/><trkpt lat="-27.35532" lon="-70.66695"/><trkpt lat="-27.35525" lon="-70.66733"/><trkpt lat="-27.35517" lon="-70.66771"/><trkpt lat="-27.35507" lon="-70.66808"/><trkpt lat="-27.35497" lon="-70.66845"/><trkpt lat="-27.35485" lon="-70.66881"/><trkpt lat="-27.35471" lon="-70.66917"/><trkpt lat="-27.35457" lon="-70.66952"/><trkpt lat="-27.35436" lon="-70.66999"/><trkpt lat="-27.35220" lon="-70.67485"/><trkpt lat="-27.35077" lon="-70.67807"/><trkpt lat="-27.34965" lon="-70.68059"/><trkpt lat="-27.34941" lon="-70.68111"/><trkpt lat="-27.34922" lon="-70.68151"/><trkpt lat="-27.34904" lon="-70.68186"/><trkpt lat="-27.34890" lon="-70.68213"/><trkpt lat="-27.34876" lon="-70.68239"/><trkpt lat="-27.34855" lon="-70.68276"/><trkpt lat="-27.34843" lon="-70.68297"/><trkpt lat="-27.34818" lon="-70.68339"/><trkpt lat="-27.34796" lon="-70.68380"/><trkpt lat="-27.34777" lon="-70.68416"/><trkpt lat="-27.34761" lon="-70.68449"/><trkpt lat="-27.34746" lon="-70.68480"/><trkpt lat="-27.34713" lon="-70.68556"/><trkpt lat="-27.34647" lon="-70.68703"/><trkpt lat="-27.34630" lon="-70.68745"/><trkpt lat="-27.34617" lon="-70.68777"/><trkpt lat="-27.34602" lon="-70.68819"/><trkpt lat="-27.34586" lon="-70.68864"/><trkpt lat="-27.34566" lon="-70.68926"/><trkpt lat="-27.34552" lon="-70.68965"/><trkpt lat="-27.34534" lon="-70.69012"/><trkpt lat="-27.34513" lon="-70.69063"/><trkpt lat="-27.34485" lon="-70.69127"/><trkpt lat="-27.34319" lon="-70.69498"/><trkpt lat="-27.33876" lon="-70.70471"/><trkpt lat="-27.33552" lon="-70.71215"/><trkpt lat="-27.33343" lon="-70.71692"/><trkpt lat="-27.33042" lon="-70.72368"/><trkpt lat="-27.32878" lon="-70.72739"/><trkpt lat="-27.32857" lon="-70.72780"/><trkpt lat="-27.32845" lon="-70.72802"/><trkpt lat="-27.32832" lon="-70.72824"/><trkpt lat="-27.32819" lon="-70.72845"/><trkpt lat="-27.32806" lon="-70.72866"/><trkpt lat="-27.32792" lon="-70.72886"/><trkpt lat="-27.32777" lon="-70.72906"/><trkpt lat="-27.32762" lon="-70.72925"/><trkpt lat="-27.32746" lon="-70.72944"/><trkpt lat="-27.32730" lon="-70.72962"/><trkpt lat="-27.32714" lon="-70.72980"/><trkpt lat="-27.32698" lon="-70.72997"/><trkpt lat="-27.32681" lon="-70.73013"/><trkpt lat="-27.32664" lon="-70.73028"/><trkpt lat="-27.32647" lon="-70.73043"/><trkpt lat="-27.32630" lon="-70.73058"/><trkpt lat="-27.32612" lon="-70.73071"/><trkpt lat="-27.32594" lon="-70.73085"/><trkpt lat="-27.32575" lon="-70.73098"/><trkpt lat="-27.32555" lon="-70.73111"/><trkpt lat="-27.32503" lon="-70.73146"/><trkpt lat="-27.32465" lon="-70.73174"/><trkpt lat="-27.32426" lon="-70.73204"/><trkpt lat="-27.32367" lon="-70.73252"/><trkpt lat="-27.32286" lon="-70.73320"/><trkpt lat="-27.32203" lon="-70.73388"/><trkpt lat="-27.32161" lon="-70.73422"/><trkpt lat="-27.31896" lon="-70.73640"/><trkpt lat="-27.31502" lon="-70.73967"/><trkpt lat="-27.31371" lon="-70.74076"/><trkpt lat="-27.31312" lon="-70.74128"/><trkpt lat="-27.31291" lon="-70.74148"/><trkpt lat="-27.31198" lon="-70.74242"/><trkpt lat="-27.31169" lon="-70.74270"/><trkpt lat="-27.31141" lon="-70.74297"/><trkpt lat="-27.31060" lon="-70.74366"/><trkpt lat="-27.30934" lon="-70.74471"/><trkpt lat="-27.30865" lon="-70.74528"/><trkpt lat="-27.30487" lon="-70.74842"/><trkpt lat="-27.29970" lon="-70.75269"/><trkpt lat="-27.29639" lon="-70.75544"/><trkpt lat="-27.29589" lon="-70.75585"/><trkpt lat="-27.29558" lon="-70.75609"/><trkpt lat="-27.29532" lon="-70.75628"/><trkpt lat="-27.29506" lon="-70.75645"/><trkpt lat="-27.29479" lon="-70.75662"/><trkpt lat="-27.29454" lon="-70.75676"/><trkpt lat="-27.29431" lon="-70.75688"/><trkpt lat="-27.29408" lon="-70.75700"/><trkpt lat="-27.29384" lon="-70.75711"/><trkpt lat="-27.29357" lon="-70.75723"/><trkpt lat="-27.29333" lon="-70.75732"/><trkpt lat="-27.28377" lon="-70.76104"/><trkpt lat="-27.27086" lon="-70.76604"/><trkpt lat="-27.26496" lon="-70.76838"/><trkpt lat="-27.26396" lon="-70.76878"/><trkpt lat="-27.26238" lon="-70.76940"/><trkpt lat="-27.26123" lon="-70.76984"/><trkpt lat="-27.25548" lon="-70.77204"/><trkpt lat="-27.25442" lon="-70.77245"/><trkpt lat="-27.24512" lon="-70.77606"/><trkpt lat="-27.24065" lon="-70.77781"/><trkpt lat="-27.22770" lon="-70.78284"/><trkpt lat="-27.21740" lon="-70.78683"/><trkpt lat="-27.20988" lon="-70.78972"/><trkpt lat="-27.20100" lon="-70.79321"/><trkpt lat="-27.19996" lon="-70.79361"/><trkpt lat="-27.18730" lon="-70.79853"/><trkpt lat="-27.18058" lon="-70.80114"/><trkpt lat="-27.17683" lon="-70.80259"/><trkpt lat="-27.17644" lon="-70.80273"/><trkpt lat="-27.17618" lon="-70.80282"/><trkpt lat="-27.17595" lon="-70.80289"/><trkpt lat="-27.17567" lon="-70.80297"/><trkpt lat="-27.17542" lon="-70.80303"/><trkpt lat="-27.17516" lon="-70.80308"/><trkpt lat="-27.17493" lon="-70.80312"/><trkpt lat="-27.17467" lon="-70.80316"/><trkpt lat="-27.17441" lon="-70.80318"/><trkpt lat="-27.17395" lon="-70.80321"/><trkpt lat="-27.17357" lon="-70.80322"/><trkpt lat="-27.17306" lon="-70.80322"/><trkpt lat="-27.16292" lon="-70.80282"/><trkpt lat="-27.15847" lon="-70.80265"/><trkpt lat="-27.15810" lon="-70.80263"/><trkpt lat="-27.15767" lon="-70.80258"/><trkpt lat="-27.15708" lon="-70.80250"/><trkpt lat="-27.15621" lon="-70.80236"/><trkpt lat="-27.15578" lon="-70.80231"/><trkpt lat="-27.15531" lon="-70.80227"/><trkpt lat="-27.15476" lon="-70.80223"/><trkpt lat="-27.15271" lon="-70.80216"/><trkpt lat="-27.15111" lon="-70.80210"/><trkpt lat="-27.14694" lon="-70.80193"/><trkpt lat="-27.14355" lon="-70.80181"/><trkpt lat="-27.14186" lon="-70.80174"/><trkpt lat="-27.13679" lon="-70.80155"/><trkpt lat="-27.13322" lon="-70.80141"/><trkpt lat="-27.13031" lon="-70.80129"/><trkpt lat="-27.12919" lon="-70.80125"/><trkpt lat="-27.12654" lon="-70.80115"/><trkpt lat="-27.12464" lon="-70.80108"/><trkpt lat="-27.12450" lon="-70.80112"/><trkpt lat="-27.12445" lon="-70.80115"/><trkpt lat="-27.12441" lon="-70.80118"/><trkpt lat="-27.12438" lon="-70.80122"/><trkpt lat="-27.12437" lon="-70.80127"/><trkpt lat="-27.12437" lon="-70.80132"/><trkpt lat="-27.12438" lon="-70.80137"/><trkpt lat="-27.12441" lon="-70.80141"/><trkpt lat="-27.12445" lon="-70.80145"/><trkpt lat="-27.12450" lon="-70.80148"/><trkpt lat="-27.12457" lon="-70.80151"/><trkpt lat="-27.12685" lon="-70.80162"/><trkpt lat="-27.12863" lon="-70.80169"/><trkpt lat="-27.12982" lon="-70.80174"/><trkpt lat="-27.12990" lon="-70.80178"/><trkpt lat="-27.12996" lon="-70.80184"/><trkpt lat="-27.13000" lon="-70.80191"/><trkpt lat="-27.13002" lon="-70.80203"/><trkpt lat="-27.13000" lon="-70.80246"/><trkpt lat="-27.12998" lon="-70.80261"/><trkpt lat="-27.12994" lon="-70.80274"/><trkpt lat="-27.12942" lon="-70.80392"/><trkpt lat="-27.12929" lon="-70.80423"/><trkpt lat="-27.12917" lon="-70.80458"/><trkpt lat="-27.12896" lon="-70.80534"/><trkpt lat="-27.12851" lon="-70.80699"/><trkpt lat="-27.12840" lon="-70.80749"/><trkpt lat="-27.12834" lon="-70.80788"/><trkpt lat="-27.12814" lon="-70.80920"/><trkpt lat="-27.12809" lon="-70.80941"/><trkpt lat="-27.12803" lon="-70.80961"/><trkpt lat="-27.12796" lon="-70.80981"/><trkpt lat="-27.12783" lon="-70.81006"/><trkpt lat="-27.12771" lon="-70.81028"/><trkpt lat="-27.12759" lon="-70.81045"/><trkpt lat="-27.12550" lon="-70.81342"/><trkpt lat="-27.10829" lon="-70.84122"/><trkpt lat="-27.10720" lon="-70.84286"/><trkpt lat="-27.10643" lon="-70.84412"/><trkpt lat="-27.10476" lon="-70.84680"/><trkpt lat="-27.10431" lon="-70.84762"/><trkpt lat="-27.10371" lon="-70.84854"/><trkpt lat="-27.10360" lon="-70.84868"/><trkpt lat="-27.10350" lon="-70.84876"/><trkpt lat="-27.10242" lon="-70.84941"/><trkpt lat="-27.10181" lon="-70.84974"/><trkpt lat="-27.10151" lon="-70.84989"/><trkpt lat="-27.10131" lon="-70.84997"/><trkpt lat="-27.10103" lon="-70.85002"/><trkpt lat="-27.10086" lon="-70.84999"/><trkpt lat="-27.10070" lon="-70.84991"/><trkpt lat="-27.10051" lon="-70.84978"/><trkpt lat="-27.10035" lon="-70.84972"/><trkpt lat="-27.10018" lon="-70.84973"/><trkpt lat="-27.10003" lon="-70.84981"/><trkpt lat="-27.09991" lon="-70.84997"/><trkpt lat="-27.09986" lon="-70.85016"/><trkpt lat="-27.09989" lon="-70.85036"/><trkpt lat="-27.09999" lon="-70.85054"/><trkpt lat="-27.10090" lon="-70.85243"/><trkpt lat="-27.10110" lon="-70.85292"/><trkpt lat="-27.10135" lon="-70.85356"/><trkpt lat="-27.10152" lon="-70.85406"/><trkpt lat="-27.10157" lon="-70.85455"/><trkpt lat="-27.10155" lon="-70.85501"/><trkpt lat="-27.10143" lon="-70.85550"/><trkpt lat="-27.10179" lon="-70.85571"/><trkpt lat="-27.10219" lon="-70.85586"/></trkseg></trk>
<trk><name>Sábado 10: SUP, sandboard en las dunas, Parque Nacional Desierto Florido y atardecer</name><trkseg><trkpt lat="-27.10210" lon="-70.85606"/><trkpt lat="-27.10188" lon="-70.85654"/><trkpt lat="-27.10134" lon="-70.85625"/><trkpt lat="-27.10130" lon="-70.85613"/><trkpt lat="-27.10138" lon="-70.85570"/><trkpt lat="-27.10151" lon="-70.85518"/><trkpt lat="-27.10157" lon="-70.85480"/><trkpt lat="-27.10156" lon="-70.85428"/><trkpt lat="-27.10147" lon="-70.85386"/><trkpt lat="-27.10126" lon="-70.85330"/><trkpt lat="-27.10095" lon="-70.85254"/><trkpt lat="-27.10031" lon="-70.85119"/><trkpt lat="-27.10032" lon="-70.85099"/><trkpt lat="-27.10036" lon="-70.85083"/><trkpt lat="-27.10047" lon="-70.85064"/><trkpt lat="-27.10059" lon="-70.85054"/><trkpt lat="-27.10068" lon="-70.85040"/><trkpt lat="-27.10072" lon="-70.85023"/><trkpt lat="-27.10070" lon="-70.85006"/><trkpt lat="-27.10063" lon="-70.84990"/><trkpt lat="-27.10051" lon="-70.84978"/><trkpt lat="-27.10035" lon="-70.84972"/><trkpt lat="-27.10018" lon="-70.84973"/><trkpt lat="-27.09994" lon="-70.84979"/><trkpt lat="-27.09977" lon="-70.84981"/><trkpt lat="-27.09964" lon="-70.84976"/><trkpt lat="-27.09952" lon="-70.84968"/><trkpt lat="-27.09920" lon="-70.84914"/><trkpt lat="-27.09900" lon="-70.84887"/><trkpt lat="-27.09875" lon="-70.84861"/><trkpt lat="-27.09568" lon="-70.84588"/><trkpt lat="-27.09505" lon="-70.84526"/><trkpt lat="-27.09410" lon="-70.84427"/><trkpt lat="-27.09195" lon="-70.84199"/><trkpt lat="-27.09091" lon="-70.84089"/><trkpt lat="-27.09022" lon="-70.84023"/><trkpt lat="-27.08884" lon="-70.83903"/><trkpt lat="-27.08852" lon="-70.83876"/><trkpt lat="-27.08818" lon="-70.83851"/><trkpt lat="-27.08778" lon="-70.83827"/><trkpt lat="-27.08320" lon="-70.83606"/><trkpt lat="-27.08218" lon="-70.83557"/><trkpt lat="-27.08073" lon="-70.83488"/><trkpt lat="-27.07749" lon="-70.83337"/><trkpt lat="-27.07706" lon="-70.83313"/><trkpt lat="-27.07600" lon="-70.83250"/><trkpt lat="-27.07446" lon="-70.83161"/><trkpt lat="-27.07411" lon="-70.83139"/><trkpt lat="-27.07386" lon="-70.83119"/><trkpt lat="-27.07245" lon="-70.83007"/><trkpt lat="-27.07233" lon="-70.82993"/><trkpt lat="-27.07221" lon="-70.82974"/><trkpt lat="-27.07182" lon="-70.82881"/><trkpt lat="-27.07179" lon="-70.82841"/><trkpt lat="-27.07183" lon="-70.82830"/><trkpt lat="-27.07182" lon="-70.82817"/><trkpt lat="-27.07176" lon="-70.82786"/><trkpt lat="-27.07237" lon="-70.82601"/><trkpt lat="-27.07244" lon="-70.82583"/><trkpt lat="-27.07259" lon="-70.82542"/><trkpt lat="-27.07269" lon="-70.82515"/><trkpt lat="-27.07218" lon="-70.82472"/><trkpt lat="-27.07184" lon="-70.82448"/><trkpt lat="-27.07172" lon="-70.82434"/><trkpt lat="-27.07137" lon="-70.82377"/><trkpt lat="-27.07090" lon="-70.82294"/><trkpt lat="-27.07035" lon="-70.82199"/><trkpt lat="-27.06996" lon="-70.82131"/><trkpt lat="-27.06987" lon="-70.82114"/><trkpt lat="-27.06960" lon="-70.82068"/><trkpt lat="-27.06941" lon="-70.82035"/><trkpt lat="-27.06923" lon="-70.82003"/><trkpt lat="-27.06912" lon="-70.81982"/><trkpt lat="-27.06905" lon="-70.81961"/><trkpt lat="-27.06899" lon="-70.81938"/><trkpt lat="-27.06896" lon="-70.81916"/><trkpt lat="-27.06894" lon="-70.81896"/><trkpt lat="-27.06893" lon="-70.81847"/><trkpt lat="-27.06892" lon="-70.81791"/><trkpt lat="-27.06891" lon="-70.81745"/><trkpt lat="-27.06890" lon="-70.81727"/><trkpt lat="-27.06889" lon="-70.81676"/><trkpt lat="-27.06888" lon="-70.81617"/><trkpt lat="-27.06884" lon="-70.81496"/><trkpt lat="-27.06882" lon="-70.81392"/><trkpt lat="-27.06880" lon="-70.81327"/><trkpt lat="-27.06879" lon="-70.81265"/><trkpt lat="-27.06876" lon="-70.81162"/><trkpt lat="-27.06872" lon="-70.81001"/><trkpt lat="-27.06867" lon="-70.80796"/><trkpt lat="-27.06759" lon="-70.80800"/><trkpt lat="-27.06731" lon="-70.80805"/><trkpt lat="-27.06647" lon="-70.80845"/><trkpt lat="-27.06640" lon="-70.80842"/><trkpt lat="-27.06641" lon="-70.80818"/><trkpt lat="-27.06641" lon="-70.80796"/><trkpt lat="-27.06630" lon="-70.80737"/><trkpt lat="-27.06528" lon="-70.80763"/><trkpt lat="-27.06482" lon="-70.80774"/><trkpt lat="-27.06456" lon="-70.80779"/><trkpt lat="-27.06433" lon="-70.80782"/><trkpt lat="-27.06412" lon="-70.80784"/><trkpt lat="-27.06390" lon="-70.80784"/><trkpt lat="-27.06357" lon="-70.80783"/><trkpt lat="-27.06328" lon="-70.80782"/><trkpt lat="-27.06301" lon="-70.80780"/><trkpt lat="-27.06278" lon="-70.80777"/><trkpt lat="-27.06252" lon="-70.80772"/><trkpt lat="-27.06205" lon="-70.80760"/><trkpt lat="-27.06185" lon="-70.80752"/><trkpt lat="-27.06164" lon="-70.80742"/><trkpt lat="-27.06143" lon="-70.80732"/><trkpt lat="-27.06122" lon="-70.80720"/><trkpt lat="-27.06101" lon="-70.80708"/><trkpt lat="-27.06031" lon="-70.80663"/><trkpt lat="-27.05913" lon="-70.80590"/><trkpt lat="-27.05705" lon="-70.80459"/><trkpt lat="-27.05627" lon="-70.80410"/><trkpt lat="-27.05536" lon="-70.80352"/><trkpt lat="-27.05145" lon="-70.80104"/><trkpt lat="-27.05116" lon="-70.80085"/><trkpt lat="-27.05087" lon="-70.80064"/><trkpt lat="-27.05022" lon="-70.80016"/><trkpt lat="-27.04800" lon="-70.79856"/><trkpt lat="-27.04627" lon="-70.79751"/><trkpt lat="-27.04571" lon="-70.79720"/><trkpt lat="-27.04505" lon="-70.79687"/><trkpt lat="-27.04433" lon="-70.79654"/><trkpt lat="-27.04372" lon="-70.79623"/><trkpt lat="-27.04159" lon="-70.79489"/><trkpt lat="-27.04102" lon="-70.79454"/><trkpt lat="-27.03706" lon="-70.79213"/><trkpt lat="-27.03536" lon="-70.79102"/><trkpt lat="-27.03483" lon="-70.79072"/><trkpt lat="-27.03268" lon="-70.78948"/><trkpt lat="-27.03145" lon="-70.78873"/><trkpt lat="-27.03106" lon="-70.78851"/><trkpt lat="-27.03068" lon="-70.78832"/><trkpt lat="-27.03029" lon="-70.78816"/><trkpt lat="-27.02993" lon="-70.78803"/><trkpt lat="-27.02956" lon="-70.78791"/><trkpt lat="-27.02917" lon="-70.78780"/><trkpt lat="-27.02878" lon="-70.78772"/><trkpt lat="-27.02844" lon="-70.78768"/><trkpt lat="-27.02805" lon="-70.78763"/><trkpt lat="-27.02642" lon="-70.78757"/><trkpt lat="-27.02462" lon="-70.78750"/><trkpt lat="-27.02193" lon="-70.78744"/><trkpt lat="-27.01888" lon="-70.78727"/><trkpt lat="-27.01803" lon="-70.78720"/><trkpt lat="-27.01417" lon="-70.78714"/><trkpt lat="-27.00459" lon="-70.78693"/><trkpt lat="-27.00404" lon="-70.78686"/><trkpt lat="-27.00300" lon="-70.78682"/><trkpt lat="-27.00024" lon="-70.78673"/><trkpt lat="-27.00003" lon="-70.78674"/><trkpt lat="-26.99984" lon="-70.78677"/><trkpt lat="-26.99883" lon="-70.78676"/><trkpt lat="-26.99657" lon="-70.78668"/><trkpt lat="-26.99470" lon="-70.78656"/><trkpt lat="-26.99318" lon="-70.78652"/><trkpt lat="-26.99251" lon="-70.78651"/><trkpt lat="-26.99161" lon="-70.78653"/><trkpt lat="-26.98077" lon="-70.78629"/><trkpt lat="-26.97825" lon="-70.78619"/><trkpt lat="-26.97728" lon="-70.78615"/><trkpt lat="-26.97366" lon="-70.78605"/><trkpt lat="-26.97348" lon="-70.78750"/><trkpt lat="-26.97294" lon="-70.79311"/><trkpt lat="-26.97290" lon="-70.79327"/><trkpt lat="-26.97286" lon="-70.79338"/><trkpt lat="-26.97194" lon="-70.79448"/><trkpt lat="-26.97191" lon="-70.79458"/><trkpt lat="-26.97190" lon="-70.79470"/><trkpt lat="-26.97193" lon="-70.79495"/><trkpt lat="-26.97197" lon="-70.79516"/><trkpt lat="-26.97203" lon="-70.79535"/><trkpt lat="-26.97212" lon="-70.79553"/><trkpt lat="-26.97219" lon="-70.79556"/><trkpt lat="-26.97226" lon="-70.79556"/><trkpt lat="-26.97233" lon="-70.79553"/><trkpt lat="-26.97235" lon="-70.79551"/><trkpt lat="-26.97239" lon="-70.79544"/><trkpt lat="-26.97243" lon="-70.79491"/><trkpt lat="-26.97243" lon="-70.79491"/><trkpt lat="-26.97239" lon="-70.79544"/><trkpt lat="-26.97235" lon="-70.79551"/><trkpt lat="-26.97230" lon="-70.79555"/><trkpt lat="-26.97222" lon="-70.79557"/><trkpt lat="-26.97215" lon="-70.79555"/><trkpt lat="-26.97207" lon="-70.79544"/><trkpt lat="-26.97199" lon="-70.79526"/><trkpt lat="-26.97194" lon="-70.79506"/><trkpt lat="-26.97191" lon="-70.79476"/><trkpt lat="-26.97190" lon="-70.79463"/><trkpt lat="-26.97192" lon="-70.79453"/><trkpt lat="-26.97229" lon="-70.79402"/><trkpt lat="-26.97288" lon="-70.79333"/><trkpt lat="-26.97293" lon="-70.79319"/><trkpt lat="-26.97309" lon="-70.79194"/><trkpt lat="-26.97365" lon="-70.78614"/><trkpt lat="-26.97326" lon="-70.78603"/><trkpt lat="-26.96785" lon="-70.78584"/><trkpt lat="-26.96738" lon="-70.78579"/><trkpt lat="-26.96701" lon="-70.78576"/><trkpt lat="-26.96480" lon="-70.78571"/><trkpt lat="-26.96450" lon="-70.78565"/><trkpt lat="-26.96430" lon="-70.78554"/><trkpt lat="-26.96408" lon="-70.78545"/><trkpt lat="-26.96382" lon="-70.78538"/><trkpt lat="-26.96332" lon="-70.78535"/><trkpt lat="-26.96291" lon="-70.78535"/><trkpt lat="-26.96251" lon="-70.78538"/><trkpt lat="-26.96193" lon="-70.78544"/><trkpt lat="-26.96180" lon="-70.78542"/><trkpt lat="-26.96161" lon="-70.78537"/><trkpt lat="-26.96104" lon="-70.78506"/><trkpt lat="-26.96089" lon="-70.78493"/><trkpt lat="-26.96077" lon="-70.78478"/><trkpt lat="-26.96068" lon="-70.78463"/><trkpt lat="-26.96059" lon="-70.78440"/><trkpt lat="-26.96049" lon="-70.78408"/><trkpt lat="-26.96043" lon="-70.78379"/><trkpt lat="-26.96037" lon="-70.78359"/><trkpt lat="-26.96030" lon="-70.78340"/><trkpt lat="-26.96023" lon="-70.78326"/><trkpt lat="-26.96018" lon="-70.78310"/><trkpt lat="-26.96013" lon="-70.78287"/><trkpt lat="-26.96010" lon="-70.78260"/><trkpt lat="-26.96010" lon="-70.78246"/><trkpt lat="-26.96007" lon="-70.78233"/><trkpt lat="-26.96001" lon="-70.78221"/><trkpt lat="-26.95997" lon="-70.78209"/><trkpt lat="-26.95994" lon="-70.78195"/><trkpt lat="-26.95989" lon="-70.78179"/><trkpt lat="-26.95983" lon="-70.78164"/><trkpt lat="-26.95977" lon="-70.78150"/><trkpt lat="-26.95973" lon="-70.78137"/><trkpt lat="-26.95971" lon="-70.78123"/><trkpt lat="-26.95968" lon="-70.78113"/><trkpt lat="-26.95963" lon="-70.78104"/><trkpt lat="-26.95957" lon="-70.78097"/><trkpt lat="-26.95952" lon="-70.78091"/><trkpt lat="-26.95948" lon="-70.78082"/><trkpt lat="-26.95946" lon="-70.78072"/><trkpt lat="-26.95942" lon="-70.78058"/><trkpt lat="-26.95936" lon="-70.78047"/><trkpt lat="-26.95929" lon="-70.78038"/><trkpt lat="-26.95924" lon="-70.78027"/><trkpt lat="-26.95922" lon="-70.78014"/><trkpt lat="-26.95918" lon="-70.77997"/><trkpt lat="-26.95913" lon="-70.77981"/><trkpt lat="-26.95860" lon="-70.77891"/><trkpt lat="-26.95794" lon="-70.77791"/><trkpt lat="-26.95772" lon="-70.77756"/><trkpt lat="-26.95747" lon="-70.77711"/><trkpt lat="-26.95793" lon="-70.77694"/><trkpt lat="-26.95849" lon="-70.77670"/><trkpt lat="-26.95905" lon="-70.77643"/><trkpt lat="-26.96833" lon="-70.77222"/><trkpt lat="-26.96856" lon="-70.77206"/><trkpt lat="-26.96875" lon="-70.77189"/><trkpt lat="-26.96890" lon="-70.77171"/><trkpt lat="-26.96905" lon="-70.77156"/><trkpt lat="-26.96923" lon="-70.77147"/><trkpt lat="-26.96942" lon="-70.77141"/><trkpt lat="-26.96960" lon="-70.77136"/><trkpt lat="-26.96974" lon="-70.77129"/><trkpt lat="-26.96988" lon="-70.77120"/><trkpt lat="-26.97001" lon="-70.77108"/><trkpt lat="-26.97008" lon="-70.77102"/><trkpt lat="-26.97017" lon="-70.77100"/><trkpt lat="-26.97027" lon="-70.77100"/><trkpt lat="-26.97056" lon="-70.77116"/><trkpt lat="-26.97066" lon="-70.77116"/><trkpt lat="-26.97108" lon="-70.77151"/><trkpt lat="-26.97151" lon="-70.77182"/><trkpt lat="-26.97194" lon="-70.77210"/><trkpt lat="-26.97227" lon="-70.77229"/><trkpt lat="-26.97253" lon="-70.77244"/><trkpt lat="-26.97280" lon="-70.77264"/><trkpt lat="-26.97306" lon="-70.77287"/><trkpt lat="-26.97394" lon="-70.77390"/><trkpt lat="-26.97411" lon="-70.77418"/><trkpt lat="-26.97426" lon="-70.77447"/><trkpt lat="-26.97441" lon="-70.77483"/><trkpt lat="-26.97453" lon="-70.77520"/><trkpt lat="-26.97461" lon="-70.77558"/><trkpt lat="-26.97471" lon="-70.77595"/><trkpt lat="-26.97486" lon="-70.77636"/><trkpt lat="-26.97503" lon="-70.77677"/><trkpt lat="-26.97517" lon="-70.77719"/><trkpt lat="-26.97524" lon="-70.77735"/><trkpt lat="-26.97534" lon="-70.77750"/><trkpt lat="-26.97546" lon="-70.77763"/><trkpt lat="-26.97574" lon="-70.77802"/><trkpt lat="-26.97576" lon="-70.77824"/><trkpt lat="-26.97580" lon="-70.77869"/><trkpt lat="-26.97586" lon="-70.77912"/><trkpt lat="-26.97595" lon="-70.77952"/><trkpt lat="-26.97604" lon="-70.77978"/><trkpt lat="-26.97610" lon="-70.78004"/><trkpt lat="-26.97613" lon="-70.78034"/><trkpt lat="-26.97618" lon="-70.78081"/><trkpt lat="-26.97625" lon="-70.78118"/><trkpt lat="-26.97635" lon="-70.78154"/><trkpt lat="-26.97647" lon="-70.78186"/><trkpt lat="-26.97661" lon="-70.78217"/><trkpt lat="-26.97681" lon="-70.78256"/><trkpt lat="-26.97703" lon="-70.78305"/><trkpt lat="-26.97719" lon="-70.78350"/><trkpt lat="-26.97732" lon="-70.78392"/><trkpt lat="-26.97741" lon="-70.78419"/><trkpt lat="-26.97748" lon="-70.78446"/><trkpt lat="-26.97752" lon="-70.78473"/><trkpt lat="-26.97754" lon="-70.78504"/><trkpt lat="-26.97760" lon="-70.78535"/><trkpt lat="-26.97769" lon="-70.78568"/><trkpt lat="-26.97778" lon="-70.78617"/><trkpt lat="-26.98026" lon="-70.78627"/><trkpt lat="-26.98620" lon="-70.78642"/><trkpt lat="-26.99251" lon="-70.78661"/><trkpt lat="-26.99372" lon="-70.78664"/><trkpt lat="-26.99407" lon="-70.78665"/><trkpt lat="-26.99564" lon="-70.78670"/><trkpt lat="-26.99676" lon="-70.78669"/><trkpt lat="-26.99974" lon="-70.78679"/><trkpt lat="-27.00006" lon="-70.78682"/><trkpt lat="-27.00030" lon="-70.78683"/><trkpt lat="-27.00137" lon="-70.78686"/><trkpt lat="-27.00276" lon="-70.78692"/><trkpt lat="-27.00329" lon="-70.78693"/><trkpt lat="-27.00459" lon="-70.78693"/><trkpt lat="-27.01417" lon="-70.78724"/><trkpt lat="-27.01584" lon="-70.78729"/><trkpt lat="-27.02014" lon="-70.78734"/><trkpt lat="-27.02329" lon="-70.78747"/><trkpt lat="-27.02489" lon="-70.78751"/><trkpt lat="-27.02783" lon="-70.78761"/><trkpt lat="-27.02826" lon="-70.78765"/><trkpt lat="-27.02861" lon="-70.78769"/><trkpt lat="-27.02897" lon="-70.78775"/><trkpt lat="-27.02937" lon="-70.78785"/><trkpt lat="-27.02975" lon="-70.78796"/><trkpt lat="-27.03011" lon="-70.78809"/><trkpt lat="-27.03049" lon="-70.78824"/><trkpt lat="-27.03087" lon="-70.78841"/><trkpt lat="-27.03125" lon="-70.78860"/><trkpt lat="-27.03170" lon="-70.78888"/><trkpt lat="-27.03417" lon="-70.79049"/><trkpt lat="-27.03475" lon="-70.79084"/><trkpt lat="-27.03544" lon="-70.79126"/><trkpt lat="-27.03753" lon="-70.79261"/><trkpt lat="-27.04058" lon="-70.79447"/><trkpt lat="-27.04156" lon="-70.79508"/><trkpt lat="-27.04575" lon="-70.79769"/><trkpt lat="-27.04779" lon="-70.79896"/><trkpt lat="-27.05049" lon="-70.80067"/><trkpt lat="-27.05173" lon="-70.80142"/><trkpt lat="-27.05323" lon="-70.80237"/><trkpt lat="-27.05850" lon="-70.80571"/><trkpt lat="-27.06093" lon="-70.80722"/><trkpt lat="-27.06115" lon="-70.80735"/><trkpt lat="-27.06139" lon="-70.80748"/><trkpt lat="-27.06169" lon="-70.80762"/><trkpt lat="-27.06192" lon="-70.80773"/><trkpt lat="-27.06209" lon="-70.80779"/><trkpt lat="-27.06225" lon="-70.80785"/><trkpt lat="-27.06245" lon="-70.80791"/><trkpt lat="-27.06279" lon="-70.80799"/><trkpt lat="-27.06302" lon="-70.80804"/><trkpt lat="-27.06325" lon="-70.80808"/><trkpt lat="-27.06345" lon="-70.80810"/><trkpt lat="-27.06365" lon="-70.80812"/><trkpt lat="-27.06388" lon="-70.80813"/><trkpt lat="-27.06410" lon="-70.80813"/><trkpt lat="-27.06430" lon="-70.80813"/><trkpt lat="-27.06451" lon="-70.80811"/><trkpt lat="-27.06470" lon="-70.80809"/><trkpt lat="-27.06494" lon="-70.80805"/><trkpt lat="-27.06520" lon="-70.80800"/><trkpt lat="-27.06580" lon="-70.80786"/><trkpt lat="-27.06656" lon="-70.80766"/><trkpt lat="-27.07234" lon="-70.80620"/><trkpt lat="-27.07455" lon="-70.80562"/><trkpt lat="-27.07981" lon="-70.80426"/><trkpt lat="-27.08167" lon="-70.80379"/><trkpt lat="-27.08288" lon="-70.80347"/><trkpt lat="-27.08398" lon="-70.80319"/><trkpt lat="-27.08615" lon="-70.80263"/><trkpt lat="-27.08821" lon="-70.80210"/><trkpt lat="-27.08995" lon="-70.80165"/><trkpt lat="-27.09375" lon="-70.80069"/><trkpt lat="-27.09407" lon="-70.80061"/><trkpt lat="-27.09431" lon="-70.80057"/><trkpt lat="-27.09456" lon="-70.80053"/><trkpt lat="-27.09478" lon="-70.80049"/><trkpt lat="-27.09502" lon="-70.80047"/><trkpt lat="-27.09527" lon="-70.80045"/><trkpt lat="-27.09551" lon="-70.80044"/><trkpt lat="-27.09581" lon="-70.80044"/><trkpt lat="-27.09626" lon="-70.80045"/><trkpt lat="-27.09860" lon="-70.80053"/><trkpt lat="-27.10077" lon="-70.80063"/><trkpt lat="-27.10342" lon="-70.80074"/><trkpt lat="-27.10588" lon="-70.80082"/><trkpt lat="-27.10894" lon="-70.80093"/><trkpt lat="-27.11171" lon="-70.80104"/><trkpt lat="-27.11403" lon="-70.80112"/><trkpt lat="-27.11702" lon="-70.80123"/><trkpt lat="-27.11882" lon="-70.80130"/><trkpt lat="-27.12026" lon="-70.80136"/><trkpt lat="-27.12152" lon="-70.80141"/><trkpt lat="-27.12239" lon="-70.80145"/><trkpt lat="-27.12389" lon="-70.80150"/><trkpt lat="-27.12685" lon="-70.80162"/><trkpt lat="-27.12863" lon="-70.80169"/><trkpt lat="-27.13034" lon="-70.80175"/><trkpt lat="-27.13381" lon="-70.80187"/><trkpt lat="-27.13550" lon="-70.80194"/><trkpt lat="-27.13804" lon="-70.80204"/><trkpt lat="-27.14185" lon="-70.80218"/><trkpt lat="-27.14418" lon="-70.80227"/><trkpt lat="-27.14657" lon="-70.80236"/><trkpt lat="-27.14885" lon="-70.80245"/><trkpt lat="-27.15248" lon="-70.80260"/><trkpt lat="-27.15429" lon="-70.80266"/><trkpt lat="-27.15828" lon="-70.80282"/><trkpt lat="-27.16293" lon="-70.80299"/><trkpt lat="-27.17327" lon="-70.80339"/><trkpt lat="-27.17367" lon="-70.80340"/><trkpt lat="-27.17394" lon="-70.80339"/><trkpt lat="-27.17425" lon="-70.80338"/><trkpt lat="-27.17451" lon="-70.80336"/><trkpt lat="-27.17476" lon="-70.80333"/><trkpt lat="-27.17500" lon="-70.80330"/><trkpt lat="-27.17521" lon="-70.80326"/><trkpt lat="-27.17545" lon="-70.80321"/><trkpt lat="-27.17575" lon="-70.80313"/><trkpt lat="-27.17601" lon="-70.80306"/><trkpt lat="-27.17626" lon="-70.80298"/><trkpt lat="-27.17652" lon="-70.80289"/><trkpt lat="-27.17715" lon="-70.80265"/><trkpt lat="-27.18420" lon="-70.79991"/><trkpt lat="-27.19614" lon="-70.79527"/><trkpt lat="-27.20052" lon="-70.79357"/><trkpt lat="-27.20982" lon="-70.78996"/><trkpt lat="-27.21746" lon="-70.78699"/><trkpt lat="-27.22774" lon="-70.78300"/><trkpt lat="-27.24073" lon="-70.77796"/><trkpt lat="-27.24517" lon="-70.77623"/><trkpt lat="-27.25513" lon="-70.77236"/><trkpt lat="-27.25990" lon="-70.77048"/><trkpt lat="-27.26202" lon="-70.76966"/><trkpt lat="-27.26539" lon="-70.76836"/><trkpt lat="-27.27088" lon="-70.76620"/><trkpt lat="-27.28378" lon="-70.76122"/><trkpt lat="-27.29341" lon="-70.75747"/><trkpt lat="-27.29366" lon="-70.75737"/><trkpt lat="-27.29386" lon="-70.75729"/><trkpt lat="-27.29406" lon="-70.75720"/><trkpt lat="-27.29426" lon="-70.75711"/><trkpt lat="-27.29446" lon="-70.75701"/><trkpt lat="-27.29467" lon="-70.75689"/><trkpt lat="-27.29488" lon="-70.75677"/><trkpt lat="-27.29509" lon="-70.75664"/><trkpt lat="-27.29529" lon="-70.75650"/><trkpt lat="-27.29549" lon="-70.75635"/><trkpt lat="-27.29576" lon="-70.75615"/><trkpt lat="-27.29610" lon="-70.75589"/><trkpt lat="-27.29814" lon="-70.75420"/><trkpt lat="-27.30156" lon="-70.75136"/><trkpt lat="-27.30804" lon="-70.74601"/><trkpt lat="-27.30873" lon="-70.74544"/><trkpt lat="-27.30962" lon="-70.74470"/><trkpt lat="-27.31009" lon="-70.74430"/><trkpt lat="-27.31111" lon="-70.74346"/><trkpt lat="-27.31309" lon="-70.74184"/><trkpt lat="-27.31435" lon="-70.74079"/><trkpt lat="-27.31623" lon="-70.73923"/><trkpt lat="-27.31747" lon="-70.73821"/><trkpt lat="-27.31850" lon="-70.73737"/><trkpt lat="-27.31926" lon="-70.73673"/><trkpt lat="-27.32130" lon="-70.73504"/><trkpt lat="-27.32308" lon="-70.73356"/><trkpt lat="-27.32443" lon="-70.73246"/><trkpt lat="-27.32561" lon="-70.73148"/><trkpt lat="-27.32637" lon="-70.73085"/><trkpt lat="-27.32669" lon="-70.73056"/><trkpt lat="-27.32700" lon="-70.73026"/><trkpt lat="-27.32729" lon="-70.72994"/><trkpt lat="-27.32757" lon="-70.72961"/><trkpt lat="-27.32778" lon="-70.72934"/><trkpt lat="-27.32798" lon="-70.72907"/><trkpt lat="-27.32817" lon="-70.72879"/><trkpt lat="-27.32835" lon="-70.72851"/><trkpt lat="-27.32852" lon="-70.72822"/><trkpt lat="-27.32869" lon="-70.72792"/><trkpt lat="-27.32884" lon="-70.72762"/><trkpt lat="-27.32901" lon="-70.72725"/><trkpt lat="-27.33054" lon="-70.72381"/><trkpt lat="-27.33359" lon="-70.71695"/><trkpt lat="-27.33642" lon="-70.71048"/><trkpt lat="-27.34385" lon="-70.69390"/><trkpt lat="-27.34439" lon="-70.69271"/><trkpt lat="-27.34521" lon="-70.69087"/><trkpt lat="-27.34603" lon="-70.68902"/><trkpt lat="-27.34642" lon="-70.68815"/><trkpt lat="-27.34712" lon="-70.68656"/><trkpt lat="-27.34807" lon="-70.68442"/><trkpt lat="-27.34857" lon="-70.68329"/><trkpt lat="-27.34885" lon="-70.68267"/><trkpt lat="-27.34921" lon="-70.68186"/><trkpt lat="-27.35033" lon="-70.67937"/><trkpt lat="-27.35230" lon="-70.67492"/><trkpt lat="-27.35414" lon="-70.67081"/><trkpt lat="-27.35442" lon="-70.67017"/><trkpt lat="-27.35457" lon="-70.66984"/><trkpt lat="-27.35470" lon="-70.66954"/><trkpt lat="-27.35483" lon="-70.66923"/><trkpt lat="-27.35495" lon="-70.66891"/><trkpt lat="-27.35506" lon="-70.66859"/><trkpt lat="-27.35515" lon="-70.66827"/><trkpt lat="-27.35524" lon="-70.66794"/><trkpt lat="-27.35532" lon="-70.66760"/><trkpt lat="-27.35539" lon="-70.66727"/><trkpt lat="-27.35545" lon="-70.66693"/><trkpt lat="-27.35550" lon="-70.66660"/><trkpt lat="-27.35553" lon="-70.66626"/><trkpt lat="-27.35556" lon="-70.66593"/><trkpt lat="-27.35558" lon="-70.66561"/><trkpt lat="-27.35559" lon="-70.66530"/><trkpt lat="-27.35559" lon="-70.66498"/><trkpt lat="-27.35558" lon="-70.66467"/><trkpt lat="-27.35556" lon="-70.66436"/><trkpt lat="-27.35553" lon="-70.66404"/><trkpt lat="-27.35549" lon="-70.66373"/><trkpt lat="-27.35545" lon="-70.66342"/><trkpt lat="-27.35540" lon="-70.66311"/><trkpt lat="-27.35533" lon="-70.66280"/><trkpt lat="-27.35526" lon="-70.66250"/><trkpt lat="-27.35503" lon="-70.66160"/><trkpt lat="-27.35340" lon="-70.65547"/><trkpt lat="-27.35287" lon="-70.65350"/><trkpt lat="-27.35193" lon="-70.64997"/><trkpt lat="-27.35102" lon="-70.64658"/><trkpt lat="-27.34967" lon="-70.64150"/><trkpt lat="-27.34916" lon="-70.63958"/><trkpt lat="-27.34907" lon="-70.63923"/><trkpt lat="-27.34871" lon="-70.63790"/><trkpt lat="-27.34831" lon="-70.63640"/><trkpt lat="-27.34828" lon="-70.63627"/><trkpt lat="-27.34781" lon="-70.63451"/><trkpt lat="-27.34751" lon="-70.63341"/><trkpt lat="-27.34596" lon="-70.62759"/><trkpt lat="-27.34486" lon="-70.62342"/><trkpt lat="-27.34358" lon="-70.61868"/><trkpt lat="-27.34306" lon="-70.61674"/><trkpt lat="-27.34219" lon="-70.61344"/><trkpt lat="-27.34147" lon="-70.61075"/><trkpt lat="-27.33922" lon="-70.60234"/><trkpt lat="-27.33871" lon="-70.60046"/><trkpt lat="-27.33854" lon="-70.59983"/><trkpt lat="-27.33715" lon="-70.59463"/><trkpt lat="-27.33250" lon="-70.57723"/><trkpt lat="-27.33153" lon="-70.57364"/><trkpt lat="-27.33080" lon="-70.57090"/><trkpt lat="-27.32991" lon="-70.56756"/><trkpt lat="-27.32883" lon="-70.56360"/><trkpt lat="-27.32689" lon="-70.55635"/><trkpt lat="-27.32494" lon="-70.54906"/><trkpt lat="-27.32301" lon="-70.54187"/><trkpt lat="-27.32208" lon="-70.53838"/><trkpt lat="-27.32170" lon="-70.53693"/><trkpt lat="-27.32151" lon="-70.53625"/><trkpt lat="-27.32077" lon="-70.53348"/><trkpt lat="-27.31831" lon="-70.52439"/><trkpt lat="-27.31636" lon="-70.51712"/><trkpt lat="-27.31513" lon="-70.51255"/><trkpt lat="-27.31438" lon="-70.50976"/><trkpt lat="-27.31348" lon="-70.50639"/><trkpt lat="-27.31289" lon="-70.50420"/><trkpt lat="-27.31201" lon="-70.50093"/><trkpt lat="-27.31132" lon="-70.49834"/><trkpt lat="-27.31108" lon="-70.49733"/><trkpt lat="-27.31097" lon="-70.49693"/><trkpt lat="-27.31084" lon="-70.49655"/><trkpt lat="-27.31067" lon="-70.49614"/><trkpt lat="-27.31047" lon="-70.49577"/><trkpt lat="-27.31025" lon="-70.49541"/><trkpt lat="-27.31000" lon="-70.49507"/><trkpt lat="-27.30973" lon="-70.49478"/><trkpt lat="-27.30946" lon="-70.49451"/><trkpt lat="-27.30917" lon="-70.49428"/><trkpt lat="-27.30880" lon="-70.49403"/><trkpt lat="-27.30681" lon="-70.49280"/><trkpt lat="-27.30248" lon="-70.49013"/><trkpt lat="-27.29970" lon="-70.48844"/><trkpt lat="-27.29939" lon="-70.48824"/><trkpt lat="-27.29919" lon="-70.48807"/><trkpt lat="-27.29895" lon="-70.48786"/><trkpt lat="-27.29869" lon="-70.48757"/><trkpt lat="-27.29845" lon="-70.48726"/><trkpt lat="-27.29827" lon="-70.48697"/><trkpt lat="-27.29813" lon="-70.48671"/><trkpt lat="-27.29801" lon="-70.48644"/><trkpt lat="-27.29791" lon="-70.48617"/><trkpt lat="-27.29783" lon="-70.48588"/><trkpt lat="-27.29776" lon="-70.48553"/><trkpt lat="-27.29769" lon="-70.48515"/><trkpt lat="-27.29732" lon="-70.48126"/><trkpt lat="-27.29709" lon="-70.47886"/><trkpt lat="-27.29699" lon="-70.47775"/><trkpt lat="-27.29669" lon="-70.47464"/><trkpt lat="-27.29663" lon="-70.47406"/><trkpt lat="-27.29573" lon="-70.46451"/><trkpt lat="-27.29567" lon="-70.46379"/><trkpt lat="-27.29567" lon="-70.46335"/><trkpt lat="-27.29571" lon="-70.46295"/><trkpt lat="-27.29579" lon="-70.46254"/><trkpt lat="-27.29592" lon="-70.46212"/><trkpt lat="-27.29605" lon="-70.46178"/><trkpt lat="-27.29630" lon="-70.46129"/><trkpt lat="-27.29885" lon="-70.45690"/><trkpt lat="-27.29908" lon="-70.45645"/><trkpt lat="-27.29928" lon="-70.45599"/><trkpt lat="-27.29946" lon="-70.45550"/><trkpt lat="-27.29962" lon="-70.45497"/><trkpt lat="-27.29975" lon="-70.45442"/><trkpt lat="-27.30281" lon="-70.44081"/><trkpt lat="-27.30412" lon="-70.43490"/><trkpt lat="-27.30437" lon="-70.43388"/><trkpt lat="-27.30442" lon="-70.43381"/><trkpt lat="-27.30449" lon="-70.43376"/><trkpt lat="-27.30457" lon="-70.43374"/><trkpt lat="-27.30466" lon="-70.43374"/><trkpt lat="-27.30563" lon="-70.43373"/><trkpt lat="-27.30620" lon="-70.43371"/><trkpt lat="-27.30753" lon="-70.43357"/><trkpt lat="-27.30781" lon="-70.43354"/><trkpt lat="-27.30846" lon="-70.43354"/><trkpt lat="-27.30891" lon="-70.43357"/><trkpt lat="-27.30907" lon="-70.43357"/><trkpt lat="-27.30921" lon="-70.43352"/><trkpt lat="-27.30933" lon="-70.43338"/><trkpt lat="-27.30953" lon="-70.43272"/><trkpt lat="-27.30970" lon="-70.43218"/><trkpt lat="-27.30979" lon="-70.43191"/><trkpt lat="-27.30997" lon="-70.43091"/><trkpt lat="-27.31004" lon="-70.43038"/><trkpt lat="-27.31017" lon="-70.42954"/><trkpt lat="-27.31020" lon="-70.42929"/><trkpt lat="-27.31029" lon="-70.42848"/><trkpt lat="-27.31039" lon="-70.42700"/><trkpt lat="-27.31044" lon="-70.42673"/><trkpt lat="-27.31054" lon="-70.42654"/><trkpt lat="-27.31063" lon="-70.42644"/><trkpt lat="-27.31078" lon="-70.42635"/><trkpt lat="-27.31092" lon="-70.42633"/><trkpt lat="-27.31104" lon="-70.42641"/><trkpt lat="-27.31122" lon="-70.42660"/><trkpt lat="-27.31356" lon="-70.42944"/><trkpt lat="-27.31370" lon="-70.42972"/><trkpt lat="-27.31420" lon="-70.43028"/><trkpt lat="-27.31523" lon="-70.43109"/><trkpt lat="-27.31602" lon="-70.43158"/><trkpt lat="-27.31672" lon="-70.43191"/><trkpt lat="-27.31749" lon="-70.43197"/><trkpt lat="-27.31869" lon="-70.42871"/><trkpt lat="-27.31749" lon="-70.43197"/><trkpt lat="-27.31672" lon="-70.43191"/><trkpt lat="-27.31602" lon="-70.43158"/><trkpt lat="-27.31523" lon="-70.43109"/><trkpt lat="-27.31420" lon="-70.43028"/><trkpt lat="-27.31370" lon="-70.42972"/><trkpt lat="-27.31377" lon="-70.42997"/><trkpt lat="-27.31382" lon="-70.43033"/><trkpt lat="-27.31383" lon="-70.43070"/><trkpt lat="-27.31380" lon="-70.43113"/><trkpt lat="-27.31370" lon="-70.43275"/><trkpt lat="-27.31371" lon="-70.43309"/><trkpt lat="-27.31375" lon="-70.43336"/><trkpt lat="-27.31384" lon="-70.43365"/><trkpt lat="-27.31396" lon="-70.43393"/><trkpt lat="-27.31435" lon="-70.43468"/><trkpt lat="-27.31499" lon="-70.43578"/><trkpt lat="-27.31548" lon="-70.43667"/><trkpt lat="-27.31572" lon="-70.43722"/><trkpt lat="-27.31594" lon="-70.43772"/><trkpt lat="-27.31607" lon="-70.43792"/><trkpt lat="-27.31616" lon="-70.43803"/><trkpt lat="-27.31636" lon="-70.43817"/><trkpt lat="-27.31675" lon="-70.43836"/><trkpt lat="-27.31755" lon="-70.43868"/><trkpt lat="-27.31841" lon="-70.43898"/><trkpt lat="-27.31895" lon="-70.43914"/><trkpt lat="-27.31947" lon="-70.43926"/><trkpt lat="-27.32061" lon="-70.43952"/><trkpt lat="-27.32171" lon="-70.43981"/><trkpt lat="-27.32198" lon="-70.43990"/><trkpt lat="-27.32213" lon="-70.43999"/><trkpt lat="-27.32227" lon="-70.44012"/><trkpt lat="-27.32237" lon="-70.44025"/><trkpt lat="-27.32245" lon="-70.44039"/><trkpt lat="-27.32250" lon="-70.44055"/><trkpt lat="-27.32336" lon="-70.44351"/><trkpt lat="-27.32344" lon="-70.44375"/><trkpt lat="-27.32352" lon="-70.44390"/><trkpt lat="-27.32362" lon="-70.44403"/><trkpt lat="-27.32374" lon="-70.44414"/><trkpt lat="-27.32387" lon="-70.44420"/><trkpt lat="-27.32401" lon="-70.44424"/><trkpt lat="-27.32431" lon="-70.44425"/><trkpt lat="-27.32634" lon="-70.44433"/><trkpt lat="-27.32646" lon="-70.44438"/><trkpt lat="-27.32653" lon="-70.44447"/><trkpt lat="-27.32658" lon="-70.44458"/><trkpt lat="-27.32660" lon="-70.44469"/><trkpt lat="-27.32660" lon="-70.44485"/><trkpt lat="-27.32659" lon="-70.44493"/><trkpt lat="-27.32737" lon="-70.44495"/><trkpt lat="-27.32927" lon="-70.44498"/><trkpt lat="-27.32960" lon="-70.44499"/><trkpt lat="-27.32992" lon="-70.44502"/><trkpt lat="-27.33025" lon="-70.44509"/><trkpt lat="-27.33055" lon="-70.44518"/><trkpt lat="-27.33085" lon="-70.44531"/><trkpt lat="-27.33113" lon="-70.44546"/><trkpt lat="-27.33200" lon="-70.44610"/><trkpt lat="-27.33236" lon="-70.44635"/><trkpt lat="-27.33276" lon="-70.44656"/><trkpt lat="-27.33310" lon="-70.44670"/><trkpt lat="-27.33345" lon="-70.44680"/><trkpt lat="-27.33384" lon="-70.44687"/><trkpt lat="-27.33422" lon="-70.44689"/><trkpt lat="-27.33458" lon="-70.44686"/><trkpt lat="-27.33498" lon="-70.44678"/><trkpt lat="-27.33597" lon="-70.44654"/><trkpt lat="-27.33630" lon="-70.44649"/><trkpt lat="-27.33664" lon="-70.44648"/><trkpt lat="-27.33699" lon="-70.44651"/><trkpt lat="-27.33921" lon="-70.44684"/><trkpt lat="-27.33954" lon="-70.44687"/><trkpt lat="-27.33991" lon="-70.44688"/><trkpt lat="-27.34029" lon="-70.44683"/><trkpt lat="-27.34066" lon="-70.44675"/><trkpt lat="-27.34108" lon="-70.44661"/><trkpt lat="-27.34140" lon="-70.44647"/><trkpt lat="-27.34171" lon="-70.44628"/><trkpt lat="-27.34203" lon="-70.44605"/><trkpt lat="-27.34233" lon="-70.44578"/><trkpt lat="-27.34269" lon="-70.44540"/><trkpt lat="-27.34303" lon="-70.44503"/><trkpt lat="-27.34333" lon="-70.44474"/><trkpt lat="-27.34367" lon="-70.44445"/><trkpt lat="-27.34390" lon="-70.44426"/><trkpt lat="-27.34420" lon="-70.44404"/><trkpt lat="-27.34482" lon="-70.44365"/><trkpt lat="-27.34985" lon="-70.44054"/><trkpt lat="-27.35094" lon="-70.43986"/><trkpt lat="-27.35126" lon="-70.43968"/><trkpt lat="-27.35158" lon="-70.43954"/><trkpt lat="-27.35187" lon="-70.43944"/><trkpt lat="-27.35222" lon="-70.43935"/><trkpt lat="-27.35257" lon="-70.43927"/><trkpt lat="-27.35420" lon="-70.43896"/><trkpt lat="-27.35448" lon="-70.43889"/><trkpt lat="-27.35476" lon="-70.43880"/><trkpt lat="-27.35504" lon="-70.43868"/><trkpt lat="-27.35543" lon="-70.43848"/><trkpt lat="-27.35689" lon="-70.43769"/><trkpt lat="-27.35727" lon="-70.43751"/><trkpt lat="-27.35753" lon="-70.43742"/><trkpt lat="-27.35785" lon="-70.43735"/><trkpt lat="-27.35812" lon="-70.43731"/><trkpt lat="-27.35840" lon="-70.43730"/><trkpt lat="-27.35868" lon="-70.43731"/><trkpt lat="-27.35907" lon="-70.43736"/><trkpt lat="-27.36067" lon="-70.43764"/><trkpt lat="-27.36233" lon="-70.43795"/><trkpt lat="-27.36350" lon="-70.43821"/><trkpt lat="-27.36581" lon="-70.43878"/><trkpt lat="-27.36717" lon="-70.43912"/><trkpt lat="-27.36757" lon="-70.43918"/><trkpt lat="-27.36795" lon="-70.43921"/><trkpt lat="-27.36834" lon="-70.43922"/><trkpt lat="-27.36880" lon="-70.43919"/><trkpt lat="-27.36918" lon="-70.43915"/><trkpt lat="-27.36966" lon="-70.43906"/><trkpt lat="-27.37003" lon="-70.43897"/><trkpt lat="-27.37042" lon="-70.43884"/><trkpt lat="-27.37075" lon="-70.43870"/><trkpt lat="-27.37110" lon="-70.43854"/><trkpt lat="-27.37146" lon="-70.43834"/><trkpt lat="-27.37181" lon="-70.43812"/><trkpt lat="-27.37213" lon="-70.43789"/><trkpt lat="-27.37252" lon="-70.43755"/><trkpt lat="-27.37293" lon="-70.43716"/><trkpt lat="-27.37327" lon="-70.43679"/><trkpt lat="-27.37409" lon="-70.43582"/><trkpt lat="-27.37452" lon="-70.43527"/><trkpt lat="-27.37488" lon="-70.43484"/><trkpt lat="-27.37559" lon="-70.43409"/><trkpt lat="-27.37598" lon="-70.43369"/><trkpt lat="-27.37632" lon="-70.43336"/><trkpt lat="-27.37675" lon="-70.43299"/><trkpt lat="-27.37735" lon="-70.43249"/><trkpt lat="-27.37938" lon="-70.43086"/><trkpt lat="-27.38025" lon="-70.43015"/><trkpt lat="-27.38067" lon="-70.42982"/><trkpt lat="-27.38096" lon="-70.42965"/><trkpt lat="-27.38116" lon="-70.42956"/><trkpt lat="-27.38138" lon="-70.42951"/><trkpt lat="-27.38159" lon="-70.42949"/><trkpt lat="-27.38178" lon="-70.42950"/><trkpt lat="-27.38200" lon="-70.42955"/><trkpt lat="-27.38221" lon="-70.42963"/><trkpt lat="-27.38241" lon="-70.42973"/><trkpt lat="-27.38257" lon="-70.42986"/><trkpt lat="-27.38277" lon="-70.43005"/><trkpt lat="-27.38342" lon="-70.43081"/><trkpt lat="-27.38445" lon="-70.43198"/><trkpt lat="-27.38674" lon="-70.43459"/><trkpt lat="-27.38775" lon="-70.43574"/><trkpt lat="-27.38811" lon="-70.43613"/><trkpt lat="-27.38841" lon="-70.43643"/><trkpt lat="-27.38867" lon="-70.43668"/><trkpt lat="-27.38891" lon="-70.43689"/><trkpt lat="-27.38918" lon="-70.43710"/><trkpt lat="-27.38944" lon="-70.43728"/><trkpt lat="-27.39093" lon="-70.43823"/><trkpt lat="-27.39130" lon="-70.43850"/><trkpt lat="-27.39162" lon="-70.43875"/><trkpt lat="-27.39189" lon="-70.43898"/><trkpt lat="-27.39217" lon="-70.43924"/><trkpt lat="-27.39240" lon="-70.43946"/><trkpt lat="-27.39264" lon="-70.43972"/><trkpt lat="-27.39292" lon="-70.44004"/><trkpt lat="-27.39354" lon="-70.44079"/><trkpt lat="-27.39376" lon="-70.44102"/><trkpt lat="-27.39393" lon="-70.44119"/><trkpt lat="-27.39414" lon="-70.44138"/><trkpt lat="-27.39438" lon="-70.44157"/><trkpt lat="-27.39472" lon="-70.44180"/><trkpt lat="-27.39501" lon="-70.44196"/><trkpt lat="-27.39532" lon="-70.44211"/><trkpt lat="-27.39562" lon="-70.44224"/><trkpt lat="-27.39590" lon="-70.44233"/><trkpt lat="-27.39621" lon="-70.44241"/><trkpt lat="-27.39663" lon="-70.44249"/><trkpt lat="-27.40231" lon="-70.44328"/><trkpt lat="-27.40379" lon="-70.44349"/><trkpt lat="-27.40482" lon="-70.44359"/><trkpt lat="-27.40794" lon="-70.44380"/><trkpt lat="-27.41033" lon="-70.44397"/><trkpt lat="-27.41231" lon="-70.44409"/><trkpt lat="-27.41311" lon="-70.44413"/><trkpt lat="-27.41388" lon="-70.44415"/><trkpt lat="-27.41865" lon="-70.44418"/><trkpt lat="-27.41958" lon="-70.44421"/><trkpt lat="-27.42016" lon="-70.44425"/><trkpt lat="-27.42101" lon="-70.44433"/><trkpt lat="-27.42218" lon="-70.44446"/><trkpt lat="-27.42568" lon="-70.44486"/><trkpt lat="-27.43084" lon="-70.44549"/><trkpt lat="-27.43436" lon="-70.44594"/><trkpt lat="-27.44262" lon="-70.44725"/><trkpt lat="-27.44870" lon="-70.44825"/><trkpt lat="-27.45012" lon="-70.44847"/><trkpt lat="-27.45104" lon="-70.44850"/><trkpt lat="-27.45157" lon="-70.44850"/><trkpt lat="-27.45202" lon="-70.44845"/><trkpt lat="-27.45258" lon="-70.44834"/><trkpt lat="-27.45321" lon="-70.44817"/><trkpt lat="-27.45627" lon="-70.44728"/><trkpt lat="-27.45741" lon="-70.44699"/><trkpt lat="-27.45853" lon="-70.44681"/><trkpt lat="-27.45951" lon="-70.44675"/><trkpt lat="-27.46019" lon="-70.44675"/><trkpt lat="-27.46242" lon="-70.44689"/><trkpt lat="-27.46508" lon="-70.44712"/><trkpt lat="-27.47123" lon="-70.44768"/><trkpt lat="-27.48387" lon="-70.44856"/><trkpt lat="-27.49463" lon="-70.44912"/><trkpt lat="-27.49769" lon="-70.44918"/><trkpt lat="-27.49835" lon="-70.44918"/><trkpt lat="-27.49941" lon="-70.44916"/><trkpt lat="-27.50176" lon="-70.44914"/><trkpt lat="-27.50566" lon="-70.44908"/><trkpt lat="-27.50734" lon="-70.44904"/><trkpt lat="-27.51136" lon="-70.44898"/><trkpt lat="-27.51529" lon="-70.44900"/><trkpt lat="-27.51832" lon="-70.44907"/><trkpt lat="-27.52247" lon="-70.44925"/><trkpt lat="-27.52397" lon="-70.44929"/><trkpt lat="-27.52474" lon="-70.44928"/><trkpt lat="-27.52523" lon="-70.44925"/><trkpt lat="-27.52572" lon="-70.44920"/><trkpt lat="-27.52623" lon="-70.44912"/><trkpt lat="-27.52675" lon="-70.44901"/><trkpt lat="-27.52727" lon="-70.44887"/><trkpt lat="-27.52779" lon="-70.44871"/><trkpt lat="-27.52905" lon="-70.44826"/><trkpt lat="-27.52959" lon="-70.44807"/><trkpt lat="-27.53093" lon="-70.44759"/><trkpt lat="-27.53229" lon="-70.44708"/><trkpt lat="-27.53385" lon="-70.44659"/><trkpt lat="-27.53473" lon="-70.44627"/><trkpt lat="-27.53737" lon="-70.44530"/><trkpt lat="-27.53903" lon="-70.44470"/><trkpt lat="-27.54077" lon="-70.44410"/><trkpt lat="-27.54089" lon="-70.44409"/><trkpt lat="-27.54098" lon="-70.44409"/><trkpt lat="-27.54106" lon="-70.44410"/><trkpt lat="-27.54113" lon="-70.44413"/><trkpt lat="-27.54119" lon="-70.44418"/><trkpt lat="-27.54125" lon="-70.44424"/><trkpt lat="-27.54129" lon="-70.44431"/><trkpt lat="-27.54132" lon="-70.44439"/><trkpt lat="-27.54134" lon="-70.44447"/><trkpt lat="-27.54134" lon="-70.44456"/><trkpt lat="-27.54132" lon="-70.44464"/><trkpt lat="-27.54130" lon="-70.44472"/><trkpt lat="-27.54125" lon="-70.44479"/><trkpt lat="-27.54120" lon="-70.44486"/><trkpt lat="-27.54114" lon="-70.44491"/><trkpt lat="-27.54107" lon="-70.44494"/><trkpt lat="-27.54099" lon="-70.44497"/><trkpt lat="-27.54090" lon="-70.44497"/><trkpt lat="-27.54070" lon="-70.44492"/><trkpt lat="-27.54057" lon="-70.44487"/><trkpt lat="-27.54040" lon="-70.44481"/><trkpt lat="-27.54025" lon="-70.44475"/><trkpt lat="-27.54005" lon="-70.44466"/><trkpt lat="-27.53986" lon="-70.44456"/><trkpt lat="-27.53873" lon="-70.44385"/><trkpt lat="-27.53810" lon="-70.44341"/><trkpt lat="-27.53601" lon="-70.44204"/><trkpt lat="-27.53204" lon="-70.43946"/><trkpt lat="-27.52851" lon="-70.43718"/><trkpt lat="-27.52744" lon="-70.43659"/><trkpt lat="-27.52741" lon="-70.43680"/><trkpt lat="-27.52743" lon="-70.43710"/><trkpt lat="-27.52756" lon="-70.43928"/><trkpt lat="-27.52763" lon="-70.43963"/><trkpt lat="-27.52774" lon="-70.43994"/><trkpt lat="-27.52787" lon="-70.44021"/><trkpt lat="-27.52807" lon="-70.44054"/><trkpt lat="-27.52918" lon="-70.44172"/><trkpt lat="-27.53171" lon="-70.44435"/><trkpt lat="-27.53210" lon="-70.44479"/><trkpt lat="-27.53245" lon="-70.44505"/><trkpt lat="-27.53261" lon="-70.44511"/><trkpt lat="-27.53278" lon="-70.44514"/><trkpt lat="-27.53295" lon="-70.44514"/><trkpt lat="-27.53312" lon="-70.44511"/><trkpt lat="-27.53649" lon="-70.44430"/><trkpt lat="-27.53657" lon="-70.44426"/><trkpt lat="-27.53663" lon="-70.44421"/><trkpt lat="-27.53670" lon="-70.44410"/><trkpt lat="-27.53686" lon="-70.44387"/><trkpt lat="-27.53725" lon="-70.44332"/><trkpt lat="-27.53732" lon="-70.44327"/><trkpt lat="-27.53746" lon="-70.44323"/><trkpt lat="-27.53803" lon="-70.44314"/><trkpt lat="-27.53816" lon="-70.44314"/><trkpt lat="-27.53826" lon="-70.44316"/><trkpt lat="-27.53845" lon="-70.44323"/><trkpt lat="-27.53868" lon="-70.44329"/><trkpt lat="-27.53904" lon="-70.44336"/><trkpt lat="-27.53928" lon="-70.44339"/><trkpt lat="-27.53959" lon="-70.44342"/><trkpt lat="-27.53991" lon="-70.44342"/><trkpt lat="-27.54023" lon="-70.44342"/><trkpt lat="-27.54054" lon="-70.44340"/><trkpt lat="-27.54081" lon="-70.44336"/><trkpt lat="-27.54115" lon="-70.44330"/><trkpt lat="-27.54149" lon="-70.44322"/><trkpt lat="-27.54192" lon="-70.44309"/><trkpt lat="-27.54770" lon="-70.44132"/><trkpt lat="-27.54820" lon="-70.44119"/><trkpt lat="-27.54275" lon="-70.44321"/><trkpt lat="-27.54071" lon="-70.44395"/><trkpt lat="-27.53865" lon="-70.44467"/><trkpt lat="-27.53851" lon="-70.44467"/><trkpt lat="-27.53843" lon="-70.44467"/><trkpt lat="-27.53835" lon="-70.44465"/><trkpt lat="-27.53828" lon="-70.44462"/><trkpt lat="-27.53821" lon="-70.44456"/><trkpt lat="-27.53816" lon="-70.44450"/><trkpt lat="-27.53812" lon="-70.44442"/><trkpt lat="-27.53809" lon="-70.44434"/><trkpt lat="-27.53808" lon="-70.44425"/><trkpt lat="-27.53809" lon="-70.44417"/><trkpt lat="-27.53810" lon="-70.44410"/><trkpt lat="-27.53813" lon="-70.44403"/><trkpt lat="-27.53817" lon="-70.44396"/><trkpt lat="-27.53822" lon="-70.44391"/><trkpt lat="-27.53828" lon="-70.44386"/><trkpt lat="-27.53834" lon="-70.44383"/><trkpt lat="-27.53841" lon="-70.44381"/><trkpt lat="-27.53849" lon="-70.44380"/><trkpt lat="-27.53856" lon="-70.44381"/><trkpt lat="-27.53865" lon="-70.44383"/><trkpt lat="-27.53939" lon="-70.44428"/><trkpt lat="-27.53995" lon="-70.44461"/><trkpt lat="-27.54015" lon="-70.44471"/><trkpt lat="-27.54031" lon="-70.44478"/><trkpt lat="-27.54049" lon="-70.44485"/><trkpt lat="-27.54063" lon="-70.44490"/><trkpt lat="-27.54080" lon="-70.44495"/><trkpt lat="-27.54103" lon="-70.44500"/><trkpt lat="-27.54122" lon="-70.44502"/><trkpt lat="-27.54145" lon="-70.44504"/><trkpt lat="-27.54169" lon="-70.44504"/><trkpt lat="-27.54189" lon="-70.44503"/><trkpt lat="-27.54210" lon="-70.44501"/><trkpt lat="-27.54228" lon="-70.44498"/><trkpt lat="-27.54246" lon="-70.44494"/><trkpt lat="-27.54264" lon="-70.44488"/><trkpt lat="-27.54282" lon="-70.44482"/><trkpt lat="-27.54300" lon="-70.44475"/><trkpt lat="-27.54321" lon="-70.44465"/><trkpt lat="-27.54340" lon="-70.44456"/><trkpt lat="-27.54361" lon="-70.44443"/><trkpt lat="-27.54379" lon="-70.44431"/><trkpt lat="-27.54398" lon="-70.44416"/><trkpt lat="-27.54422" lon="-70.44395"/><trkpt lat="-27.54446" lon="-70.44372"/><trkpt lat="-27.54534" lon="-70.44281"/><trkpt lat="-27.54547" lon="-70.44269"/><trkpt lat="-27.54563" lon="-70.44256"/><trkpt lat="-27.54579" lon="-70.44243"/><trkpt lat="-27.54593" lon="-70.44234"/><trkpt lat="-27.54607" lon="-70.44225"/><trkpt lat="-27.54624" lon="-70.44215"/><trkpt lat="-27.54672" lon="-70.44191"/><trkpt lat="-27.54887" lon="-70.44113"/><trkpt lat="-27.54957" lon="-70.44090"/><trkpt lat="-27.55019" lon="-70.44071"/><trkpt lat="-27.55064" lon="-70.44058"/><trkpt lat="-27.55091" lon="-70.44051"/><trkpt lat="-27.55113" lon="-70.44045"/><trkpt lat="-27.55137" lon="-70.44041"/><trkpt lat="-27.55161" lon="-70.44037"/><trkpt lat="-27.55182" lon="-70.44034"/><trkpt lat="-27.55202" lon="-70.44033"/><trkpt lat="-27.55226" lon="-70.44032"/><trkpt lat="-27.55247" lon="-70.44032"/><trkpt lat="-27.55269" lon="-70.44032"/><trkpt lat="-27.55290" lon="-70.44034"/><trkpt lat="-27.55310" lon="-70.44036"/><trkpt lat="-27.55331" lon="-70.44040"/><trkpt lat="-27.55350" lon="-70.44043"/><trkpt lat="-27.55566" lon="-70.44093"/><trkpt lat="-27.55638" lon="-70.44111"/><trkpt lat="-27.55806" lon="-70.44154"/><trkpt lat="-27.56158" lon="-70.44248"/><trkpt lat="-27.56533" lon="-70.44343"/><trkpt lat="-27.57006" lon="-70.44464"/><trkpt lat="-27.57766" lon="-70.44662"/><trkpt lat="-27.58775" lon="-70.44923"/><trkpt lat="-27.59395" lon="-70.45085"/><trkpt lat="-27.59685" lon="-70.45160"/><trkpt lat="-27.60065" lon="-70.45260"/><trkpt lat="-27.60256" lon="-70.45309"/><trkpt lat="-27.60321" lon="-70.45328"/><trkpt lat="-27.60334" lon="-70.45336"/><trkpt lat="-27.60342" lon="-70.45342"/><trkpt lat="-27.60347" lon="-70.45348"/><trkpt lat="-27.60352" lon="-70.45355"/><trkpt lat="-27.60355" lon="-70.45362"/><trkpt lat="-27.60357" lon="-70.45370"/><trkpt lat="-27.60358" lon="-70.45378"/><trkpt lat="-27.60357" lon="-70.45387"/><trkpt lat="-27.60355" lon="-70.45395"/><trkpt lat="-27.60352" lon="-70.45402"/><trkpt lat="-27.60347" lon="-70.45408"/><trkpt lat="-27.60341" lon="-70.45414"/><trkpt lat="-27.60335" lon="-70.45418"/><trkpt lat="-27.60328" lon="-70.45420"/><trkpt lat="-27.60320" lon="-70.45421"/><trkpt lat="-27.60313" lon="-70.45421"/><trkpt lat="-27.60306" lon="-70.45418"/><trkpt lat="-27.60299" lon="-70.45414"/><trkpt lat="-27.60293" lon="-70.45409"/><trkpt lat="-27.60288" lon="-70.45403"/><trkpt lat="-27.60285" lon="-70.45395"/><trkpt lat="-27.60282" lon="-70.45387"/><trkpt lat="-27.60281" lon="-70.45379"/><trkpt lat="-27.60281" lon="-70.45369"/><trkpt lat="-27.60282" lon="-70.45357"/><trkpt lat="-27.60286" lon="-70.45340"/><trkpt lat="-27.60313" lon="-70.45261"/><trkpt lat="-27.60324" lon="-70.45243"/><trkpt lat="-27.60333" lon="-70.45234"/><trkpt lat="-27.60339" lon="-70.45230"/><trkpt lat="-27.60347" lon="-70.45227"/><trkpt lat="-27.60355" lon="-70.45226"/><trkpt lat="-27.60363" lon="-70.45226"/><trkpt lat="-27.60370" lon="-70.45228"/><trkpt lat="-27.60377" lon="-70.45232"/><trkpt lat="-27.60383" lon="-70.45237"/><trkpt lat="-27.60389" lon="-70.45244"/><trkpt lat="-27.60393" lon="-70.45251"/><trkpt lat="-27.60395" lon="-70.45260"/><trkpt lat="-27.60397" lon="-70.45268"/><trkpt lat="-27.60396" lon="-70.45277"/><trkpt lat="-27.60394" lon="-70.45286"/><trkpt lat="-27.60391" lon="-70.45294"/><trkpt lat="-27.60386" lon="-70.45301"/><trkpt lat="-27.60381" lon="-70.45307"/><trkpt lat="-27.60374" lon="-70.45311"/><trkpt lat="-27.60366" lon="-70.45314"/><trkpt lat="-27.60356" lon="-70.45317"/><trkpt lat="-27.60341" lon="-70.45317"/><trkpt lat="-27.60254" lon="-70.45292"/><trkpt lat="-27.60245" lon="-70.45286"/><trkpt lat="-27.60239" lon="-70.45280"/><trkpt lat="-27.60234" lon="-70.45272"/><trkpt lat="-27.60231" lon="-70.45263"/><trkpt lat="-27.60229" lon="-70.45253"/><trkpt lat="-27.60229" lon="-70.45244"/><trkpt lat="-27.60231" lon="-70.45234"/><trkpt lat="-27.60234" lon="-70.45225"/><trkpt lat="-27.60239" lon="-70.45218"/><trkpt lat="-27.60245" lon="-70.45211"/><trkpt lat="-27.60252" lon="-70.45207"/><trkpt lat="-27.60260" lon="-70.45203"/><trkpt lat="-27.60268" lon="-70.45202"/><trkpt lat="-27.60276" lon="-70.45203"/><trkpt lat="-27.60284" lon="-70.45205"/><trkpt lat="-27.60291" lon="-70.45208"/><trkpt lat="-27.60297" lon="-70.45214"/><trkpt lat="-27.60303" lon="-70.45221"/><trkpt lat="-27.60307" lon="-70.45228"/><trkpt lat="-27.60310" lon="-70.45237"/><trkpt lat="-27.60312" lon="-70.45248"/><trkpt lat="-27.60313" lon="-70.45261"/><trkpt lat="-27.60286" lon="-70.45340"/><trkpt lat="-27.60278" lon="-70.45362"/><trkpt lat="-27.60220" lon="-70.45525"/><trkpt lat="-27.60204" lon="-70.45571"/><trkpt lat="-27.60202" lon="-70.45587"/><trkpt lat="-27.60203" lon="-70.45604"/><trkpt lat="-27.60210" lon="-70.45621"/><trkpt lat="-27.60226" lon="-70.45644"/><trkpt lat="-27.60235" lon="-70.45658"/><trkpt lat="-27.60242" lon="-70.45674"/><trkpt lat="-27.60245" lon="-70.45691"/><trkpt lat="-27.60247" lon="-70.45708"/><trkpt lat="-27.60246" lon="-70.45725"/><trkpt lat="-27.60242" lon="-70.45745"/><trkpt lat="-27.60162" lon="-70.45989"/><trkpt lat="-27.60031" lon="-70.46393"/><trkpt lat="-27.60023" lon="-70.46413"/><trkpt lat="-27.60012" lon="-70.46434"/><trkpt lat="-27.59997" lon="-70.46456"/><trkpt lat="-27.59845" lon="-70.46642"/><trkpt lat="-27.59800" lon="-70.46702"/><trkpt lat="-27.59775" lon="-70.46747"/><trkpt lat="-27.59752" lon="-70.46796"/><trkpt lat="-27.59733" lon="-70.46847"/><trkpt lat="-27.59713" lon="-70.46914"/><trkpt lat="-27.59708" lon="-70.46933"/><trkpt lat="-27.59706" lon="-70.46952"/><trkpt lat="-27.59706" lon="-70.46979"/><trkpt lat="-27.59705" lon="-70.47021"/><trkpt lat="-27.59700" lon="-70.47056"/><trkpt lat="-27.59690" lon="-70.47104"/><trkpt lat="-27.59671" lon="-70.47193"/><trkpt lat="-27.59669" lon="-70.47216"/><trkpt lat="-27.59670" lon="-70.47236"/><trkpt lat="-27.59672" lon="-70.47261"/><trkpt lat="-27.59672" lon="-70.47284"/><trkpt lat="-27.59670" lon="-70.47303"/><trkpt lat="-27.59659" lon="-70.47404"/><trkpt lat="-27.59661" lon="-70.47543"/><trkpt lat="-27.59645" lon="-70.47704"/><trkpt lat="-27.59652" lon="-70.47841"/><trkpt lat="-27.59646" lon="-70.47906"/><trkpt lat="-27.59640" lon="-70.47941"/><trkpt lat="-27.59631" lon="-70.47981"/><trkpt lat="-27.59611" lon="-70.48046"/><trkpt lat="-27.59566" lon="-70.48215"/><trkpt lat="-27.59480" lon="-70.48567"/><trkpt lat="-27.59456" lon="-70.48674"/><trkpt lat="-27.59440" lon="-70.48720"/><trkpt lat="-27.59359" lon="-70.48904"/><trkpt lat="-27.59309" lon="-70.48986"/><trkpt lat="-27.59263" lon="-70.49050"/><trkpt lat="-27.59241" lon="-70.49089"/><trkpt lat="-27.59198" lon="-70.49185"/><trkpt lat="-27.59174" lon="-70.49233"/><trkpt lat="-27.59157" lon="-70.49281"/><trkpt lat="-27.59142" lon="-70.49322"/><trkpt lat="-27.59119" lon="-70.49378"/><trkpt lat="-27.59090" lon="-70.49454"/><trkpt lat="-27.59057" lon="-70.49524"/><trkpt lat="-27.59021" lon="-70.49571"/><trkpt lat="-27.58954" lon="-70.49648"/><trkpt lat="-27.58888" lon="-70.49690"/><trkpt lat="-27.58863" lon="-70.49720"/><trkpt lat="-27.58727" lon="-70.49813"/><trkpt lat="-27.58684" lon="-70.49870"/><trkpt lat="-27.58660" lon="-70.49971"/><trkpt lat="-27.58650" lon="-70.50059"/><trkpt lat="-27.58655" lon="-70.50138"/><trkpt lat="-27.58644" lon="-70.50186"/><trkpt lat="-27.58639" lon="-70.50240"/><trkpt lat="-27.58638" lon="-70.50298"/><trkpt lat="-27.58609" lon="-70.50344"/><trkpt lat="-27.58521" lon="-70.50434"/><trkpt lat="-27.58501" lon="-70.50457"/><trkpt lat="-27.58495" lon="-70.50469"/><trkpt lat="-27.58488" lon="-70.50485"/><trkpt lat="-27.58482" lon="-70.50510"/><trkpt lat="-27.58473" lon="-70.50570"/><trkpt lat="-27.58470" lon="-70.50600"/><trkpt lat="-27.58467" lon="-70.50615"/><trkpt lat="-27.58460" lon="-70.50632"/><trkpt lat="-27.58443" lon="-70.50663"/><trkpt lat="-27.58426" lon="-70.50702"/><trkpt lat="-27.58401" lon="-70.50782"/><trkpt lat="-27.58392" lon="-70.50828"/><trkpt lat="-27.58386" lon="-70.50880"/><trkpt lat="-27.58388" lon="-70.50915"/><trkpt lat="-27.58393" lon="-70.50933"/><trkpt lat="-27.58400" lon="-70.50947"/><trkpt lat="-27.58408" lon="-70.50959"/><trkpt lat="-27.58538" lon="-70.51134"/><trkpt lat="-27.58591" lon="-70.51282"/><trkpt lat="-27.58628" lon="-70.51604"/><trkpt lat="-27.58687" lon="-70.52197"/><trkpt lat="-27.58744" lon="-70.52491"/><trkpt lat="-27.58801" lon="-70.52956"/><trkpt lat="-27.58860" lon="-70.53505"/><trkpt lat="-27.58911" lon="-70.53837"/><trkpt lat="-27.58907" lon="-70.53934"/><trkpt lat="-27.58879" lon="-70.54037"/><trkpt lat="-27.58803" lon="-70.54217"/><trkpt lat="-27.58732" lon="-70.54348"/><trkpt lat="-27.58576" lon="-70.54618"/><trkpt lat="-27.58439" lon="-70.54829"/><trkpt lat="-27.58340" lon="-70.54978"/><trkpt lat="-27.58264" lon="-70.55104"/><trkpt lat="-27.58245" lon="-70.55134"/><trkpt lat="-27.58225" lon="-70.55162"/><trkpt lat="-27.58193" lon="-70.55200"/><trkpt lat="-27.58065" lon="-70.55343"/><trkpt lat="-27.58056" lon="-70.55355"/><trkpt lat="-27.58049" lon="-70.55368"/><trkpt lat="-27.58045" lon="-70.55381"/><trkpt lat="-27.58042" lon="-70.55408"/><trkpt lat="-27.58041" lon="-70.55429"/><trkpt lat="-27.58038" lon="-70.55446"/><trkpt lat="-27.58033" lon="-70.55461"/><trkpt lat="-27.58024" lon="-70.55478"/><trkpt lat="-27.57977" lon="-70.55555"/><trkpt lat="-27.57934" lon="-70.55638"/><trkpt lat="-27.57906" lon="-70.55707"/><trkpt lat="-27.57879" lon="-70.55787"/><trkpt lat="-27.57832" lon="-70.55906"/><trkpt lat="-27.57773" lon="-70.56010"/><trkpt lat="-27.57722" lon="-70.56054"/><trkpt lat="-27.57703" lon="-70.56079"/><trkpt lat="-27.57675" lon="-70.56138"/><trkpt lat="-27.57594" lon="-70.56240"/><trkpt lat="-27.57495" lon="-70.56352"/><trkpt lat="-27.57396" lon="-70.56448"/><trkpt lat="-27.57336" lon="-70.56490"/><trkpt lat="-27.57271" lon="-70.56508"/><trkpt lat="-27.57200" lon="-70.56544"/><trkpt lat="-27.57162" lon="-70.56571"/><trkpt lat="-27.57117" lon="-70.56636"/><trkpt lat="-27.57082" lon="-70.56710"/><trkpt lat="-27.57044" lon="-70.56844"/><trkpt lat="-27.57037" lon="-70.56929"/><trkpt lat="-27.57020" lon="-70.57020"/><trkpt lat="-27.57002" lon="-70.57081"/><trkpt lat="-27.56992" lon="-70.57147"/><trkpt lat="-27.56976" lon="-70.57225"/><trkpt lat="-27.56968" lon="-70.57293"/><trkpt lat="-27.56813" lon="-70.57701"/><trkpt lat="-27.56731" lon="-70.57834"/><trkpt lat="-27.56616" lon="-70.58107"/><trkpt lat="-27.56555" lon="-70.58311"/><trkpt lat="-27.56453" lon="-70.58716"/><trkpt lat="-27.56395" lon="-70.58878"/><trkpt lat="-27.56314" lon="-70.59133"/><trkpt lat="-27.56263" lon="-70.59257"/><trkpt lat="-27.56201" lon="-70.59467"/><trkpt lat="-27.56099" lon="-70.59722"/><trkpt lat="-27.56060" lon="-70.59854"/><trkpt lat="-27.55995" lon="-70.60013"/><trkpt lat="-27.55897" lon="-70.60325"/><trkpt lat="-27.55821" lon="-70.60499"/><trkpt lat="-27.55708" lon="-70.60795"/><trkpt lat="-27.55558" lon="-70.61065"/><trkpt lat="-27.55405" lon="-70.61321"/><trkpt lat="-27.55240" lon="-70.61637"/><trkpt lat="-27.55136" lon="-70.61948"/><trkpt lat="-27.55107" lon="-70.62320"/><trkpt lat="-27.55064" lon="-70.62519"/><trkpt lat="-27.55048" lon="-70.62761"/><trkpt lat="-27.55003" lon="-70.62923"/><trkpt lat="-27.54868" lon="-70.63213"/><trkpt lat="-27.54774" lon="-70.63532"/><trkpt lat="-27.54697" lon="-70.63782"/><trkpt lat="-27.54692" lon="-70.63883"/><trkpt lat="-27.54656" lon="-70.64053"/><trkpt lat="-27.54591" lon="-70.64300"/><trkpt lat="-27.54576" lon="-70.64386"/><trkpt lat="-27.54564" lon="-70.64475"/><trkpt lat="-27.54559" lon="-70.64520"/><trkpt lat="-27.54558" lon="-70.64710"/><trkpt lat="-27.54576" lon="-70.64960"/><trkpt lat="-27.54611" lon="-70.65238"/><trkpt lat="-27.54600" lon="-70.65666"/><trkpt lat="-27.54599" lon="-70.65737"/><trkpt lat="-27.54633" lon="-70.66377"/><trkpt lat="-27.54584" lon="-70.66578"/><trkpt lat="-27.54533" lon="-70.66963"/><trkpt lat="-27.54489" lon="-70.67405"/><trkpt lat="-27.54439" lon="-70.67603"/><trkpt lat="-27.54421" lon="-70.67668"/><trkpt lat="-27.54408" lon="-70.67726"/><trkpt lat="-27.54403" lon="-70.67760"/><trkpt lat="-27.54399" lon="-70.67805"/><trkpt lat="-27.54393" lon="-70.67938"/><trkpt lat="-27.54390" lon="-70.68086"/><trkpt lat="-27.54390" lon="-70.68164"/><trkpt lat="-27.54388" lon="-70.68240"/><trkpt lat="-27.54368" lon="-70.68416"/><trkpt lat="-27.54356" lon="-70.68523"/><trkpt lat="-27.54350" lon="-70.68568"/><trkpt lat="-27.54341" lon="-70.68624"/><trkpt lat="-27.54338" lon="-70.68659"/><trkpt lat="-27.54337" lon="-70.68686"/><trkpt lat="-27.54338" lon="-70.68715"/><trkpt lat="-27.54342" lon="-70.68742"/><trkpt lat="-27.54350" lon="-70.68778"/><trkpt lat="-27.54354" lon="-70.68793"/><trkpt lat="-27.54362" lon="-70.68808"/><trkpt lat="-27.54374" lon="-70.68824"/><trkpt lat="-27.54420" lon="-70.68870"/><trkpt lat="-27.54499" lon="-70.68937"/><trkpt lat="-27.54569" lon="-70.69003"/><trkpt lat="-27.54624" lon="-70.69052"/><trkpt lat="-27.54656" lon="-70.69083"/><trkpt lat="-27.54689" lon="-70.69118"/><trkpt lat="-27.54775" lon="-70.69219"/><trkpt lat="-27.54841" lon="-70.69295"/><trkpt lat="-27.54881" lon="-70.69336"/><trkpt lat="-27.54918" lon="-70.69371"/><trkpt lat="-27.55057" lon="-70.69469"/><trkpt lat="-27.55304" lon="-70.69668"/><trkpt lat="-27.55405" lon="-70.69746"/><trkpt lat="-27.55421" lon="-70.69761"/><trkpt lat="-27.55435" lon="-70.69779"/><trkpt lat="-27.55447" lon="-70.69800"/><trkpt lat="-27.55456" lon="-70.69822"/><trkpt lat="-27.55497" lon="-70.69949"/><trkpt lat="-27.55533" lon="-70.70085"/><trkpt lat="-27.55566" lon="-70.70199"/><trkpt lat="-27.55573" lon="-70.70235"/><trkpt lat="-27.55578" lon="-70.70274"/><trkpt lat="-27.55580" lon="-70.70313"/><trkpt lat="-27.55580" lon="-70.70468"/><trkpt lat="-27.55579" lon="-70.70506"/><trkpt lat="-27.55576" lon="-70.70546"/><trkpt lat="-27.55568" lon="-70.70590"/><trkpt lat="-27.55538" lon="-70.70737"/><trkpt lat="-27.55531" lon="-70.70780"/><trkpt lat="-27.55525" lon="-70.70833"/><trkpt lat="-27.55515" lon="-70.70985"/><trkpt lat="-27.55502" lon="-70.71127"/><trkpt lat="-27.55500" lon="-70.71173"/><trkpt lat="-27.55501" lon="-70.71220"/><trkpt lat="-27.55506" lon="-70.71275"/><trkpt lat="-27.55511" lon="-70.71319"/><trkpt lat="-27.55513" lon="-70.71360"/><trkpt lat="-27.55498" lon="-70.71726"/><trkpt lat="-27.55441" lon="-70.72068"/><trkpt lat="-27.55385" lon="-70.72573"/><trkpt lat="-27.55300" lon="-70.73688"/><trkpt lat="-27.55221" lon="-70.74268"/><trkpt lat="-27.55138" lon="-70.74610"/><trkpt lat="-27.55120" lon="-70.74694"/><trkpt lat="-27.55115" lon="-70.74730"/><trkpt lat="-27.55114" lon="-70.74769"/><trkpt lat="-27.55119" lon="-70.74869"/><trkpt lat="-27.55128" lon="-70.75014"/><trkpt lat="-27.55126" lon="-70.75117"/><trkpt lat="-27.55114" lon="-70.75268"/><trkpt lat="-27.55109" lon="-70.75422"/><trkpt lat="-27.55105" lon="-70.75473"/><trkpt lat="-27.55099" lon="-70.75522"/><trkpt lat="-27.55092" lon="-70.75569"/><trkpt lat="-27.55049" lon="-70.75837"/><trkpt lat="-27.55026" lon="-70.76036"/><trkpt lat="-27.55013" lon="-70.76215"/><trkpt lat="-27.55014" lon="-70.76355"/><trkpt lat="-27.55017" lon="-70.76463"/><trkpt lat="-27.55015" lon="-70.76504"/><trkpt lat="-27.54988" lon="-70.76668"/><trkpt lat="-27.54953" lon="-70.76895"/><trkpt lat="-27.54919" lon="-70.77059"/><trkpt lat="-27.54891" lon="-70.77201"/><trkpt lat="-27.54884" lon="-70.77258"/><trkpt lat="-27.54878" lon="-70.77318"/><trkpt lat="-27.54875" lon="-70.77379"/><trkpt lat="-27.54852" lon="-70.77790"/><trkpt lat="-27.54806" lon="-70.77994"/><trkpt lat="-27.54737" lon="-70.78355"/><trkpt lat="-27.54714" lon="-70.78472"/><trkpt lat="-27.54645" lon="-70.78836"/><trkpt lat="-27.54601" lon="-70.79070"/><trkpt lat="-27.54546" lon="-70.79321"/><trkpt lat="-27.54489" lon="-70.79656"/><trkpt lat="-27.54415" lon="-70.80111"/><trkpt lat="-27.54366" lon="-70.80394"/><trkpt lat="-27.54347" lon="-70.80605"/><trkpt lat="-27.54329" lon="-70.80831"/><trkpt lat="-27.54325" lon="-70.80941"/><trkpt lat="-27.54092" lon="-70.80998"/><trkpt lat="-27.54128" lon="-70.81094"/><trkpt lat="-27.54172" lon="-70.81206"/><trkpt lat="-27.54215" lon="-70.81319"/><trkpt lat="-27.54236" lon="-70.81383"/><trkpt lat="-27.54251" lon="-70.81438"/><trkpt lat="-27.54263" lon="-70.81490"/><trkpt lat="-27.54273" lon="-70.81549"/><trkpt lat="-27.54278" lon="-70.81598"/><trkpt lat="-27.54282" lon="-70.81655"/><trkpt lat="-27.54288" lon="-70.81811"/><trkpt lat="-27.54291" lon="-70.81878"/><trkpt lat="-27.54298" lon="-70.81947"/><trkpt lat="-27.54304" lon="-70.81993"/><trkpt lat="-27.54308" lon="-70.82031"/><trkpt lat="-27.54309" lon="-70.82059"/><trkpt lat="-27.54309" lon="-70.82091"/><trkpt lat="-27.54305" lon="-70.82122"/><trkpt lat="-27.54300" lon="-70.82152"/><trkpt lat="-27.54262" lon="-70.82273"/><trkpt lat="-27.54160" lon="-70.82590"/><trkpt lat="-27.54095" lon="-70.82777"/><trkpt lat="-27.54067" lon="-70.82854"/><trkpt lat="-27.54045" lon="-70.82906"/><trkpt lat="-27.54021" lon="-70.82958"/><trkpt lat="-27.53995" lon="-70.83010"/><trkpt lat="-27.53877" lon="-70.83232"/><trkpt lat="-27.53854" lon="-70.83271"/><trkpt lat="-27.53827" lon="-70.83313"/><trkpt lat="-27.53733" lon="-70.83455"/><trkpt lat="-27.53684" lon="-70.83535"/><trkpt lat="-27.53655" lon="-70.83588"/><trkpt lat="-27.53618" lon="-70.83666"/><trkpt lat="-27.53548" lon="-70.83818"/><trkpt lat="-27.53532" lon="-70.83849"/><trkpt lat="-27.53514" lon="-70.83879"/><trkpt lat="-27.53493" lon="-70.83907"/><trkpt lat="-27.53452" lon="-70.83960"/><trkpt lat="-27.53437" lon="-70.83983"/><trkpt lat="-27.53424" lon="-70.84007"/><trkpt lat="-27.53412" lon="-70.84034"/><trkpt lat="-27.53392" lon="-70.84092"/><trkpt lat="-27.53371" lon="-70.84140"/><trkpt lat="-27.53342" lon="-70.84199"/><trkpt lat="-27.53292" lon="-70.84302"/><trkpt lat="-27.53278" lon="-70.84337"/><trkpt lat="-27.53267" lon="-70.84369"/><trkpt lat="-27.53259" lon="-70.84396"/><trkpt lat="-27.53253" lon="-70.84424"/><trkpt lat="-27.53250" lon="-70.84452"/><trkpt lat="-27.53250" lon="-70.84480"/><trkpt lat="-27.53252" lon="-70.84508"/><trkpt lat="-27.53258" lon="-70.84535"/><trkpt lat="-27.53265" lon="-70.84565"/><trkpt lat="-27.53278" lon="-70.84602"/><trkpt lat="-27.53297" lon="-70.84649"/><trkpt lat="-27.53312" lon="-70.84686"/><trkpt lat="-27.53361" lon="-70.84788"/><trkpt lat="-27.53367" lon="-70.84808"/><trkpt lat="-27.53371" lon="-70.84827"/><trkpt lat="-27.53372" lon="-70.84849"/><trkpt lat="-27.53240" lon="-70.84859"/><trkpt lat="-27.53181" lon="-70.84859"/><trkpt lat="-27.53067" lon="-70.84858"/><trkpt lat="-27.52894" lon="-70.84858"/><trkpt lat="-27.52756" lon="-70.84855"/><trkpt lat="-27.52719" lon="-70.84852"/><trkpt lat="-27.52682" lon="-70.84846"/><trkpt lat="-27.52640" lon="-70.84834"/><trkpt lat="-27.52599" lon="-70.84819"/><trkpt lat="-27.52567" lon="-70.84804"/><trkpt lat="-27.52536" lon="-70.84786"/><trkpt lat="-27.52508" lon="-70.84767"/><trkpt lat="-27.52326" lon="-70.84640"/><trkpt lat="-27.52153" lon="-70.84521"/><trkpt lat="-27.52095" lon="-70.84484"/><trkpt lat="-27.52029" lon="-70.84447"/><trkpt lat="-27.51956" lon="-70.84409"/><trkpt lat="-27.51732" lon="-70.84302"/><trkpt lat="-27.51319" lon="-70.84109"/><trkpt lat="-27.50638" lon="-70.83786"/><trkpt lat="-27.50260" lon="-70.83612"/><trkpt lat="-27.50184" lon="-70.83581"/><trkpt lat="-27.50094" lon="-70.83548"/><trkpt lat="-27.50029" lon="-70.83527"/><trkpt lat="-27.49959" lon="-70.83507"/><trkpt lat="-27.49482" lon="-70.83380"/><trkpt lat="-27.49006" lon="-70.83252"/><trkpt lat="-27.48656" lon="-70.83157"/><trkpt lat="-27.48502" lon="-70.83119"/><trkpt lat="-27.48402" lon="-70.83095"/><trkpt lat="-27.48320" lon="-70.83078"/><trkpt lat="-27.47857" lon="-70.82993"/><trkpt lat="-27.47518" lon="-70.82932"/><trkpt lat="-27.46971" lon="-70.82831"/><trkpt lat="-27.46758" lon="-70.82792"/><trkpt lat="-27.46653" lon="-70.82771"/><trkpt lat="-27.46549" lon="-70.82747"/><trkpt lat="-27.46462" lon="-70.82722"/><trkpt lat="-27.46316" lon="-70.82681"/><trkpt lat="-27.45727" lon="-70.82509"/><trkpt lat="-27.45494" lon="-70.82442"/><trkpt lat="-27.45232" lon="-70.82366"/><trkpt lat="-27.45098" lon="-70.82329"/><trkpt lat="-27.45026" lon="-70.82310"/><trkpt lat="-27.44968" lon="-70.82296"/><trkpt lat="-27.44867" lon="-70.82274"/><trkpt lat="-27.44775" lon="-70.82256"/><trkpt lat="-27.44678" lon="-70.82240"/><trkpt lat="-27.44591" lon="-70.82227"/><trkpt lat="-27.44547" lon="-70.82222"/><trkpt lat="-27.44496" lon="-70.82215"/><trkpt lat="-27.44428" lon="-70.82209"/><trkpt lat="-27.44156" lon="-70.82186"/><trkpt lat="-27.43727" lon="-70.82149"/><trkpt lat="-27.43328" lon="-70.82113"/><trkpt lat="-27.42972" lon="-70.82083"/><trkpt lat="-27.42809" lon="-70.82067"/><trkpt lat="-27.42725" lon="-70.82062"/><trkpt lat="-27.42659" lon="-70.82060"/><trkpt lat="-27.42604" lon="-70.82060"/><trkpt lat="-27.42539" lon="-70.82064"/><trkpt lat="-27.42452" lon="-70.82075"/><trkpt lat="-27.41919" lon="-70.82142"/><trkpt lat="-27.40554" lon="-70.82312"/><trkpt lat="-27.40476" lon="-70.82323"/><trkpt lat="-27.40404" lon="-70.82335"/><trkpt lat="-27.40338" lon="-70.82349"/><trkpt lat="-27.40265" lon="-70.82368"/><trkpt lat="-27.40192" lon="-70.82390"/><trkpt lat="-27.40125" lon="-70.82414"/><trkpt lat="-27.40059" lon="-70.82442"/><trkpt lat="-27.39995" lon="-70.82471"/><trkpt lat="-27.39933" lon="-70.82504"/><trkpt lat="-27.39870" lon="-70.82540"/><trkpt lat="-27.39806" lon="-70.82580"/><trkpt lat="-27.39738" lon="-70.82627"/><trkpt lat="-27.39664" lon="-70.82682"/><trkpt lat="-27.39622" lon="-70.82718"/><trkpt lat="-27.39563" lon="-70.82770"/><trkpt lat="-27.39506" lon="-70.82825"/><trkpt lat="-27.39071" lon="-70.83270"/><trkpt lat="-27.38905" lon="-70.83446"/><trkpt lat="-27.38873" lon="-70.83483"/><trkpt lat="-27.38844" lon="-70.83522"/><trkpt lat="-27.38812" lon="-70.83571"/><trkpt lat="-27.38782" lon="-70.83621"/><trkpt lat="-27.38757" lon="-70.83673"/><trkpt lat="-27.38734" lon="-70.83726"/><trkpt lat="-27.38713" lon="-70.83784"/><trkpt lat="-27.38703" lon="-70.83813"/><trkpt lat="-27.38689" lon="-70.83867"/><trkpt lat="-27.38650" lon="-70.84045"/><trkpt lat="-27.38587" lon="-70.84325"/><trkpt lat="-27.38570" lon="-70.84390"/><trkpt lat="-27.38549" lon="-70.84458"/><trkpt lat="-27.38524" lon="-70.84529"/><trkpt lat="-27.38496" lon="-70.84600"/><trkpt lat="-27.38463" lon="-70.84672"/><trkpt lat="-27.38431" lon="-70.84731"/><trkpt lat="-27.38397" lon="-70.84789"/><trkpt lat="-27.38357" lon="-70.84851"/><trkpt lat="-27.37957" lon="-70.85395"/><trkpt lat="-27.37637" lon="-70.85828"/><trkpt lat="-27.37321" lon="-70.86252"/><trkpt lat="-27.37241" lon="-70.86352"/><trkpt lat="-27.36969" lon="-70.86659"/><trkpt lat="-27.36420" lon="-70.87278"/><trkpt lat="-27.36028" lon="-70.87721"/><trkpt lat="-27.35739" lon="-70.88049"/><trkpt lat="-27.35666" lon="-70.88138"/><trkpt lat="-27.34417" lon="-70.89776"/><trkpt lat="-27.34362" lon="-70.89847"/><trkpt lat="-27.34306" lon="-70.89917"/><trkpt lat="-27.34248" lon="-70.89986"/><trkpt lat="-27.34164" lon="-70.90083"/><trkpt lat="-27.33170" lon="-70.91126"/><trkpt lat="-27.33134" lon="-70.91160"/><trkpt lat="-27.33101" lon="-70.91185"/><trkpt lat="-27.33070" lon="-70.91204"/><trkpt lat="-27.33038" lon="-70.91220"/><trkpt lat="-27.33009" lon="-70.91231"/><trkpt lat="-27.32980" lon="-70.91240"/><trkpt lat="-27.32947" lon="-70.91245"/><trkpt lat="-27.32852" lon="-70.91254"/><trkpt lat="-27.32649" lon="-70.91270"/><trkpt lat="-27.32615" lon="-70.91272"/><trkpt lat="-27.32583" lon="-70.91271"/><trkpt lat="-27.32552" lon="-70.91268"/><trkpt lat="-27.32527" lon="-70.91263"/><trkpt lat="-27.32502" lon="-70.91256"/><trkpt lat="-27.32475" lon="-70.91246"/><trkpt lat="-27.32450" lon="-70.91234"/><trkpt lat="-27.32425" lon="-70.91219"/><trkpt lat="-27.32398" lon="-70.91200"/><trkpt lat="-27.32372" lon="-70.91178"/><trkpt lat="-27.32351" lon="-70.91157"/><trkpt lat="-27.32331" lon="-70.91132"/><trkpt lat="-27.32288" lon="-70.91072"/><trkpt lat="-27.32267" lon="-70.91093"/><trkpt lat="-27.32259" lon="-70.91105"/><trkpt lat="-27.32253" lon="-70.91119"/><trkpt lat="-27.32249" lon="-70.91134"/><trkpt lat="-27.32230" lon="-70.91226"/><trkpt lat="-27.32221" lon="-70.91255"/><trkpt lat="-27.32211" lon="-70.91282"/><trkpt lat="-27.32194" lon="-70.91320"/><trkpt lat="-27.32147" lon="-70.91405"/><trkpt lat="-27.32104" lon="-70.91490"/><trkpt lat="-27.32088" lon="-70.91518"/><trkpt lat="-27.32068" lon="-70.91547"/><trkpt lat="-27.32044" lon="-70.91576"/><trkpt lat="-27.31978" lon="-70.91644"/><trkpt lat="-27.31931" lon="-70.91692"/><trkpt lat="-27.31917" lon="-70.91701"/><trkpt lat="-27.31904" lon="-70.91706"/><trkpt lat="-27.31870" lon="-70.91712"/><trkpt lat="-27.31853" lon="-70.91716"/><trkpt lat="-27.31836" lon="-70.91724"/><trkpt lat="-27.31823" lon="-70.91733"/><trkpt lat="-27.31811" lon="-70.91745"/><trkpt lat="-27.31797" lon="-70.91763"/><trkpt lat="-27.31783" lon="-70.91784"/><trkpt lat="-27.31774" lon="-70.91803"/><trkpt lat="-27.31750" lon="-70.91857"/><trkpt lat="-27.31743" lon="-70.91878"/><trkpt lat="-27.31724" lon="-70.91939"/><trkpt lat="-27.31716" lon="-70.91959"/><trkpt lat="-27.31705" lon="-70.91979"/><trkpt lat="-27.31646" lon="-70.92069"/><trkpt lat="-27.31611" lon="-70.92118"/><trkpt lat="-27.31588" lon="-70.92152"/><trkpt lat="-27.31570" lon="-70.92181"/><trkpt lat="-27.31523" lon="-70.92262"/><trkpt lat="-27.31494" lon="-70.92314"/><trkpt lat="-27.31465" lon="-70.92370"/><trkpt lat="-27.31439" lon="-70.92423"/><trkpt lat="-27.31428" lon="-70.92442"/><trkpt lat="-27.31412" lon="-70.92464"/><trkpt lat="-27.31282" lon="-70.92638"/><trkpt lat="-27.31258" lon="-70.92675"/><trkpt lat="-27.31234" lon="-70.92711"/><trkpt lat="-27.31223" lon="-70.92724"/><trkpt lat="-27.31211" lon="-70.92735"/><trkpt lat="-27.31198" lon="-70.92743"/><trkpt lat="-27.31183" lon="-70.92750"/><trkpt lat="-27.31099" lon="-70.92776"/><trkpt lat="-27.31062" lon="-70.92784"/><trkpt lat="-27.31023" lon="-70.92789"/><trkpt lat="-27.30924" lon="-70.92791"/><trkpt lat="-27.30871" lon="-70.92792"/><trkpt lat="-27.30823" lon="-70.92795"/><trkpt lat="-27.30753" lon="-70.92802"/><trkpt lat="-27.30667" lon="-70.92813"/><trkpt lat="-27.30571" lon="-70.92830"/><trkpt lat="-27.30473" lon="-70.92849"/><trkpt lat="-27.30383" lon="-70.92869"/><trkpt lat="-27.30310" lon="-70.92888"/><trkpt lat="-27.30235" lon="-70.92909"/><trkpt lat="-27.29869" lon="-70.93015"/><trkpt lat="-27.29759" lon="-70.93077"/><trkpt lat="-27.29309" lon="-70.93239"/><trkpt lat="-27.28836" lon="-70.93449"/><trkpt lat="-27.28499" lon="-70.93659"/><trkpt lat="-27.28482" lon="-70.93668"/><trkpt lat="-27.28462" lon="-70.93674"/><trkpt lat="-27.28441" lon="-70.93677"/><trkpt lat="-27.28421" lon="-70.93677"/><trkpt lat="-27.28366" lon="-70.93674"/><trkpt lat="-27.28346" lon="-70.93676"/><trkpt lat="-27.28326" lon="-70.93680"/><trkpt lat="-27.28304" lon="-70.93690"/><trkpt lat="-27.28284" lon="-70.93702"/><trkpt lat="-27.28209" lon="-70.93755"/><trkpt lat="-27.28105" lon="-70.93832"/><trkpt lat="-27.28061" lon="-70.93867"/><trkpt lat="-27.27991" lon="-70.93923"/><trkpt lat="-27.27870" lon="-70.94022"/><trkpt lat="-27.27791" lon="-70.94088"/><trkpt lat="-27.27706" lon="-70.94154"/><trkpt lat="-27.27645" lon="-70.94197"/><trkpt lat="-27.27539" lon="-70.94273"/><trkpt lat="-27.27520" lon="-70.94290"/><trkpt lat="-27.27503" lon="-70.94309"/><trkpt lat="-27.27488" lon="-70.94334"/><trkpt lat="-27.27478" lon="-70.94358"/><trkpt lat="-27.27472" lon="-70.94380"/><trkpt lat="-27.27467" lon="-70.94406"/><trkpt lat="-27.27456" lon="-70.94484"/><trkpt lat="-27.27452" lon="-70.94504"/><trkpt lat="-27.27447" lon="-70.94523"/><trkpt lat="-27.27441" lon="-70.94539"/><trkpt lat="-27.27433" lon="-70.94556"/><trkpt lat="-27.27371" lon="-70.94645"/><trkpt lat="-27.27141" lon="-70.94972"/><trkpt lat="-27.27118" lon="-70.95002"/><trkpt lat="-27.27102" lon="-70.95019"/><trkpt lat="-27.27084" lon="-70.95033"/><trkpt lat="-27.27064" lon="-70.95044"/><trkpt lat="-27.27045" lon="-70.95052"/><trkpt lat="-27.27022" lon="-70.95058"/><trkpt lat="-27.26555" lon="-70.95154"/><trkpt lat="-27.26423" lon="-70.95181"/><trkpt lat="-27.26390" lon="-70.95183"/><trkpt lat="-27.26360" lon="-70.95182"/><trkpt lat="-27.26332" lon="-70.95177"/><trkpt lat="-27.26218" lon="-70.95150"/><trkpt lat="-27.26012" lon="-70.95098"/><trkpt lat="-27.25890" lon="-70.95068"/><trkpt lat="-27.25837" lon="-70.95055"/><trkpt lat="-27.25789" lon="-70.95045"/><trkpt lat="-27.25767" lon="-70.95041"/><trkpt lat="-27.25745" lon="-70.95040"/><trkpt lat="-27.25721" lon="-70.95042"/><trkpt lat="-27.25636" lon="-70.95058"/><trkpt lat="-27.25599" lon="-70.95064"/><trkpt lat="-27.25563" lon="-70.95067"/><trkpt lat="-27.25538" lon="-70.95066"/><trkpt lat="-27.25518" lon="-70.95063"/><trkpt lat="-27.25494" lon="-70.95055"/><trkpt lat="-27.25452" lon="-70.95040"/><trkpt lat="-27.25434" lon="-70.95036"/><trkpt lat="-27.25412" lon="-70.95033"/><trkpt lat="-27.25392" lon="-70.95033"/><trkpt lat="-27.25371" lon="-70.95035"/><trkpt lat="-27.25260" lon="-70.95058"/><trkpt lat="-27.25088" lon="-70.95095"/><trkpt lat="-27.25055" lon="-70.95098"/><trkpt lat="-27.25028" lon="-70.95097"/><trkpt lat="-27.24995" lon="-70.95092"/><trkpt lat="-27.24909" lon="-70.95073"/><trkpt lat="-27.24605" lon="-70.95007"/><trkpt lat="-27.24337" lon="-70.94950"/><trkpt lat="-27.24167" lon="-70.94912"/><trkpt lat="-27.23924" lon="-70.94859"/><trkpt lat="-27.23862" lon="-70.94845"/><trkpt lat="-27.23791" lon="-70.94828"/><trkpt lat="-27.23757" lon="-70.94820"/><trkpt lat="-27.23727" lon="-70.94815"/><trkpt lat="-27.23695" lon="-70.94813"/><trkpt lat="-27.23663" lon="-70.94814"/><trkpt lat="-27.23635" lon="-70.94819"/><trkpt lat="-27.23558" lon="-70.94834"/><trkpt lat="-27.23522" lon="-70.94837"/><trkpt lat="-27.23491" lon="-70.94837"/><trkpt lat="-27.23436" lon="-70.94836"/><trkpt lat="-27.23411" lon="-70.94832"/><trkpt lat="-27.23372" lon="-70.94821"/><trkpt lat="-27.23345" lon="-70.94811"/><trkpt lat="-27.23308" lon="-70.94794"/><trkpt lat="-27.23271" lon="-70.94773"/><trkpt lat="-27.23242" lon="-70.94754"/><trkpt lat="-27.23214" lon="-70.94732"/><trkpt lat="-27.23185" lon="-70.94705"/><trkpt lat="-27.23157" lon="-70.94674"/><trkpt lat="-27.23040" lon="-70.94538"/><trkpt lat="-27.22998" lon="-70.94495"/><trkpt lat="-27.22955" lon="-70.94455"/><trkpt lat="-27.22911" lon="-70.94419"/><trkpt lat="-27.22871" lon="-70.94389"/><trkpt lat="-27.22832" lon="-70.94362"/><trkpt lat="-27.22783" lon="-70.94331"/><trkpt lat="-27.22729" lon="-70.94298"/><trkpt lat="-27.22695" lon="-70.94274"/><trkpt lat="-27.22653" lon="-70.94244"/><trkpt lat="-27.22617" lon="-70.94218"/><trkpt lat="-27.22595" lon="-70.94204"/><trkpt lat="-27.22574" lon="-70.94194"/><trkpt lat="-27.22554" lon="-70.94187"/><trkpt lat="-27.22531" lon="-70.94182"/><trkpt lat="-27.22434" lon="-70.94174"/><trkpt lat="-27.22394" lon="-70.94170"/><trkpt lat="-27.22354" lon="-70.94164"/><trkpt lat="-27.22315" lon="-70.94155"/><trkpt lat="-27.22258" lon="-70.94140"/><trkpt lat="-27.22196" lon="-70.94123"/><trkpt lat="-27.22078" lon="-70.94093"/><trkpt lat="-27.22043" lon="-70.94083"/><trkpt lat="-27.21977" lon="-70.94060"/><trkpt lat="-27.21945" lon="-70.94051"/><trkpt lat="-27.21912" lon="-70.94044"/><trkpt lat="-27.21865" lon="-70.94038"/><trkpt lat="-27.21757" lon="-70.94027"/><trkpt lat="-27.21724" lon="-70.94022"/><trkpt lat="-27.21691" lon="-70.94014"/><trkpt lat="-27.21674" lon="-70.94030"/><trkpt lat="-27.21745" lon="-70.94060"/><trkpt lat="-27.21786" lon="-70.94109"/><trkpt lat="-27.21804" lon="-70.94174"/><trkpt lat="-27.21784" lon="-70.94263"/><trkpt lat="-27.21721" lon="-70.94326"/><trkpt lat="-27.21698" lon="-70.94361"/><trkpt lat="-27.21624" lon="-70.94445"/><trkpt lat="-27.21624" lon="-70.94445"/><trkpt lat="-27.21698" lon="-70.94361"/><trkpt lat="-27.21721" lon="-70.94326"/><trkpt lat="-27.21784" lon="-70.94263"/><trkpt lat="-27.21804" lon="-70.94174"/><trkpt lat="-27.21786" lon="-70.94109"/><trkpt lat="-27.21745" lon="-70.94060"/><trkpt lat="-27.21674" lon="-70.94030"/><trkpt lat="-27.21657" lon="-70.94003"/><trkpt lat="-27.21620" lon="-70.93989"/><trkpt lat="-27.21579" lon="-70.93968"/><trkpt lat="-27.21539" lon="-70.93945"/><trkpt lat="-27.21509" lon="-70.93925"/><trkpt lat="-27.21483" lon="-70.93904"/><trkpt lat="-27.21454" lon="-70.93877"/><trkpt lat="-27.21410" lon="-70.93832"/><trkpt lat="-27.21393" lon="-70.93816"/><trkpt lat="-27.21374" lon="-70.93801"/><trkpt lat="-27.21351" lon="-70.93782"/><trkpt lat="-27.21336" lon="-70.93768"/><trkpt lat="-27.21318" lon="-70.93746"/><trkpt lat="-27.21271" lon="-70.93678"/><trkpt lat="-27.21256" lon="-70.93659"/><trkpt lat="-27.21234" lon="-70.93637"/><trkpt lat="-27.21207" lon="-70.93617"/><trkpt lat="-27.21133" lon="-70.93567"/><trkpt lat="-27.20966" lon="-70.93456"/><trkpt lat="-27.20939" lon="-70.93441"/><trkpt lat="-27.20913" lon="-70.93431"/><trkpt lat="-27.20890" lon="-70.93424"/><trkpt lat="-27.20866" lon="-70.93421"/><trkpt lat="-27.20842" lon="-70.93419"/><trkpt lat="-27.20810" lon="-70.93420"/><trkpt lat="-27.20782" lon="-70.93425"/><trkpt lat="-27.20757" lon="-70.93431"/><trkpt lat="-27.20726" lon="-70.93443"/><trkpt lat="-27.20597" lon="-70.93497"/><trkpt lat="-27.20546" lon="-70.93517"/><trkpt lat="-27.20499" lon="-70.93533"/><trkpt lat="-27.20407" lon="-70.93559"/><trkpt lat="-27.20357" lon="-70.93574"/><trkpt lat="-27.20307" lon="-70.93593"/><trkpt lat="-27.20281" lon="-70.93604"/><trkpt lat="-27.20255" lon="-70.93617"/><trkpt lat="-27.20225" lon="-70.93637"/><trkpt lat="-27.20180" lon="-70.93668"/><trkpt lat="-27.20162" lon="-70.93677"/><trkpt lat="-27.20147" lon="-70.93683"/><trkpt lat="-27.20128" lon="-70.93688"/><trkpt lat="-27.20102" lon="-70.93691"/><trkpt lat="-27.20079" lon="-70.93691"/><trkpt lat="-27.19952" lon="-70.93672"/><trkpt lat="-27.19905" lon="-70.93668"/><trkpt lat="-27.19874" lon="-70.93667"/><trkpt lat="-27.19842" lon="-70.93668"/><trkpt lat="-27.19775" lon="-70.93676"/><trkpt lat="-27.19735" lon="-70.93680"/><trkpt lat="-27.19678" lon="-70.93681"/><trkpt lat="-27.19631" lon="-70.93679"/><trkpt lat="-27.19584" lon="-70.93674"/><trkpt lat="-27.19490" lon="-70.93658"/><trkpt lat="-27.19442" lon="-70.93648"/><trkpt lat="-27.19379" lon="-70.93634"/><trkpt lat="-27.19336" lon="-70.93619"/><trkpt lat="-27.19310" lon="-70.93607"/><trkpt lat="-27.19278" lon="-70.93591"/><trkpt lat="-27.19236" lon="-70.93568"/><trkpt lat="-27.19199" lon="-70.93551"/><trkpt lat="-27.19157" lon="-70.93536"/><trkpt lat="-27.19102" lon="-70.93521"/><trkpt lat="-27.19024" lon="-70.93501"/><trkpt lat="-27.19000" lon="-70.93492"/><trkpt lat="-27.18977" lon="-70.93478"/><trkpt lat="-27.18951" lon="-70.93458"/><trkpt lat="-27.18901" lon="-70.93420"/><trkpt lat="-27.18878" lon="-70.93405"/><trkpt lat="-27.18849" lon="-70.93389"/><trkpt lat="-27.18817" lon="-70.93377"/><trkpt lat="-27.18778" lon="-70.93367"/><trkpt lat="-27.18739" lon="-70.93359"/><trkpt lat="-27.18701" lon="-70.93354"/><trkpt lat="-27.18615" lon="-70.93348"/><trkpt lat="-27.18578" lon="-70.93344"/><trkpt lat="-27.18542" lon="-70.93339"/><trkpt lat="-27.18454" lon="-70.93321"/><trkpt lat="-27.18380" lon="-70.93309"/><trkpt lat="-27.18311" lon="-70.93299"/><trkpt lat="-27.18223" lon="-70.93287"/><trkpt lat="-27.17933" lon="-70.93253"/><trkpt lat="-27.17859" lon="-70.93239"/><trkpt lat="-27.17802" lon="-70.93225"/><trkpt lat="-27.17757" lon="-70.93212"/><trkpt lat="-27.17615" lon="-70.93166"/><trkpt lat="-27.17428" lon="-70.93119"/><trkpt lat="-27.17379" lon="-70.93107"/><trkpt lat="-27.17323" lon="-70.93097"/><trkpt lat="-27.17191" lon="-70.93079"/><trkpt lat="-27.17153" lon="-70.93071"/><trkpt lat="-27.17109" lon="-70.93058"/><trkpt lat="-27.16988" lon="-70.93012"/><trkpt lat="-27.16961" lon="-70.93003"/><trkpt lat="-27.16933" lon="-70.92996"/><trkpt lat="-27.16903" lon="-70.92991"/><trkpt lat="-27.16872" lon="-70.92989"/><trkpt lat="-27.16835" lon="-70.92988"/><trkpt lat="-27.16698" lon="-70.92997"/><trkpt lat="-27.16503" lon="-70.93006"/><trkpt lat="-27.16472" lon="-70.93005"/><trkpt lat="-27.16449" lon="-70.93002"/><trkpt lat="-27.16425" lon="-70.92995"/><trkpt lat="-27.16400" lon="-70.92986"/><trkpt lat="-27.16380" lon="-70.92975"/><trkpt lat="-27.16309" lon="-70.92938"/><trkpt lat="-27.16114" lon="-70.92841"/><trkpt lat="-27.15957" lon="-70.92766"/><trkpt lat="-27.15898" lon="-70.92737"/><trkpt lat="-27.15860" lon="-70.92721"/><trkpt lat="-27.15537" lon="-70.92587"/><trkpt lat="-27.15480" lon="-70.92565"/><trkpt lat="-27.15412" lon="-70.92542"/><trkpt lat="-27.15298" lon="-70.92506"/><trkpt lat="-27.15274" lon="-70.92497"/><trkpt lat="-27.15252" lon="-70.92487"/><trkpt lat="-27.15239" lon="-70.92478"/><trkpt lat="-27.15227" lon="-70.92468"/><trkpt lat="-27.15217" lon="-70.92457"/><trkpt lat="-27.15206" lon="-70.92439"/><trkpt lat="-27.15198" lon="-70.92421"/><trkpt lat="-27.15191" lon="-70.92402"/><trkpt lat="-27.15187" lon="-70.92381"/><trkpt lat="-27.15178" lon="-70.92331"/><trkpt lat="-27.15171" lon="-70.92282"/><trkpt lat="-27.15168" lon="-70.92247"/><trkpt lat="-27.15166" lon="-70.92205"/><trkpt lat="-27.15167" lon="-70.92156"/><trkpt lat="-27.15169" lon="-70.92119"/><trkpt lat="-27.15175" lon="-70.92076"/><trkpt lat="-27.15184" lon="-70.92031"/><trkpt lat="-27.15196" lon="-70.91986"/><trkpt lat="-27.15223" lon="-70.91896"/><trkpt lat="-27.15227" lon="-70.91877"/><trkpt lat="-27.15230" lon="-70.91860"/><trkpt lat="-27.15231" lon="-70.91843"/><trkpt lat="-27.15229" lon="-70.91823"/><trkpt lat="-27.15225" lon="-70.91805"/><trkpt lat="-27.15218" lon="-70.91790"/><trkpt lat="-27.15211" lon="-70.91778"/><trkpt lat="-27.15202" lon="-70.91766"/><trkpt lat="-27.15190" lon="-70.91756"/><trkpt lat="-27.15177" lon="-70.91747"/><trkpt lat="-27.15155" lon="-70.91736"/><trkpt lat="-27.15095" lon="-70.91707"/><trkpt lat="-27.15039" lon="-70.91677"/><trkpt lat="-27.15012" lon="-70.91661"/><trkpt lat="-27.14969" lon="-70.91633"/><trkpt lat="-27.14890" lon="-70.91580"/><trkpt lat="-27.14784" lon="-70.91501"/><trkpt lat="-27.14759" lon="-70.91484"/><trkpt lat="-27.14732" lon="-70.91469"/><trkpt lat="-27.14704" lon="-70.91456"/><trkpt lat="-27.14629" lon="-70.91427"/><trkpt lat="-27.14619" lon="-70.91422"/><trkpt lat="-27.14607" lon="-70.91414"/><trkpt lat="-27.14593" lon="-70.91400"/><trkpt lat="-27.14585" lon="-70.91389"/><trkpt lat="-27.14577" lon="-70.91375"/><trkpt lat="-27.14517" lon="-70.91245"/><trkpt lat="-27.14503" lon="-70.91219"/><trkpt lat="-27.14482" lon="-70.91187"/><trkpt lat="-27.14468" lon="-70.91163"/><trkpt lat="-27.14458" lon="-70.91138"/><trkpt lat="-27.14453" lon="-70.91123"/><trkpt lat="-27.14448" lon="-70.91102"/><trkpt lat="-27.14425" lon="-70.90971"/><trkpt lat="-27.14409" lon="-70.90880"/><trkpt lat="-27.14401" lon="-70.90852"/><trkpt lat="-27.14389" lon="-70.90817"/><trkpt lat="-27.14381" lon="-70.90791"/><trkpt lat="-27.14377" lon="-70.90767"/><trkpt lat="-27.14375" lon="-70.90739"/><trkpt lat="-27.14372" lon="-70.90477"/><trkpt lat="-27.14372" lon="-70.90276"/><trkpt lat="-27.14370" lon="-70.90212"/><trkpt lat="-27.14366" lon="-70.90136"/><trkpt lat="-27.14364" lon="-70.90105"/><trkpt lat="-27.14359" lon="-70.90074"/><trkpt lat="-27.14349" lon="-70.90027"/><trkpt lat="-27.14341" lon="-70.89986"/><trkpt lat="-27.14336" lon="-70.89951"/><trkpt lat="-27.14334" lon="-70.89910"/><trkpt lat="-27.14336" lon="-70.89869"/><trkpt lat="-27.14339" lon="-70.89838"/><trkpt lat="-27.14349" lon="-70.89771"/><trkpt lat="-27.14391" lon="-70.89456"/><trkpt lat="-27.14440" lon="-70.89320"/><trkpt lat="-27.14493" lon="-70.89137"/><trkpt lat="-27.14538" lon="-70.88945"/><trkpt lat="-27.14554" lon="-70.88832"/><trkpt lat="-27.14547" lon="-70.88751"/><trkpt lat="-27.14499" lon="-70.88588"/><trkpt lat="-27.14414" lon="-70.88320"/><trkpt lat="-27.14351" lon="-70.88130"/><trkpt lat="-27.14190" lon="-70.87660"/><trkpt lat="-27.14105" lon="-70.87517"/><trkpt lat="-27.13648" lon="-70.86862"/><trkpt lat="-27.13601" lon="-70.86783"/><trkpt lat="-27.13562" lon="-70.86693"/><trkpt lat="-27.13381" lon="-70.86261"/><trkpt lat="-27.13320" lon="-70.86150"/><trkpt lat="-27.13217" lon="-70.86001"/><trkpt lat="-27.13050" lon="-70.85825"/><trkpt lat="-27.12561" lon="-70.85416"/><trkpt lat="-27.12266" lon="-70.85181"/><trkpt lat="-27.12197" lon="-70.85147"/><trkpt lat="-27.12028" lon="-70.85077"/><trkpt lat="-27.11201" lon="-70.84741"/><trkpt lat="-27.10669" lon="-70.84427"/><trkpt lat="-27.10647" lon="-70.84414"/><trkpt lat="-27.10526" lon="-70.84599"/><trkpt lat="-27.10458" lon="-70.84707"/><trkpt lat="-27.10397" lon="-70.84812"/><trkpt lat="-27.10366" lon="-70.84861"/><trkpt lat="-27.10355" lon="-70.84872"/><trkpt lat="-27.10344" lon="-70.84880"/><trkpt lat="-27.10203" lon="-70.84962"/><trkpt lat="-27.10162" lon="-70.84984"/><trkpt lat="-27.10141" lon="-70.84994"/><trkpt lat="-27.10115" lon="-70.85001"/><trkpt lat="-27.10094" lon="-70.85001"/><trkpt lat="-27.10079" lon="-70.84996"/><trkpt lat="-27.10057" lon="-70.84983"/><trkpt lat="-27.10043" lon="-70.84974"/><trkpt lat="-27.10027" lon="-70.84971"/><trkpt lat="-27.10010" lon="-70.84976"/><trkpt lat="-27.09996" lon="-70.84988"/><trkpt lat="-27.09988" lon="-70.85006"/><trkpt lat="-27.09986" lon="-70.85026"/><trkpt lat="-27.09993" lon="-70.85046"/><trkpt lat="-27.10031" lon="-70.85119"/><trkpt lat="-27.10095" lon="-70.85254"/><trkpt lat="-27.10126" lon="-70.85330"/><trkpt lat="-27.10147" lon="-70.85386"/><trkpt lat="-27.10156" lon="-70.85428"/><trkpt lat="-27.10157" lon="-70.85480"/><trkpt lat="-27.10151" lon="-70.85518"/><trkpt lat="-27.10162" lon="-70.85562"/><trkpt lat="-27.10200" lon="-70.85580"/><trkpt lat="-27.10210" lon="-70.85606"/></trkseg></trk>
<trk><name>Domingo 11: Hacienda Castilla, Quebrada Totoral, Llanos de Challe y Canto del Agua</name><trkseg><trkpt lat="-27.10210" lon="-70.85606"/><trkpt lat="-27.10188" lon="-70.85654"/><trkpt lat="-27.10134" lon="-70.85625"/><trkpt lat="-27.10130" lon="-70.85613"/><trkpt lat="-27.10138" lon="-70.85570"/><trkpt lat="-27.10151" lon="-70.85518"/><trkpt lat="-27.10157" lon="-70.85480"/><trkpt lat="-27.10156" lon="-70.85428"/><trkpt lat="-27.10147" lon="-70.85386"/><trkpt lat="-27.10126" lon="-70.85330"/><trkpt lat="-27.10095" lon="-70.85254"/><trkpt lat="-27.10031" lon="-70.85119"/><trkpt lat="-27.10032" lon="-70.85099"/><trkpt lat="-27.10036" lon="-70.85083"/><trkpt lat="-27.10047" lon="-70.85064"/><trkpt lat="-27.10059" lon="-70.85054"/><trkpt lat="-27.10068" lon="-70.85040"/><trkpt lat="-27.10087" lon="-70.85019"/><trkpt lat="-27.10102" lon="-70.85009"/><trkpt lat="-27.10131" lon="-70.84997"/><trkpt lat="-27.10151" lon="-70.84989"/><trkpt lat="-27.10181" lon="-70.84974"/><trkpt lat="-27.10242" lon="-70.84941"/><trkpt lat="-27.10350" lon="-70.84876"/><trkpt lat="-27.10360" lon="-70.84868"/><trkpt lat="-27.10371" lon="-70.84854"/><trkpt lat="-27.10431" lon="-70.84762"/><trkpt lat="-27.10483" lon="-70.84685"/><trkpt lat="-27.10639" lon="-70.84433"/><trkpt lat="-27.10659" lon="-70.84400"/><trkpt lat="-27.10829" lon="-70.84122"/><trkpt lat="-27.12550" lon="-70.81342"/><trkpt lat="-27.12759" lon="-70.81045"/><trkpt lat="-27.12771" lon="-70.81028"/><trkpt lat="-27.12783" lon="-70.81006"/><trkpt lat="-27.12796" lon="-70.80981"/><trkpt lat="-27.12803" lon="-70.80961"/><trkpt lat="-27.12809" lon="-70.80941"/><trkpt lat="-27.12814" lon="-70.80920"/><trkpt lat="-27.12834" lon="-70.80788"/><trkpt lat="-27.12840" lon="-70.80749"/><trkpt lat="-27.12851" lon="-70.80699"/><trkpt lat="-27.12896" lon="-70.80534"/><trkpt lat="-27.12917" lon="-70.80458"/><trkpt lat="-27.12929" lon="-70.80423"/><trkpt lat="-27.12942" lon="-70.80392"/><trkpt lat="-27.12994" lon="-70.80274"/><trkpt lat="-27.12998" lon="-70.80261"/><trkpt lat="-27.13000" lon="-70.80246"/><trkpt lat="-27.13002" lon="-70.80203"/><trkpt lat="-27.13005" lon="-70.80193"/><trkpt lat="-27.13008" lon="-70.80187"/><trkpt lat="-27.13014" lon="-70.80182"/><trkpt lat="-27.13023" lon="-70.80178"/><trkpt lat="-27.13265" lon="-70.80183"/><trkpt lat="-27.13431" lon="-70.80189"/><trkpt lat="-27.13612" lon="-70.80196"/><trkpt lat="-27.13937" lon="-70.80209"/><trkpt lat="-27.14324" lon="-70.80223"/><trkpt lat="-27.14525" lon="-70.80231"/><trkpt lat="-27.14768" lon="-70.80240"/><trkpt lat="-27.15108" lon="-70.80254"/><trkpt lat="-27.15301" lon="-70.80262"/><trkpt lat="-27.15611" lon="-70.80274"/><trkpt lat="-27.16019" lon="-70.80289"/><trkpt lat="-27.17006" lon="-70.80327"/><trkpt lat="-27.17346" lon="-70.80340"/><trkpt lat="-27.17382" lon="-70.80340"/><trkpt lat="-27.17407" lon="-70.80339"/><trkpt lat="-27.17439" lon="-70.80337"/><trkpt lat="-27.17463" lon="-70.80335"/><trkpt lat="-27.17488" lon="-70.80331"/><trkpt lat="-27.17509" lon="-70.80328"/><trkpt lat="-27.17535" lon="-70.80323"/><trkpt lat="-27.17559" lon="-70.80317"/><trkpt lat="-27.17587" lon="-70.80310"/><trkpt lat="-27.17612" lon="-70.80303"/><trkpt lat="-27.17639" lon="-70.80294"/><trkpt lat="-27.17669" lon="-70.80283"/><trkpt lat="-27.18061" lon="-70.80131"/><trkpt lat="-27.18734" lon="-70.79869"/><trkpt lat="-27.19818" lon="-70.79445"/><trkpt lat="-27.20958" lon="-70.79005"/><trkpt lat="-27.21036" lon="-70.78975"/><trkpt lat="-27.22432" lon="-70.78434"/><trkpt lat="-27.23857" lon="-70.77881"/><trkpt lat="-27.24142" lon="-70.77769"/><trkpt lat="-27.24937" lon="-70.77459"/><trkpt lat="-27.25928" lon="-70.77072"/><trkpt lat="-27.26089" lon="-70.77009"/><trkpt lat="-27.26326" lon="-70.76918"/><trkpt lat="-27.26631" lon="-70.76800"/><trkpt lat="-27.27793" lon="-70.76350"/><trkpt lat="-27.28995" lon="-70.75882"/><trkpt lat="-27.29352" lon="-70.75743"/><trkpt lat="-27.29376" lon="-70.75733"/><trkpt lat="-27.29396" lon="-70.75725"/><trkpt lat="-27.29416" lon="-70.75716"/><trkpt lat="-27.29436" lon="-70.75706"/><trkpt lat="-27.29456" lon="-70.75695"/><trkpt lat="-27.29477" lon="-70.75683"/><trkpt lat="-27.29498" lon="-70.75670"/><trkpt lat="-27.29519" lon="-70.75657"/><trkpt lat="-27.29539" lon="-70.75643"/><trkpt lat="-27.29559" lon="-70.75628"/><trkpt lat="-27.29592" lon="-70.75602"/><trkpt lat="-27.29648" lon="-70.75557"/><trkpt lat="-27.29975" lon="-70.75286"/><trkpt lat="-27.30496" lon="-70.74856"/><trkpt lat="-27.30839" lon="-70.74572"/><trkpt lat="-27.30930" lon="-70.74496"/><trkpt lat="-27.30983" lon="-70.74452"/><trkpt lat="-27.31075" lon="-70.74376"/><trkpt lat="-27.31211" lon="-70.74265"/><trkpt lat="-27.31362" lon="-70.74140"/><trkpt lat="-27.31496" lon="-70.74029"/><trkpt lat="-27.31677" lon="-70.73878"/><trkpt lat="-27.31805" lon="-70.73774"/><trkpt lat="-27.31891" lon="-70.73702"/><trkpt lat="-27.32024" lon="-70.73592"/><trkpt lat="-27.32189" lon="-70.73455"/><trkpt lat="-27.32389" lon="-70.73290"/><trkpt lat="-27.32509" lon="-70.73190"/><trkpt lat="-27.32615" lon="-70.73103"/><trkpt lat="-27.32653" lon="-70.73071"/><trkpt lat="-27.32684" lon="-70.73041"/><trkpt lat="-27.32715" lon="-70.73010"/><trkpt lat="-27.32744" lon="-70.72977"/><trkpt lat="-27.32768" lon="-70.72947"/><trkpt lat="-27.32788" lon="-70.72921"/><trkpt lat="-27.32807" lon="-70.72893"/><trkpt lat="-27.32826" lon="-70.72865"/><trkpt lat="-27.32844" lon="-70.72836"/><trkpt lat="-27.32861" lon="-70.72807"/><trkpt lat="-27.32877" lon="-70.72777"/><trkpt lat="-27.32892" lon="-70.72745"/><trkpt lat="-27.32911" lon="-70.72703"/><trkpt lat="-27.33239" lon="-70.71964"/><trkpt lat="-27.33566" lon="-70.71223"/><trkpt lat="-27.33892" lon="-70.70476"/><trkpt lat="-27.34423" lon="-70.69308"/><trkpt lat="-27.34492" lon="-70.69153"/><trkpt lat="-27.34589" lon="-70.68934"/><trkpt lat="-27.34627" lon="-70.68848"/><trkpt lat="-27.34662" lon="-70.68770"/><trkpt lat="-27.34749" lon="-70.68573"/><trkpt lat="-27.34840" lon="-70.68369"/><trkpt lat="-27.34864" lon="-70.68314"/><trkpt lat="-27.34894" lon="-70.68247"/><trkpt lat="-27.34934" lon="-70.68159"/><trkpt lat="-27.35116" lon="-70.67749"/><trkpt lat="-27.35401" lon="-70.67111"/><trkpt lat="-27.35429" lon="-70.67046"/><trkpt lat="-27.35449" lon="-70.67000"/><trkpt lat="-27.35463" lon="-70.66969"/><trkpt lat="-27.35477" lon="-70.66938"/><trkpt lat="-27.35489" lon="-70.66907"/><trkpt lat="-27.35500" lon="-70.66875"/><trkpt lat="-27.35511" lon="-70.66843"/><trkpt lat="-27.35520" lon="-70.66810"/><trkpt lat="-27.35528" lon="-70.66777"/><trkpt lat="-27.35536" lon="-70.66744"/><trkpt lat="-27.35542" lon="-70.66710"/><trkpt lat="-27.35547" lon="-70.66677"/><trkpt lat="-27.35552" lon="-70.66643"/><trkpt lat="-27.35555" lon="-70.66608"/><trkpt lat="-27.35557" lon="-70.66577"/><trkpt lat="-27.35558" lon="-70.66546"/><trkpt lat="-27.35559" lon="-70.66514"/><trkpt lat="-27.35558" lon="-70.66483"/><trkpt lat="-27.35557" lon="-70.66451"/><trkpt lat="-27.35554" lon="-70.66420"/><trkpt lat="-27.35551" lon="-70.66388"/><trkpt lat="-27.35547" lon="-70.66357"/><trkpt lat="-27.35542" lon="-70.66326"/><trkpt lat="-27.35537" lon="-70.66295"/><trkpt lat="-27.35530" lon="-70.66265"/><trkpt lat="-27.35523" lon="-70.66235"/><trkpt lat="-27.35410" lon="-70.65809"/><trkpt lat="-27.35299" lon="-70.65395"/><trkpt lat="-27.35274" lon="-70.65302"/><trkpt lat="-27.35169" lon="-70.64907"/><trkpt lat="-27.34987" lon="-70.64225"/><trkpt lat="-27.34947" lon="-70.64074"/><trkpt lat="-27.34911" lon="-70.63939"/><trkpt lat="-27.34903" lon="-70.63908"/><trkpt lat="-27.34835" lon="-70.63656"/><trkpt lat="-27.34829" lon="-70.63633"/><trkpt lat="-27.34821" lon="-70.63603"/><trkpt lat="-27.34776" lon="-70.63433"/><trkpt lat="-27.34728" lon="-70.63253"/><trkpt lat="-27.34578" lon="-70.62691"/><trkpt lat="-27.34432" lon="-70.62138"/><trkpt lat="-27.34346" lon="-70.61822"/><trkpt lat="-27.34292" lon="-70.61618"/><trkpt lat="-27.34208" lon="-70.61302"/><trkpt lat="-27.34026" lon="-70.60624"/><trkpt lat="-27.33878" lon="-70.60071"/><trkpt lat="-27.33864" lon="-70.60019"/><trkpt lat="-27.33773" lon="-70.59681"/><trkpt lat="-27.33498" lon="-70.58652"/><trkpt lat="-27.33179" lon="-70.57459"/><trkpt lat="-27.33119" lon="-70.57237"/><trkpt lat="-27.33065" lon="-70.57033"/><trkpt lat="-27.32947" lon="-70.56593"/><trkpt lat="-27.32803" lon="-70.56057"/><trkpt lat="-27.32622" lon="-70.55381"/><trkpt lat="-27.32391" lon="-70.54521"/><trkpt lat="-27.32247" lon="-70.53985"/><trkpt lat="-27.32176" lon="-70.53713"/><trkpt lat="-27.32161" lon="-70.53661"/><trkpt lat="-27.32124" lon="-70.53522"/><trkpt lat="-27.31993" lon="-70.53041"/><trkpt lat="-27.31716" lon="-70.52010"/><trkpt lat="-27.31548" lon="-70.51387"/><trkpt lat="-27.31447" lon="-70.51011"/><trkpt lat="-27.31427" lon="-70.50937"/><trkpt lat="-27.31328" lon="-70.50565"/><trkpt lat="-27.31271" lon="-70.50354"/><trkpt lat="-27.31155" lon="-70.49925"/><trkpt lat="-27.31119" lon="-70.49776"/><trkpt lat="-27.31103" lon="-70.49713"/><trkpt lat="-27.31091" lon="-70.49674"/><trkpt lat="-27.31076" lon="-70.49635"/><trkpt lat="-27.31057" lon="-70.49596"/><trkpt lat="-27.31036" lon="-70.49559"/><trkpt lat="-27.31013" lon="-70.49524"/><trkpt lat="-27.30986" lon="-70.49492"/><trkpt lat="-27.30960" lon="-70.49464"/><trkpt lat="-27.30932" lon="-70.49439"/><trkpt lat="-27.30901" lon="-70.49417"/><trkpt lat="-27.30854" lon="-70.49386"/><trkpt lat="-27.30429" lon="-70.49125"/><trkpt lat="-27.30056" lon="-70.48896"/><trkpt lat="-27.29954" lon="-70.48834"/><trkpt lat="-27.29929" lon="-70.48816"/><trkpt lat="-27.29909" lon="-70.48798"/><trkpt lat="-27.29882" lon="-70.48772"/><trkpt lat="-27.29856" lon="-70.48741"/><trkpt lat="-27.29834" lon="-70.48710"/><trkpt lat="-27.29820" lon="-70.48684"/><trkpt lat="-27.29807" lon="-70.48658"/><trkpt lat="-27.29796" lon="-70.48631"/><trkpt lat="-27.29787" lon="-70.48603"/><trkpt lat="-27.29779" lon="-70.48571"/><trkpt lat="-27.29772" lon="-70.48534"/><trkpt lat="-27.29744" lon="-70.48258"/><trkpt lat="-27.29727" lon="-70.48076"/><trkpt lat="-27.29704" lon="-70.47831"/><trkpt lat="-27.29696" lon="-70.47773"/><trkpt lat="-27.29687" lon="-70.47732"/><trkpt lat="-27.29666" lon="-70.47661"/><trkpt lat="-27.29550" lon="-70.47277"/><trkpt lat="-27.29537" lon="-70.47231"/><trkpt lat="-27.29529" lon="-70.47182"/><trkpt lat="-27.29524" lon="-70.47137"/><trkpt lat="-27.29525" lon="-70.47088"/><trkpt lat="-27.29528" lon="-70.47051"/><trkpt lat="-27.29534" lon="-70.47013"/><trkpt lat="-27.29543" lon="-70.46977"/><trkpt lat="-27.29554" lon="-70.46942"/><trkpt lat="-27.29568" lon="-70.46908"/><trkpt lat="-27.29585" lon="-70.46875"/><trkpt lat="-27.29599" lon="-70.46851"/><trkpt lat="-27.29615" lon="-70.46828"/><trkpt lat="-27.29633" lon="-70.46806"/><trkpt lat="-27.29662" lon="-70.46777"/><trkpt lat="-27.29732" lon="-70.46706"/><trkpt lat="-27.29838" lon="-70.46605"/><trkpt lat="-27.29940" lon="-70.46512"/><trkpt lat="-27.30055" lon="-70.46406"/><trkpt lat="-27.30075" lon="-70.46387"/><trkpt lat="-27.30106" lon="-70.46361"/><trkpt lat="-27.30139" lon="-70.46338"/><trkpt lat="-27.30174" lon="-70.46319"/><trkpt lat="-27.30208" lon="-70.46305"/><trkpt lat="-27.30240" lon="-70.46294"/><trkpt lat="-27.30273" lon="-70.46287"/><trkpt lat="-27.30497" lon="-70.46245"/><trkpt lat="-27.30531" lon="-70.46235"/><trkpt lat="-27.30564" lon="-70.46222"/><trkpt lat="-27.30596" lon="-70.46204"/><trkpt lat="-27.30624" lon="-70.46186"/><trkpt lat="-27.30650" lon="-70.46165"/><trkpt lat="-27.30675" lon="-70.46142"/><trkpt lat="-27.30841" lon="-70.45981"/><trkpt lat="-27.30867" lon="-70.45959"/><trkpt lat="-27.30898" lon="-70.45938"/><trkpt lat="-27.30927" lon="-70.45924"/><trkpt lat="-27.30960" lon="-70.45910"/><trkpt lat="-27.30993" lon="-70.45898"/><trkpt lat="-27.31031" lon="-70.45891"/><trkpt lat="-27.31067" lon="-70.45888"/><trkpt lat="-27.31102" lon="-70.45889"/><trkpt lat="-27.31376" lon="-70.45921"/><trkpt lat="-27.31414" lon="-70.45923"/><trkpt lat="-27.31452" lon="-70.45922"/><trkpt lat="-27.31490" lon="-70.45918"/><trkpt lat="-27.31528" lon="-70.45910"/><trkpt lat="-27.31568" lon="-70.45897"/><trkpt lat="-27.31605" lon="-70.45881"/><trkpt lat="-27.31640" lon="-70.45862"/><trkpt lat="-27.31676" lon="-70.45837"/><trkpt lat="-27.31714" lon="-70.45806"/><trkpt lat="-27.31751" lon="-70.45767"/><trkpt lat="-27.31779" lon="-70.45731"/><trkpt lat="-27.31805" lon="-70.45689"/><trkpt lat="-27.31828" lon="-70.45644"/><trkpt lat="-27.31844" lon="-70.45605"/><trkpt lat="-27.31858" lon="-70.45557"/><trkpt lat="-27.31869" lon="-70.45502"/><trkpt lat="-27.31875" lon="-70.45447"/><trkpt lat="-27.31875" lon="-70.45398"/><trkpt lat="-27.31871" lon="-70.45345"/><trkpt lat="-27.31862" lon="-70.45297"/><trkpt lat="-27.31847" lon="-70.45235"/><trkpt lat="-27.31770" lon="-70.44945"/><trkpt lat="-27.31762" lon="-70.44900"/><trkpt lat="-27.31759" lon="-70.44852"/><trkpt lat="-27.31759" lon="-70.44803"/><trkpt lat="-27.31763" lon="-70.44761"/><trkpt lat="-27.31774" lon="-70.44713"/><trkpt lat="-27.31790" lon="-70.44661"/><trkpt lat="-27.31811" lon="-70.44617"/><trkpt lat="-27.31830" lon="-70.44585"/><trkpt lat="-27.31856" lon="-70.44549"/><trkpt lat="-27.31881" lon="-70.44521"/><trkpt lat="-27.31909" lon="-70.44497"/><trkpt lat="-27.31936" lon="-70.44476"/><trkpt lat="-27.31965" lon="-70.44459"/><trkpt lat="-27.31998" lon="-70.44442"/><trkpt lat="-27.32033" lon="-70.44428"/><trkpt lat="-27.32060" lon="-70.44419"/><trkpt lat="-27.32088" lon="-70.44413"/><trkpt lat="-27.32106" lon="-70.44411"/><trkpt lat="-27.32142" lon="-70.44410"/><trkpt lat="-27.32181" lon="-70.44412"/><trkpt lat="-27.32214" lon="-70.44417"/><trkpt lat="-27.32241" lon="-70.44424"/><trkpt lat="-27.32265" lon="-70.44432"/><trkpt lat="-27.32298" lon="-70.44446"/><trkpt lat="-27.32319" lon="-70.44455"/><trkpt lat="-27.32341" lon="-70.44462"/><trkpt lat="-27.32363" lon="-70.44465"/><trkpt lat="-27.32465" lon="-70.44480"/><trkpt lat="-27.32493" lon="-70.44484"/><trkpt lat="-27.32659" lon="-70.44493"/><trkpt lat="-27.32737" lon="-70.44495"/><trkpt lat="-27.32927" lon="-70.44498"/><trkpt lat="-27.32960" lon="-70.44499"/><trkpt lat="-27.32992" lon="-70.44502"/><trkpt lat="-27.33025" lon="-70.44509"/><trkpt lat="-27.33055" lon="-70.44518"/><trkpt lat="-27.33085" lon="-70.44531"/><trkpt lat="-27.33113" lon="-70.44546"/><trkpt lat="-27.33200" lon="-70.44610"/><trkpt lat="-27.33236" lon="-70.44635"/><trkpt lat="-27.33276" lon="-70.44656"/><trkpt lat="-27.33310" lon="-70.44670"/><trkpt lat="-27.33345" lon="-70.44680"/><trkpt lat="-27.33384" lon="-70.44687"/><trkpt lat="-27.33422" lon="-70.44689"/><trkpt lat="-27.33458" lon="-70.44686"/><trkpt lat="-27.33498" lon="-70.44678"/><trkpt lat="-27.33597" lon="-70.44654"/><trkpt lat="-27.33630" lon="-70.44649"/><trkpt lat="-27.33664" lon="-70.44648"/><trkpt lat="-27.33699" lon="-70.44651"/><trkpt lat="-27.33921" lon="-70.44684"/><trkpt lat="-27.33954" lon="-70.44687"/><trkpt lat="-27.33991" lon="-70.44688"/><trkpt lat="-27.34029" lon="-70.44683"/><trkpt lat="-27.34066" lon="-70.44675"/><trkpt lat="-27.34108" lon="-70.44661"/><trkpt lat="-27.34140" lon="-70.44647"/><trkpt lat="-27.34171" lon="-70.44628"/><trkpt lat="-27.34203" lon="-70.44605"/><trkpt lat="-27.34233" lon="-70.44578"/><trkpt lat="-27.34269" lon="-70.44540"/><trkpt lat="-27.34303" lon="-70.44503"/><trkpt lat="-27.34333" lon="-70.44474"/><trkpt lat="-27.34367" lon="-70.44445"/><trkpt lat="-27.34390" lon="-70.44426"/><trkpt lat="-27.34420" lon="-70.44404"/><trkpt lat="-27.34482" lon="-70.44365"/><trkpt lat="-27.34985" lon="-70.44054"/><trkpt lat="-27.35094" lon="-70.43986"/><trkpt lat="-27.35126" lon="-70.43968"/><trkpt lat="-27.35158" lon="-70.43954"/><trkpt lat="-27.35187" lon="-70.43944"/><trkpt lat="-27.35222" lon="-70.43935"/><trkpt lat="-27.35257" lon="-70.43927"/><trkpt lat="-27.35420" lon="-70.43896"/><trkpt lat="-27.35448" lon="-70.43889"/><trkpt lat="-27.35476" lon="-70.43880"/><trkpt lat="-27.35504" lon="-70.43868"/><trkpt lat="-27.35543" lon="-70.43848"/><trkpt lat="-27.35689" lon="-70.43769"/><trkpt lat="-27.35727" lon="-70.43751"/><trkpt lat="-27.35753" lon="-70.43742"/><trkpt lat="-27.35785" lon="-70.43735"/><trkpt lat="-27.35812" lon="-70.43731"/><trkpt lat="-27.35840" lon="-70.43730"/><trkpt lat="-27.35868" lon="-70.43731"/><trkpt lat="-27.35907" lon="-70.43736"/><trkpt lat="-27.36067" lon="-70.43764"/><trkpt lat="-27.36233" lon="-70.43795"/><trkpt lat="-27.36350" lon="-70.43821"/><trkpt lat="-27.36581" lon="-70.43878"/><trkpt lat="-27.36717" lon="-70.43912"/><trkpt lat="-27.36757" lon="-70.43918"/><trkpt lat="-27.36795" lon="-70.43921"/><trkpt lat="-27.36834" lon="-70.43922"/><trkpt lat="-27.36880" lon="-70.43919"/><trkpt lat="-27.36918" lon="-70.43915"/><trkpt lat="-27.36966" lon="-70.43906"/><trkpt lat="-27.37003" lon="-70.43897"/><trkpt lat="-27.37042" lon="-70.43884"/><trkpt lat="-27.37075" lon="-70.43870"/><trkpt lat="-27.37110" lon="-70.43854"/><trkpt lat="-27.37146" lon="-70.43834"/><trkpt lat="-27.37181" lon="-70.43812"/><trkpt lat="-27.37213" lon="-70.43789"/><trkpt lat="-27.37252" lon="-70.43755"/><trkpt lat="-27.37293" lon="-70.43716"/><trkpt lat="-27.37327" lon="-70.43679"/><trkpt lat="-27.37409" lon="-70.43582"/><trkpt lat="-27.37452" lon="-70.43527"/><trkpt lat="-27.37488" lon="-70.43484"/><trkpt lat="-27.37559" lon="-70.43409"/><trkpt lat="-27.37598" lon="-70.43369"/><trkpt lat="-27.37632" lon="-70.43336"/><trkpt lat="-27.37675" lon="-70.43299"/><trkpt lat="-27.37735" lon="-70.43249"/><trkpt lat="-27.37938" lon="-70.43086"/><trkpt lat="-27.38025" lon="-70.43015"/><trkpt lat="-27.38067" lon="-70.42982"/><trkpt lat="-27.38096" lon="-70.42965"/><trkpt lat="-27.38116" lon="-70.42956"/><trkpt lat="-27.38138" lon="-70.42951"/><trkpt lat="-27.38159" lon="-70.42949"/><trkpt lat="-27.38178" lon="-70.42950"/><trkpt lat="-27.38200" lon="-70.42955"/><trkpt lat="-27.38221" lon="-70.42963"/><trkpt lat="-27.38241" lon="-70.42973"/><trkpt lat="-27.38257" lon="-70.42986"/><trkpt lat="-27.38277" lon="-70.43005"/><trkpt lat="-27.38342" lon="-70.43081"/><trkpt lat="-27.38445" lon="-70.43198"/><trkpt lat="-27.38674" lon="-70.43459"/><trkpt lat="-27.38775" lon="-70.43574"/><trkpt lat="-27.38811" lon="-70.43613"/><trkpt lat="-27.38841" lon="-70.43643"/><trkpt lat="-27.38867" lon="-70.43668"/><trkpt lat="-27.38891" lon="-70.43689"/><trkpt lat="-27.38918" lon="-70.43710"/><trkpt lat="-27.38944" lon="-70.43728"/><trkpt lat="-27.39093" lon="-70.43823"/><trkpt lat="-27.39130" lon="-70.43850"/><trkpt lat="-27.39162" lon="-70.43875"/><trkpt lat="-27.39189" lon="-70.43898"/><trkpt lat="-27.39217" lon="-70.43924"/><trkpt lat="-27.39240" lon="-70.43946"/><trkpt lat="-27.39264" lon="-70.43972"/><trkpt lat="-27.39292" lon="-70.44004"/><trkpt lat="-27.39354" lon="-70.44079"/><trkpt lat="-27.39376" lon="-70.44102"/><trkpt lat="-27.39393" lon="-70.44119"/><trkpt lat="-27.39414" lon="-70.44138"/><trkpt lat="-27.39438" lon="-70.44157"/><trkpt lat="-27.39472" lon="-70.44180"/><trkpt lat="-27.39501" lon="-70.44196"/><trkpt lat="-27.39532" lon="-70.44211"/><trkpt lat="-27.39562" lon="-70.44224"/><trkpt lat="-27.39590" lon="-70.44233"/><trkpt lat="-27.39621" lon="-70.44241"/><trkpt lat="-27.39663" lon="-70.44249"/><trkpt lat="-27.40231" lon="-70.44328"/><trkpt lat="-27.40379" lon="-70.44349"/><trkpt lat="-27.40482" lon="-70.44359"/><trkpt lat="-27.40794" lon="-70.44380"/><trkpt lat="-27.41033" lon="-70.44397"/><trkpt lat="-27.41231" lon="-70.44409"/><trkpt lat="-27.41311" lon="-70.44413"/><trkpt lat="-27.41388" lon="-70.44415"/><trkpt lat="-27.41865" lon="-70.44418"/><trkpt lat="-27.41958" lon="-70.44421"/><trkpt lat="-27.42016" lon="-70.44425"/><trkpt lat="-27.42101" lon="-70.44433"/><trkpt lat="-27.42218" lon="-70.44446"/><trkpt lat="-27.42568" lon="-70.44486"/><trkpt lat="-27.43084" lon="-70.44549"/><trkpt lat="-27.43436" lon="-70.44594"/><trkpt lat="-27.44262" lon="-70.44725"/><trkpt lat="-27.44870" lon="-70.44825"/><trkpt lat="-27.45012" lon="-70.44847"/><trkpt lat="-27.45104" lon="-70.44850"/><trkpt lat="-27.45157" lon="-70.44850"/><trkpt lat="-27.45202" lon="-70.44845"/><trkpt lat="-27.45258" lon="-70.44834"/><trkpt lat="-27.45321" lon="-70.44817"/><trkpt lat="-27.45627" lon="-70.44728"/><trkpt lat="-27.45741" lon="-70.44699"/><trkpt lat="-27.45853" lon="-70.44681"/><trkpt lat="-27.45951" lon="-70.44675"/><trkpt lat="-27.46019" lon="-70.44675"/><trkpt lat="-27.46242" lon="-70.44689"/><trkpt lat="-27.46508" lon="-70.44712"/><trkpt lat="-27.47123" lon="-70.44768"/><trkpt lat="-27.48387" lon="-70.44856"/><trkpt lat="-27.49463" lon="-70.44912"/><trkpt lat="-27.49769" lon="-70.44918"/><trkpt lat="-27.49835" lon="-70.44918"/><trkpt lat="-27.49941" lon="-70.44916"/><trkpt lat="-27.50176" lon="-70.44914"/><trkpt lat="-27.50566" lon="-70.44908"/><trkpt lat="-27.50734" lon="-70.44904"/><trkpt lat="-27.51136" lon="-70.44898"/><trkpt lat="-27.51529" lon="-70.44900"/><trkpt lat="-27.51832" lon="-70.44907"/><trkpt lat="-27.52247" lon="-70.44925"/><trkpt lat="-27.52397" lon="-70.44929"/><trkpt lat="-27.52474" lon="-70.44928"/><trkpt lat="-27.52523" lon="-70.44925"/><trkpt lat="-27.52572" lon="-70.44920"/><trkpt lat="-27.52623" lon="-70.44912"/><trkpt lat="-27.52675" lon="-70.44901"/><trkpt lat="-27.52727" lon="-70.44887"/><trkpt lat="-27.52779" lon="-70.44871"/><trkpt lat="-27.52905" lon="-70.44826"/><trkpt lat="-27.52959" lon="-70.44807"/><trkpt lat="-27.53093" lon="-70.44759"/><trkpt lat="-27.53229" lon="-70.44708"/><trkpt lat="-27.53385" lon="-70.44659"/><trkpt lat="-27.53473" lon="-70.44627"/><trkpt lat="-27.53737" lon="-70.44530"/><trkpt lat="-27.53903" lon="-70.44470"/><trkpt lat="-27.54174" lon="-70.44371"/><trkpt lat="-27.54491" lon="-70.44257"/><trkpt lat="-27.54836" lon="-70.44131"/><trkpt lat="-27.54932" lon="-70.44097"/><trkpt lat="-27.54982" lon="-70.44082"/><trkpt lat="-27.55042" lon="-70.44064"/><trkpt lat="-27.55081" lon="-70.44053"/><trkpt lat="-27.55104" lon="-70.44048"/><trkpt lat="-27.55125" lon="-70.44043"/><trkpt lat="-27.55149" lon="-70.44039"/><trkpt lat="-27.55171" lon="-70.44035"/><trkpt lat="-27.55191" lon="-70.44033"/><trkpt lat="-27.55215" lon="-70.44032"/><trkpt lat="-27.55236" lon="-70.44032"/><trkpt lat="-27.55258" lon="-70.44032"/><trkpt lat="-27.55279" lon="-70.44033"/><trkpt lat="-27.55300" lon="-70.44035"/><trkpt lat="-27.55321" lon="-70.44038"/><trkpt lat="-27.55340" lon="-70.44042"/><trkpt lat="-27.55365" lon="-70.44047"/><trkpt lat="-27.55612" lon="-70.44104"/><trkpt lat="-27.55686" lon="-70.44123"/><trkpt lat="-27.55957" lon="-70.44194"/><trkpt lat="-27.56196" lon="-70.44258"/><trkpt lat="-27.56791" lon="-70.44409"/><trkpt lat="-27.57648" lon="-70.44631"/><trkpt lat="-27.58395" lon="-70.44825"/><trkpt lat="-27.59077" lon="-70.45002"/><trkpt lat="-27.59565" lon="-70.45129"/><trkpt lat="-27.59942" lon="-70.45227"/><trkpt lat="-27.60177" lon="-70.45289"/><trkpt lat="-27.60311" lon="-70.45323"/><trkpt lat="-27.60655" lon="-70.45413"/><trkpt lat="-27.61102" lon="-70.45526"/><trkpt lat="-27.61403" lon="-70.45607"/><trkpt lat="-27.61693" lon="-70.45682"/><trkpt lat="-27.61916" lon="-70.45740"/><trkpt lat="-27.62092" lon="-70.45787"/><trkpt lat="-27.62402" lon="-70.45867"/><trkpt lat="-27.63371" lon="-70.46121"/><trkpt lat="-27.63696" lon="-70.46205"/><trkpt lat="-27.63845" lon="-70.46245"/><trkpt lat="-27.64581" lon="-70.46435"/><trkpt lat="-27.65538" lon="-70.46685"/><trkpt lat="-27.66042" lon="-70.46816"/><trkpt lat="-27.66392" lon="-70.46907"/><trkpt lat="-27.66929" lon="-70.47046"/><trkpt lat="-27.67139" lon="-70.47102"/><trkpt lat="-27.67194" lon="-70.47117"/><trkpt lat="-27.67235" lon="-70.47129"/><trkpt lat="-27.67276" lon="-70.47142"/><trkpt lat="-27.67307" lon="-70.47151"/><trkpt lat="-27.67344" lon="-70.47166"/><trkpt lat="-27.67392" lon="-70.47184"/><trkpt lat="-27.67420" lon="-70.47196"/><trkpt lat="-27.67455" lon="-70.47212"/><trkpt lat="-27.67493" lon="-70.47231"/><trkpt lat="-27.67531" lon="-70.47250"/><trkpt lat="-27.67564" lon="-70.47267"/><trkpt lat="-27.67631" lon="-70.47304"/><trkpt lat="-27.67659" lon="-70.47320"/><trkpt lat="-27.67675" lon="-70.47330"/><trkpt lat="-27.67701" lon="-70.47347"/><trkpt lat="-27.67740" lon="-70.47374"/><trkpt lat="-27.67783" lon="-70.47405"/><trkpt lat="-27.67841" lon="-70.47449"/><trkpt lat="-27.67966" lon="-70.47547"/><trkpt lat="-27.68075" lon="-70.47635"/><trkpt lat="-27.68218" lon="-70.47750"/><trkpt lat="-27.68383" lon="-70.47880"/><trkpt lat="-27.68479" lon="-70.47955"/><trkpt lat="-27.68533" lon="-70.47994"/><trkpt lat="-27.68560" lon="-70.48012"/><trkpt lat="-27.68586" lon="-70.48027"/><trkpt lat="-27.68607" lon="-70.48038"/><trkpt lat="-27.68629" lon="-70.48048"/><trkpt lat="-27.68648" lon="-70.48056"/><trkpt lat="-27.68663" lon="-70.48062"/><trkpt lat="-27.68681" lon="-70.48068"/><trkpt lat="-27.68701" lon="-70.48074"/><trkpt lat="-27.68720" lon="-70.48080"/><trkpt lat="-27.68739" lon="-70.48085"/><trkpt lat="-27.68763" lon="-70.48090"/><trkpt lat="-27.68785" lon="-70.48094"/><trkpt lat="-27.68804" lon="-70.48096"/><trkpt lat="-27.68825" lon="-70.48099"/><trkpt lat="-27.68845" lon="-70.48100"/><trkpt lat="-27.68866" lon="-70.48101"/><trkpt lat="-27.68889" lon="-70.48101"/><trkpt lat="-27.68917" lon="-70.48101"/><trkpt lat="-27.68958" lon="-70.48099"/><trkpt lat="-27.69099" lon="-70.48090"/><trkpt lat="-27.69358" lon="-70.48075"/><trkpt lat="-27.69694" lon="-70.48055"/><trkpt lat="-27.69849" lon="-70.48047"/><trkpt lat="-27.69886" lon="-70.48047"/><trkpt lat="-27.69922" lon="-70.48047"/><trkpt lat="-27.69964" lon="-70.48048"/><trkpt lat="-27.69992" lon="-70.48049"/><trkpt lat="-27.70052" lon="-70.48052"/><trkpt lat="-27.70089" lon="-70.48054"/><trkpt lat="-27.70122" lon="-70.48054"/><trkpt lat="-27.70151" lon="-70.48054"/><trkpt lat="-27.70209" lon="-70.48051"/><trkpt lat="-27.70341" lon="-70.48043"/><trkpt lat="-27.70538" lon="-70.48032"/><trkpt lat="-27.70579" lon="-70.48029"/><trkpt lat="-27.70613" lon="-70.48025"/><trkpt lat="-27.70639" lon="-70.48022"/><trkpt lat="-27.70669" lon="-70.48016"/><trkpt lat="-27.70695" lon="-70.48011"/><trkpt lat="-27.70718" lon="-70.48005"/><trkpt lat="-27.70749" lon="-70.47997"/><trkpt lat="-27.70805" lon="-70.47980"/><trkpt lat="-27.71061" lon="-70.47900"/><trkpt lat="-27.71481" lon="-70.47769"/><trkpt lat="-27.71530" lon="-70.47755"/><trkpt lat="-27.71577" lon="-70.47743"/><trkpt lat="-27.71636" lon="-70.47731"/><trkpt lat="-27.71720" lon="-70.47715"/><trkpt lat="-27.71769" lon="-70.47703"/><trkpt lat="-27.71817" lon="-70.47691"/><trkpt lat="-27.72020" lon="-70.47629"/><trkpt lat="-27.72133" lon="-70.47593"/><trkpt lat="-27.72171" lon="-70.47581"/><trkpt lat="-27.72198" lon="-70.47574"/><trkpt lat="-27.72222" lon="-70.47567"/><trkpt lat="-27.72243" lon="-70.47563"/><trkpt lat="-27.72267" lon="-70.47558"/><trkpt lat="-27.72291" lon="-70.47555"/><trkpt lat="-27.72314" lon="-70.47553"/><trkpt lat="-27.72337" lon="-70.47551"/><trkpt lat="-27.72360" lon="-70.47551"/><trkpt lat="-27.72383" lon="-70.47551"/><trkpt lat="-27.72408" lon="-70.47553"/><trkpt lat="-27.72439" lon="-70.47556"/><trkpt lat="-27.72710" lon="-70.47599"/><trkpt lat="-27.73469" lon="-70.47723"/><trkpt lat="-27.74157" lon="-70.47834"/><trkpt lat="-27.74531" lon="-70.47895"/><trkpt lat="-27.74656" lon="-70.47917"/><trkpt lat="-27.74699" lon="-70.47925"/><trkpt lat="-27.74726" lon="-70.47931"/><trkpt lat="-27.74751" lon="-70.47938"/><trkpt lat="-27.74782" lon="-70.47946"/><trkpt lat="-27.74809" lon="-70.47955"/><trkpt lat="-27.74843" lon="-70.47966"/><trkpt lat="-27.74870" lon="-70.47976"/><trkpt lat="-27.74910" lon="-70.47992"/><trkpt lat="-27.75004" lon="-70.48031"/><trkpt lat="-27.75344" lon="-70.48175"/><trkpt lat="-27.75913" lon="-70.48417"/><trkpt lat="-27.76641" lon="-70.48728"/><trkpt lat="-27.77220" lon="-70.48972"/><trkpt lat="-27.77764" lon="-70.49202"/><trkpt lat="-27.78665" lon="-70.49585"/><trkpt lat="-27.78909" lon="-70.49690"/><trkpt lat="-27.78954" lon="-70.49712"/><trkpt lat="-27.78993" lon="-70.49731"/><trkpt lat="-27.79019" lon="-70.49745"/><trkpt lat="-27.79058" lon="-70.49767"/><trkpt lat="-27.79106" lon="-70.49795"/><trkpt lat="-27.79158" lon="-70.49822"/><trkpt lat="-27.79245" lon="-70.49862"/><trkpt lat="-27.79338" lon="-70.49902"/><trkpt lat="-27.79397" lon="-70.49926"/><trkpt lat="-27.79434" lon="-70.49940"/><trkpt lat="-27.79462" lon="-70.49950"/><trkpt lat="-27.79493" lon="-70.49960"/><trkpt lat="-27.79537" lon="-70.49974"/><trkpt lat="-27.79596" lon="-70.49992"/><trkpt lat="-27.79637" lon="-70.50005"/><trkpt lat="-27.79678" lon="-70.50020"/><trkpt lat="-27.79720" lon="-70.50035"/><trkpt lat="-27.79778" lon="-70.50060"/><trkpt lat="-27.79858" lon="-70.50094"/><trkpt lat="-27.80423" lon="-70.50334"/><trkpt lat="-27.80740" lon="-70.50471"/><trkpt lat="-27.81132" lon="-70.50639"/><trkpt lat="-27.81381" lon="-70.50743"/><trkpt lat="-27.81436" lon="-70.50765"/><trkpt lat="-27.81472" lon="-70.50780"/><trkpt lat="-27.81504" lon="-70.50791"/><trkpt lat="-27.81539" lon="-70.50803"/><trkpt lat="-27.81573" lon="-70.50814"/><trkpt lat="-27.81605" lon="-70.50823"/><trkpt lat="-27.81679" lon="-70.50844"/><trkpt lat="-27.81775" lon="-70.50868"/><trkpt lat="-27.81886" lon="-70.50897"/><trkpt lat="-27.81979" lon="-70.50921"/><trkpt lat="-27.82034" lon="-70.50935"/><trkpt lat="-27.82117" lon="-70.50957"/><trkpt lat="-27.82193" lon="-70.50980"/><trkpt lat="-27.82250" lon="-70.50998"/><trkpt lat="-27.82305" lon="-70.51019"/><trkpt lat="-27.82378" lon="-70.51047"/><trkpt lat="-27.82426" lon="-70.51064"/><trkpt lat="-27.82487" lon="-70.51080"/><trkpt lat="-27.82614" lon="-70.51114"/><trkpt lat="-27.82673" lon="-70.51128"/><trkpt lat="-27.82738" lon="-70.51141"/><trkpt lat="-27.82794" lon="-70.51149"/><trkpt lat="-27.82877" lon="-70.51162"/><trkpt lat="-27.82923" lon="-70.51170"/><trkpt lat="-27.82967" lon="-70.51179"/><trkpt lat="-27.83028" lon="-70.51194"/><trkpt lat="-27.83744" lon="-70.51381"/><trkpt lat="-27.84467" lon="-70.51568"/><trkpt lat="-27.85361" lon="-70.51801"/><trkpt lat="-27.85430" lon="-70.51819"/><trkpt lat="-27.85505" lon="-70.51838"/><trkpt lat="-27.85947" lon="-70.51954"/><trkpt lat="-27.86031" lon="-70.51977"/><trkpt lat="-27.86094" lon="-70.51995"/><trkpt lat="-27.86136" lon="-70.52007"/><trkpt lat="-27.86197" lon="-70.52026"/><trkpt lat="-27.86678" lon="-70.52188"/><trkpt lat="-27.86752" lon="-70.52214"/><trkpt lat="-27.87294" lon="-70.52399"/><trkpt lat="-27.87867" lon="-70.52594"/><trkpt lat="-27.88562" lon="-70.52830"/><trkpt lat="-27.88582" lon="-70.52837"/><trkpt lat="-27.88604" lon="-70.52846"/><trkpt lat="-27.88633" lon="-70.52858"/><trkpt lat="-27.88673" lon="-70.52877"/><trkpt lat="-27.88722" lon="-70.52900"/><trkpt lat="-27.88770" lon="-70.52922"/><trkpt lat="-27.88853" lon="-70.52957"/><trkpt lat="-27.88905" lon="-70.52976"/><trkpt lat="-27.88992" lon="-70.53005"/><trkpt lat="-27.89161" lon="-70.53062"/><trkpt lat="-27.89290" lon="-70.53106"/><trkpt lat="-27.89340" lon="-70.53122"/><trkpt lat="-27.89385" lon="-70.53135"/><trkpt lat="-27.89426" lon="-70.53145"/><trkpt lat="-27.89494" lon="-70.53159"/><trkpt lat="-27.89531" lon="-70.53168"/><trkpt lat="-27.89566" lon="-70.53177"/><trkpt lat="-27.89621" lon="-70.53193"/><trkpt lat="-27.89675" lon="-70.53210"/><trkpt lat="-27.90147" lon="-70.53370"/><trkpt lat="-27.91388" lon="-70.53791"/><trkpt lat="-27.92629" lon="-70.54212"/><trkpt lat="-27.94024" lon="-70.54686"/><trkpt lat="-27.94743" lon="-70.54930"/><trkpt lat="-27.95691" lon="-70.55252"/><trkpt lat="-27.95886" lon="-70.55318"/><trkpt lat="-27.95988" lon="-70.55355"/><trkpt lat="-27.96062" lon="-70.55382"/><trkpt lat="-27.96133" lon="-70.55406"/><trkpt lat="-27.96185" lon="-70.55424"/><trkpt lat="-27.96222" lon="-70.55435"/><trkpt lat="-27.96283" lon="-70.55453"/><trkpt lat="-27.96361" lon="-70.55477"/><trkpt lat="-27.96426" lon="-70.55499"/><trkpt lat="-27.96536" lon="-70.55536"/><trkpt lat="-27.96648" lon="-70.55575"/><trkpt lat="-27.96842" lon="-70.55641"/><trkpt lat="-27.97046" lon="-70.55716"/><trkpt lat="-27.97069" lon="-70.55733"/><trkpt lat="-27.97086" lon="-70.55745"/><trkpt lat="-27.97105" lon="-70.55755"/><trkpt lat="-27.97148" lon="-70.55769"/><trkpt lat="-27.97166" lon="-70.55771"/><trkpt lat="-27.97192" lon="-70.55769"/><trkpt lat="-27.97215" lon="-70.55767"/><trkpt lat="-27.97718" lon="-70.55937"/><trkpt lat="-27.98568" lon="-70.56225"/><trkpt lat="-27.98623" lon="-70.56242"/><trkpt lat="-27.98676" lon="-70.56258"/><trkpt lat="-27.98733" lon="-70.56272"/><trkpt lat="-27.98784" lon="-70.56284"/><trkpt lat="-27.98817" lon="-70.56293"/><trkpt lat="-27.98850" lon="-70.56302"/><trkpt lat="-27.98905" lon="-70.56319"/><trkpt lat="-27.99054" lon="-70.56370"/><trkpt lat="-27.99199" lon="-70.56419"/><trkpt lat="-27.99259" lon="-70.56440"/><trkpt lat="-27.99312" lon="-70.56461"/><trkpt lat="-27.99317" lon="-70.56467"/><trkpt lat="-27.99320" lon="-70.56475"/><trkpt lat="-27.99321" lon="-70.56483"/><trkpt lat="-27.99321" lon="-70.56491"/><trkpt lat="-27.99310" lon="-70.56523"/><trkpt lat="-27.99305" lon="-70.56532"/><trkpt lat="-27.99298" lon="-70.56539"/><trkpt lat="-27.99289" lon="-70.56544"/><trkpt lat="-27.99279" lon="-70.56546"/><trkpt lat="-27.99269" lon="-70.56544"/><trkpt lat="-27.99261" lon="-70.56538"/><trkpt lat="-27.99256" lon="-70.56532"/><trkpt lat="-27.99252" lon="-70.56524"/><trkpt lat="-27.99250" lon="-70.56515"/><trkpt lat="-27.99249" lon="-70.56505"/><trkpt lat="-27.99278" lon="-70.56415"/><trkpt lat="-27.99284" lon="-70.56395"/><trkpt lat="-27.99290" lon="-70.56385"/><trkpt lat="-27.99295" lon="-70.56377"/><trkpt lat="-27.99302" lon="-70.56373"/><trkpt lat="-27.99310" lon="-70.56370"/><trkpt lat="-27.99318" lon="-70.56370"/><trkpt lat="-27.99325" lon="-70.56372"/><trkpt lat="-27.99332" lon="-70.56376"/><trkpt lat="-27.99338" lon="-70.56383"/><trkpt lat="-27.99341" lon="-70.56389"/><trkpt lat="-27.99343" lon="-70.56396"/><trkpt lat="-27.99344" lon="-70.56403"/><trkpt lat="-27.99343" lon="-70.56411"/><trkpt lat="-27.99341" lon="-70.56418"/><trkpt lat="-27.99337" lon="-70.56424"/><trkpt lat="-27.99333" lon="-70.56429"/><trkpt lat="-27.99327" lon="-70.56433"/><trkpt lat="-27.99321" lon="-70.56435"/><trkpt lat="-27.99314" lon="-70.56437"/><trkpt lat="-27.99302" lon="-70.56437"/><trkpt lat="-27.99242" lon="-70.56417"/><trkpt lat="-27.99173" lon="-70.56393"/><trkpt lat="-27.98914" lon="-70.56305"/><trkpt lat="-27.98860" lon="-70.56287"/><trkpt lat="-27.98821" lon="-70.56276"/><trkpt lat="-27.98790" lon="-70.56267"/><trkpt lat="-27.98737" lon="-70.56255"/><trkpt lat="-27.98674" lon="-70.56239"/><trkpt lat="-27.98633" lon="-70.56227"/><trkpt lat="-27.98597" lon="-70.56216"/><trkpt lat="-27.98110" lon="-70.56050"/><trkpt lat="-27.97201" lon="-70.55744"/><trkpt lat="-27.97038" lon="-70.55688"/><trkpt lat="-27.96488" lon="-70.55501"/><trkpt lat="-27.96429" lon="-70.55479"/><trkpt lat="-27.96363" lon="-70.55450"/><trkpt lat="-27.96271" lon="-70.55411"/><trkpt lat="-27.96227" lon="-70.55393"/><trkpt lat="-27.96143" lon="-70.55363"/><trkpt lat="-27.96132" lon="-70.55363"/><trkpt lat="-27.96125" lon="-70.55364"/><trkpt lat="-27.96120" lon="-70.55366"/><trkpt lat="-27.96115" lon="-70.55371"/><trkpt lat="-27.96113" lon="-70.55376"/><trkpt lat="-27.96112" lon="-70.55382"/><trkpt lat="-27.96114" lon="-70.55389"/><trkpt lat="-27.96118" lon="-70.55395"/><trkpt lat="-27.96128" lon="-70.55403"/><trkpt lat="-27.96167" lon="-70.55418"/><trkpt lat="-27.96208" lon="-70.55431"/><trkpt lat="-27.96252" lon="-70.55444"/><trkpt lat="-27.96326" lon="-70.55465"/><trkpt lat="-27.96391" lon="-70.55487"/><trkpt lat="-27.96473" lon="-70.55515"/><trkpt lat="-27.96549" lon="-70.55541"/><trkpt lat="-27.96651" lon="-70.55578"/><trkpt lat="-27.96654" lon="-70.55583"/><trkpt lat="-27.96657" lon="-70.55588"/><trkpt lat="-27.96660" lon="-70.55599"/><trkpt lat="-27.96659" lon="-70.55606"/><trkpt lat="-27.96657" lon="-70.55613"/><trkpt lat="-27.96503" lon="-70.55918"/><trkpt lat="-27.95177" lon="-70.58543"/><trkpt lat="-27.94164" lon="-70.60551"/><trkpt lat="-27.93318" lon="-70.62224"/><trkpt lat="-27.93141" lon="-70.62572"/><trkpt lat="-27.93014" lon="-70.62830"/><trkpt lat="-27.92820" lon="-70.63212"/><trkpt lat="-27.92654" lon="-70.63542"/><trkpt lat="-27.92430" lon="-70.63989"/><trkpt lat="-27.92132" lon="-70.64581"/><trkpt lat="-27.91960" lon="-70.64919"/><trkpt lat="-27.91692" lon="-70.65449"/><trkpt lat="-27.91632" lon="-70.65575"/><trkpt lat="-27.91488" lon="-70.65857"/><trkpt lat="-27.91341" lon="-70.66156"/><trkpt lat="-27.91210" lon="-70.66406"/><trkpt lat="-27.91059" lon="-70.66704"/><trkpt lat="-27.90508" lon="-70.67792"/><trkpt lat="-27.90483" lon="-70.67821"/><trkpt lat="-27.90414" lon="-70.67876"/><trkpt lat="-27.90483" lon="-70.67821"/><trkpt lat="-27.90508" lon="-70.67792"/><trkpt lat="-27.91059" lon="-70.66704"/><trkpt lat="-27.91210" lon="-70.66406"/><trkpt lat="-27.91341" lon="-70.66156"/><trkpt lat="-27.91488" lon="-70.65857"/><trkpt lat="-27.91632" lon="-70.65575"/><trkpt lat="-27.91692" lon="-70.65449"/><trkpt lat="-27.91960" lon="-70.64919"/><trkpt lat="-27.92132" lon="-70.64581"/><trkpt lat="-27.92430" lon="-70.63989"/><trkpt lat="-27.92654" lon="-70.63542"/><trkpt lat="-27.92820" lon="-70.63212"/><trkpt lat="-27.93014" lon="-70.62830"/><trkpt lat="-27.93141" lon="-70.62572"/><trkpt lat="-27.93318" lon="-70.62224"/><trkpt lat="-27.94164" lon="-70.60551"/><trkpt lat="-27.95177" lon="-70.58543"/><trkpt lat="-27.96503" lon="-70.55918"/><trkpt lat="-27.96657" lon="-70.55613"/><trkpt lat="-27.96659" lon="-70.55606"/><trkpt lat="-27.96660" lon="-70.55599"/><trkpt lat="-27.96664" lon="-70.55591"/><trkpt lat="-27.96671" lon="-70.55588"/><trkpt lat="-27.96677" lon="-70.55585"/><trkpt lat="-27.97030" lon="-70.55703"/><trkpt lat="-27.97505" lon="-70.55865"/><trkpt lat="-27.98106" lon="-70.56068"/><trkpt lat="-27.98600" lon="-70.56235"/><trkpt lat="-27.98647" lon="-70.56249"/><trkpt lat="-27.98699" lon="-70.56264"/><trkpt lat="-27.98763" lon="-70.56279"/><trkpt lat="-27.98801" lon="-70.56289"/><trkpt lat="-27.98831" lon="-70.56297"/><trkpt lat="-27.98870" lon="-70.56308"/><trkpt lat="-27.98935" lon="-70.56330"/><trkpt lat="-27.99165" lon="-70.56408"/><trkpt lat="-27.99237" lon="-70.56432"/><trkpt lat="-27.99309" lon="-70.56457"/><trkpt lat="-27.99315" lon="-70.56464"/><trkpt lat="-27.99318" lon="-70.56471"/><trkpt lat="-27.99321" lon="-70.56479"/><trkpt lat="-27.99321" lon="-70.56486"/><trkpt lat="-27.99313" lon="-70.56516"/><trkpt lat="-27.99308" lon="-70.56528"/><trkpt lat="-27.99302" lon="-70.56536"/><trkpt lat="-27.99293" lon="-70.56542"/><trkpt lat="-27.99284" lon="-70.56545"/><trkpt lat="-27.99274" lon="-70.56545"/><trkpt lat="-27.99264" lon="-70.56542"/><trkpt lat="-27.99232" lon="-70.56556"/><trkpt lat="-27.98985" lon="-70.57266"/><trkpt lat="-27.98791" lon="-70.57833"/><trkpt lat="-27.98619" lon="-70.58335"/><trkpt lat="-27.98448" lon="-70.58830"/><trkpt lat="-27.98177" lon="-70.59621"/><trkpt lat="-27.98035" lon="-70.60029"/><trkpt lat="-27.97932" lon="-70.60330"/><trkpt lat="-27.97864" lon="-70.60531"/><trkpt lat="-27.97806" lon="-70.60698"/><trkpt lat="-27.97723" lon="-70.60940"/><trkpt lat="-27.97636" lon="-70.61190"/><trkpt lat="-27.97545" lon="-70.61456"/><trkpt lat="-27.97523" lon="-70.61517"/><trkpt lat="-27.97509" lon="-70.61559"/><trkpt lat="-27.97501" lon="-70.61590"/><trkpt lat="-27.97493" lon="-70.61622"/><trkpt lat="-27.97464" lon="-70.61761"/><trkpt lat="-27.97435" lon="-70.61903"/><trkpt lat="-27.97383" lon="-70.62144"/><trkpt lat="-27.97311" lon="-70.62483"/><trkpt lat="-27.97214" lon="-70.62929"/><trkpt lat="-27.97156" lon="-70.63192"/><trkpt lat="-27.97112" lon="-70.63398"/><trkpt lat="-27.97035" lon="-70.63758"/><trkpt lat="-27.96963" lon="-70.64098"/><trkpt lat="-27.96896" lon="-70.64402"/><trkpt lat="-27.96834" lon="-70.64687"/><trkpt lat="-27.96783" lon="-70.64926"/><trkpt lat="-27.96715" lon="-70.65242"/><trkpt lat="-27.96676" lon="-70.65427"/><trkpt lat="-27.96657" lon="-70.65520"/><trkpt lat="-27.96617" lon="-70.65725"/><trkpt lat="-27.96566" lon="-70.65988"/><trkpt lat="-27.96531" lon="-70.66166"/><trkpt lat="-27.96458" lon="-70.66546"/><trkpt lat="-27.96372" lon="-70.66988"/><trkpt lat="-27.96233" lon="-70.67703"/><trkpt lat="-27.96099" lon="-70.68392"/><trkpt lat="-27.96022" lon="-70.68785"/><trkpt lat="-27.95962" lon="-70.69086"/><trkpt lat="-27.95912" lon="-70.69350"/><trkpt lat="-27.95834" lon="-70.69760"/><trkpt lat="-27.95710" lon="-70.70394"/><trkpt lat="-27.95600" lon="-70.70955"/><trkpt lat="-27.95523" lon="-70.71361"/><trkpt lat="-27.95444" lon="-70.71767"/><trkpt lat="-27.95383" lon="-70.72077"/><trkpt lat="-27.95337" lon="-70.72302"/><trkpt lat="-27.95288" lon="-70.72531"/><trkpt lat="-27.95243" lon="-70.72749"/><trkpt lat="-27.95198" lon="-70.72966"/><trkpt lat="-27.95121" lon="-70.73338"/><trkpt lat="-27.95072" lon="-70.73578"/><trkpt lat="-27.95011" lon="-70.73873"/><trkpt lat="-27.94953" lon="-70.74162"/><trkpt lat="-27.94902" lon="-70.74410"/><trkpt lat="-27.94859" lon="-70.74616"/><trkpt lat="-27.94799" lon="-70.74905"/><trkpt lat="-27.94740" lon="-70.75197"/><trkpt lat="-27.94681" lon="-70.75484"/><trkpt lat="-27.94630" lon="-70.75739"/><trkpt lat="-27.94563" lon="-70.76059"/><trkpt lat="-27.94507" lon="-70.76326"/><trkpt lat="-27.94474" lon="-70.76484"/><trkpt lat="-27.94466" lon="-70.76528"/><trkpt lat="-27.94460" lon="-70.76575"/><trkpt lat="-27.94457" lon="-70.76633"/><trkpt lat="-27.94456" lon="-70.76694"/><trkpt lat="-27.94457" lon="-70.76740"/><trkpt lat="-27.94461" lon="-70.76790"/><trkpt lat="-27.94469" lon="-70.76869"/><trkpt lat="-27.94484" lon="-70.77019"/><trkpt lat="-27.94490" lon="-70.77090"/><trkpt lat="-27.94493" lon="-70.77138"/><trkpt lat="-27.94497" lon="-70.77223"/><trkpt lat="-27.94497" lon="-70.77260"/><trkpt lat="-27.94494" lon="-70.77285"/><trkpt lat="-27.94489" lon="-70.77309"/><trkpt lat="-27.94475" lon="-70.77354"/><trkpt lat="-27.94408" lon="-70.77544"/><trkpt lat="-27.94319" lon="-70.77798"/><trkpt lat="-27.94206" lon="-70.78127"/><trkpt lat="-27.94090" lon="-70.78460"/><trkpt lat="-27.93982" lon="-70.78772"/><trkpt lat="-27.93901" lon="-70.79003"/><trkpt lat="-27.93812" lon="-70.79253"/><trkpt lat="-27.93736" lon="-70.79471"/><trkpt lat="-27.93672" lon="-70.79656"/><trkpt lat="-27.93656" lon="-70.79694"/><trkpt lat="-27.93645" lon="-70.79719"/><trkpt lat="-27.93628" lon="-70.79748"/><trkpt lat="-27.93603" lon="-70.79787"/><trkpt lat="-27.93496" lon="-70.79945"/><trkpt lat="-27.93304" lon="-70.80235"/><trkpt lat="-27.93205" lon="-70.80383"/><trkpt lat="-27.93170" lon="-70.80439"/><trkpt lat="-27.93130" lon="-70.80504"/><trkpt lat="-27.93068" lon="-70.80612"/><trkpt lat="-27.92960" lon="-70.80799"/><trkpt lat="-27.92880" lon="-70.80934"/><trkpt lat="-27.92861" lon="-70.80969"/><trkpt lat="-27.92850" lon="-70.80994"/><trkpt lat="-27.92831" lon="-70.81041"/><trkpt lat="-27.92767" lon="-70.81210"/><trkpt lat="-27.92679" lon="-70.81443"/><trkpt lat="-27.92604" lon="-70.81639"/><trkpt lat="-27.92518" lon="-70.81866"/><trkpt lat="-27.92424" lon="-70.82113"/><trkpt lat="-27.92372" lon="-70.82251"/><trkpt lat="-27.92342" lon="-70.82327"/><trkpt lat="-27.92259" lon="-70.82539"/><trkpt lat="-27.92159" lon="-70.82793"/><trkpt lat="-27.92130" lon="-70.82869"/><trkpt lat="-27.92109" lon="-70.82929"/><trkpt lat="-27.92092" lon="-70.82984"/><trkpt lat="-27.92003" lon="-70.83287"/><trkpt lat="-27.91895" lon="-70.83655"/><trkpt lat="-27.91838" lon="-70.83850"/><trkpt lat="-27.91820" lon="-70.83924"/><trkpt lat="-27.91807" lon="-70.83988"/><trkpt lat="-27.91794" lon="-70.84078"/><trkpt lat="-27.91743" lon="-70.84377"/><trkpt lat="-27.91679" lon="-70.84761"/><trkpt lat="-27.91632" lon="-70.85053"/><trkpt lat="-27.91596" lon="-70.85244"/><trkpt lat="-27.91534" lon="-70.85580"/><trkpt lat="-27.91519" lon="-70.85668"/><trkpt lat="-27.91499" lon="-70.85790"/><trkpt lat="-27.91476" lon="-70.85929"/><trkpt lat="-27.91461" lon="-70.86023"/><trkpt lat="-27.91433" lon="-70.86159"/><trkpt lat="-27.91379" lon="-70.86396"/><trkpt lat="-27.91362" lon="-70.86463"/><trkpt lat="-27.91350" lon="-70.86507"/><trkpt lat="-27.91332" lon="-70.86564"/><trkpt lat="-27.91244" lon="-70.86804"/><trkpt lat="-27.91206" lon="-70.86912"/><trkpt lat="-27.91186" lon="-70.86975"/><trkpt lat="-27.91133" lon="-70.87146"/><trkpt lat="-27.91113" lon="-70.87205"/><trkpt lat="-27.91080" lon="-70.87302"/><trkpt lat="-27.91047" lon="-70.87394"/><trkpt lat="-27.91026" lon="-70.87456"/><trkpt lat="-27.90975" lon="-70.87614"/><trkpt lat="-27.90903" lon="-70.87835"/><trkpt lat="-27.90838" lon="-70.88025"/><trkpt lat="-27.90755" lon="-70.88278"/><trkpt lat="-27.90741" lon="-70.88319"/><trkpt lat="-27.90730" lon="-70.88346"/><trkpt lat="-27.90716" lon="-70.88380"/><trkpt lat="-27.90634" lon="-70.88561"/><trkpt lat="-27.90589" lon="-70.88655"/><trkpt lat="-27.90570" lon="-70.88691"/><trkpt lat="-27.90549" lon="-70.88726"/><trkpt lat="-27.90523" lon="-70.88763"/><trkpt lat="-27.90477" lon="-70.88828"/><trkpt lat="-27.90447" lon="-70.88872"/><trkpt lat="-27.90398" lon="-70.88950"/><trkpt lat="-27.90321" lon="-70.89081"/><trkpt lat="-27.90242" lon="-70.89226"/><trkpt lat="-27.90150" lon="-70.89396"/><trkpt lat="-27.90053" lon="-70.89596"/><trkpt lat="-27.90025" lon="-70.89658"/><trkpt lat="-27.90015" lon="-70.89682"/><trkpt lat="-27.90011" lon="-70.89699"/><trkpt lat="-27.90002" lon="-70.89754"/><trkpt lat="-27.90000" lon="-70.89779"/><trkpt lat="-27.89999" lon="-70.89802"/><trkpt lat="-27.90000" lon="-70.89856"/><trkpt lat="-27.90000" lon="-70.89889"/><trkpt lat="-27.89998" lon="-70.89928"/><trkpt lat="-27.89994" lon="-70.89966"/><trkpt lat="-27.89981" lon="-70.90076"/><trkpt lat="-27.89965" lon="-70.90202"/><trkpt lat="-27.89961" lon="-70.90238"/><trkpt lat="-27.89958" lon="-70.90270"/><trkpt lat="-27.89952" lon="-70.90305"/><trkpt lat="-27.89948" lon="-70.90332"/><trkpt lat="-27.89943" lon="-70.90368"/><trkpt lat="-27.89937" lon="-70.90387"/><trkpt lat="-27.89898" lon="-70.90515"/><trkpt lat="-27.89877" lon="-70.90587"/><trkpt lat="-27.89861" lon="-70.90630"/><trkpt lat="-27.89846" lon="-70.90670"/><trkpt lat="-27.89834" lon="-70.90691"/><trkpt lat="-27.89806" lon="-70.90732"/><trkpt lat="-27.89760" lon="-70.90795"/><trkpt lat="-27.89745" lon="-70.90822"/><trkpt lat="-27.89726" lon="-70.90858"/><trkpt lat="-27.89710" lon="-70.90889"/><trkpt lat="-27.89690" lon="-70.90923"/><trkpt lat="-27.89681" lon="-70.90940"/><trkpt lat="-27.89675" lon="-70.90957"/><trkpt lat="-27.89670" lon="-70.90984"/><trkpt lat="-27.89665" lon="-70.91010"/><trkpt lat="-27.89659" lon="-70.91032"/><trkpt lat="-27.89648" lon="-70.91056"/><trkpt lat="-27.89637" lon="-70.91074"/><trkpt lat="-27.89625" lon="-70.91087"/><trkpt lat="-27.89590" lon="-70.91123"/><trkpt lat="-27.89572" lon="-70.91140"/><trkpt lat="-27.89558" lon="-70.91152"/><trkpt lat="-27.89538" lon="-70.91166"/><trkpt lat="-27.89477" lon="-70.91208"/><trkpt lat="-27.89462" lon="-70.91217"/><trkpt lat="-27.89449" lon="-70.91223"/><trkpt lat="-27.89433" lon="-70.91228"/><trkpt lat="-27.89417" lon="-70.91232"/><trkpt lat="-27.89408" lon="-70.91237"/><trkpt lat="-27.89401" lon="-70.91243"/><trkpt lat="-27.89394" lon="-70.91252"/><trkpt lat="-27.89376" lon="-70.91278"/><trkpt lat="-27.89346" lon="-70.91323"/><trkpt lat="-27.89336" lon="-70.91340"/><trkpt lat="-27.89330" lon="-70.91357"/><trkpt lat="-27.89323" lon="-70.91378"/><trkpt lat="-27.89316" lon="-70.91390"/><trkpt lat="-27.89296" lon="-70.91419"/><trkpt lat="-27.89282" lon="-70.91441"/><trkpt lat="-27.89270" lon="-70.91464"/><trkpt lat="-27.89255" lon="-70.91499"/><trkpt lat="-27.89247" lon="-70.91520"/><trkpt lat="-27.89242" lon="-70.91538"/><trkpt lat="-27.89238" lon="-70.91562"/><trkpt lat="-27.89233" lon="-70.91602"/><trkpt lat="-27.89230" lon="-70.91631"/><trkpt lat="-27.89225" lon="-70.91669"/><trkpt lat="-27.89224" lon="-70.91688"/><trkpt lat="-27.89224" lon="-70.91706"/><trkpt lat="-27.89227" lon="-70.91736"/><trkpt lat="-27.89231" lon="-70.91760"/><trkpt lat="-27.89235" lon="-70.91782"/><trkpt lat="-27.89244" lon="-70.91807"/><trkpt lat="-27.89255" lon="-70.91835"/><trkpt lat="-27.89263" lon="-70.91860"/><trkpt lat="-27.89270" lon="-70.91887"/><trkpt lat="-27.89277" lon="-70.91905"/><trkpt lat="-27.89286" lon="-70.91922"/><trkpt lat="-27.89296" lon="-70.91942"/><trkpt lat="-27.89309" lon="-70.91969"/><trkpt lat="-27.89316" lon="-70.91982"/><trkpt lat="-27.89341" lon="-70.92021"/><trkpt lat="-27.89349" lon="-70.92033"/><trkpt lat="-27.89360" lon="-70.92045"/><trkpt lat="-27.89375" lon="-70.92059"/><trkpt lat="-27.89387" lon="-70.92069"/><trkpt lat="-27.89416" lon="-70.92089"/><trkpt lat="-27.89437" lon="-70.92105"/><trkpt lat="-27.89513" lon="-70.92168"/><trkpt lat="-27.89564" lon="-70.92205"/><trkpt lat="-27.89586" lon="-70.92224"/><trkpt lat="-27.89608" lon="-70.92244"/><trkpt lat="-27.89630" lon="-70.92270"/><trkpt lat="-27.89700" lon="-70.92355"/><trkpt lat="-27.89716" lon="-70.92373"/><trkpt lat="-27.89729" lon="-70.92387"/><trkpt lat="-27.89745" lon="-70.92404"/><trkpt lat="-27.89756" lon="-70.92419"/><trkpt lat="-27.89765" lon="-70.92437"/><trkpt lat="-27.89770" lon="-70.92458"/><trkpt lat="-27.89777" lon="-70.92500"/><trkpt lat="-27.89780" lon="-70.92535"/><trkpt lat="-27.89779" lon="-70.92559"/><trkpt lat="-27.89774" lon="-70.92584"/><trkpt lat="-27.89767" lon="-70.92621"/><trkpt lat="-27.89763" lon="-70.92643"/><trkpt lat="-27.89761" lon="-70.92665"/><trkpt lat="-27.89761" lon="-70.92685"/><trkpt lat="-27.89763" lon="-70.92709"/><trkpt lat="-27.89766" lon="-70.92731"/><trkpt lat="-27.89771" lon="-70.92751"/><trkpt lat="-27.89782" lon="-70.92781"/><trkpt lat="-27.89794" lon="-70.92817"/><trkpt lat="-27.89797" lon="-70.92832"/><trkpt lat="-27.89798" lon="-70.92850"/><trkpt lat="-27.89796" lon="-70.92881"/><trkpt lat="-27.89794" lon="-70.92907"/><trkpt lat="-27.89792" lon="-70.92935"/><trkpt lat="-27.89789" lon="-70.92978"/><trkpt lat="-27.89785" lon="-70.93009"/><trkpt lat="-27.89779" lon="-70.93046"/><trkpt lat="-27.89773" lon="-70.93071"/><trkpt lat="-27.89758" lon="-70.93122"/><trkpt lat="-27.89752" lon="-70.93146"/><trkpt lat="-27.89746" lon="-70.93179"/><trkpt lat="-27.89740" lon="-70.93202"/><trkpt lat="-27.89729" lon="-70.93235"/><trkpt lat="-27.89714" lon="-70.93286"/><trkpt lat="-27.89704" lon="-70.93322"/><trkpt lat="-27.89695" lon="-70.93358"/><trkpt lat="-27.89687" lon="-70.93404"/><trkpt lat="-27.89679" lon="-70.93456"/><trkpt lat="-27.89677" lon="-70.93479"/><trkpt lat="-27.89676" lon="-70.93546"/><trkpt lat="-27.89675" lon="-70.93577"/><trkpt lat="-27.89672" lon="-70.93597"/><trkpt lat="-27.89666" lon="-70.93636"/><trkpt lat="-27.89663" lon="-70.93665"/><trkpt lat="-27.89660" lon="-70.93703"/><trkpt lat="-27.89659" lon="-70.93729"/><trkpt lat="-27.89660" lon="-70.93744"/><trkpt lat="-27.89663" lon="-70.93772"/><trkpt lat="-27.89663" lon="-70.93791"/><trkpt lat="-27.89663" lon="-70.93817"/><trkpt lat="-27.89664" lon="-70.93829"/><trkpt lat="-27.89672" lon="-70.93872"/><trkpt lat="-27.89682" lon="-70.93913"/><trkpt lat="-27.89693" lon="-70.93947"/><trkpt lat="-27.89715" lon="-70.93992"/><trkpt lat="-27.89722" lon="-70.94005"/><trkpt lat="-27.89732" lon="-70.94018"/><trkpt lat="-27.89776" lon="-70.94068"/><trkpt lat="-27.89857" lon="-70.94159"/><trkpt lat="-27.89910" lon="-70.94213"/><trkpt lat="-27.89933" lon="-70.94236"/><trkpt lat="-27.89945" lon="-70.94253"/><trkpt lat="-27.89957" lon="-70.94274"/><trkpt lat="-27.89974" lon="-70.94314"/><trkpt lat="-27.89994" lon="-70.94362"/><trkpt lat="-27.90006" lon="-70.94397"/><trkpt lat="-27.90012" lon="-70.94419"/><trkpt lat="-27.90014" lon="-70.94440"/><trkpt lat="-27.90015" lon="-70.94490"/><trkpt lat="-27.90013" lon="-70.94520"/><trkpt lat="-27.90000" lon="-70.94636"/><trkpt lat="-27.89990" lon="-70.94683"/><trkpt lat="-27.89982" lon="-70.94717"/><trkpt lat="-27.89979" lon="-70.94741"/><trkpt lat="-27.89977" lon="-70.94763"/><trkpt lat="-27.89978" lon="-70.94785"/><trkpt lat="-27.89982" lon="-70.94846"/><trkpt lat="-27.89983" lon="-70.94900"/><trkpt lat="-27.89984" lon="-70.94942"/><trkpt lat="-27.89986" lon="-70.94965"/><trkpt lat="-27.89990" lon="-70.94987"/><trkpt lat="-27.89998" lon="-70.95016"/><trkpt lat="-27.90014" lon="-70.95068"/><trkpt lat="-27.90024" lon="-70.95108"/><trkpt lat="-27.90030" lon="-70.95136"/><trkpt lat="-27.90039" lon="-70.95159"/><trkpt lat="-27.90048" lon="-70.95181"/><trkpt lat="-27.90062" lon="-70.95206"/><trkpt lat="-27.90078" lon="-70.95233"/><trkpt lat="-27.90094" lon="-70.95256"/><trkpt lat="-27.90135" lon="-70.95327"/><trkpt lat="-27.90161" lon="-70.95378"/><trkpt lat="-27.90173" lon="-70.95397"/><trkpt lat="-27.90191" lon="-70.95423"/><trkpt lat="-27.90204" lon="-70.95445"/><trkpt lat="-27.90213" lon="-70.95463"/><trkpt lat="-27.90221" lon="-70.95483"/><trkpt lat="-27.90228" lon="-70.95506"/><trkpt lat="-27.90241" lon="-70.95555"/><trkpt lat="-27.90250" lon="-70.95594"/><trkpt lat="-27.90255" lon="-70.95617"/><trkpt lat="-27.90258" lon="-70.95638"/><trkpt lat="-27.90260" lon="-70.95662"/><trkpt lat="-27.90260" lon="-70.95689"/><trkpt lat="-27.90258" lon="-70.95715"/><trkpt lat="-27.90254" lon="-70.95744"/><trkpt lat="-27.90249" lon="-70.95771"/><trkpt lat="-27.90240" lon="-70.95812"/><trkpt lat="-27.90229" lon="-70.95859"/><trkpt lat="-27.90219" lon="-70.95902"/><trkpt lat="-27.90212" lon="-70.95922"/><trkpt lat="-27.90203" lon="-70.95944"/><trkpt lat="-27.90188" lon="-70.95975"/><trkpt lat="-27.90181" lon="-70.95990"/><trkpt lat="-27.90165" lon="-70.96019"/><trkpt lat="-27.90147" lon="-70.96048"/><trkpt lat="-27.90127" lon="-70.96077"/><trkpt lat="-27.90116" lon="-70.96091"/><trkpt lat="-27.90105" lon="-70.96103"/><trkpt lat="-27.90065" lon="-70.96144"/><trkpt lat="-27.90044" lon="-70.96161"/><trkpt lat="-27.90025" lon="-70.96171"/><trkpt lat="-27.90002" lon="-70.96180"/><trkpt lat="-27.89959" lon="-70.96198"/><trkpt lat="-27.89738" lon="-70.96403"/><trkpt lat="-27.89632" lon="-70.96511"/><trkpt lat="-27.89608" lon="-70.96529"/><trkpt lat="-27.89586" lon="-70.96576"/><trkpt lat="-27.89559" lon="-70.96622"/><trkpt lat="-27.89531" lon="-70.96652"/><trkpt lat="-27.89513" lon="-70.96684"/><trkpt lat="-27.89508" lon="-70.96731"/><trkpt lat="-27.89524" lon="-70.96802"/><trkpt lat="-27.89525" lon="-70.96832"/><trkpt lat="-27.89522" lon="-70.96854"/><trkpt lat="-27.89497" lon="-70.96919"/><trkpt lat="-27.89456" lon="-70.96946"/><trkpt lat="-27.89425" lon="-70.96968"/><trkpt lat="-27.89385" lon="-70.97004"/><trkpt lat="-27.89172" lon="-70.97075"/><trkpt lat="-27.89123" lon="-70.97097"/><trkpt lat="-27.89090" lon="-70.97104"/><trkpt lat="-27.89072" lon="-70.97110"/><trkpt lat="-27.89041" lon="-70.97120"/><trkpt lat="-27.89023" lon="-70.97123"/><trkpt lat="-27.88987" lon="-70.97126"/><trkpt lat="-27.88945" lon="-70.97130"/><trkpt lat="-27.88926" lon="-70.97134"/><trkpt lat="-27.88914" lon="-70.97139"/><trkpt lat="-27.88893" lon="-70.97149"/><trkpt lat="-27.88870" lon="-70.97163"/><trkpt lat="-27.88850" lon="-70.97178"/><trkpt lat="-27.88827" lon="-70.97199"/><trkpt lat="-27.88805" lon="-70.97220"/><trkpt lat="-27.88784" lon="-70.97239"/><trkpt lat="-27.88773" lon="-70.97253"/><trkpt lat="-27.88753" lon="-70.97285"/><trkpt lat="-27.88743" lon="-70.97299"/><trkpt lat="-27.88731" lon="-70.97313"/><trkpt lat="-27.88711" lon="-70.97330"/><trkpt lat="-27.88692" lon="-70.97348"/><trkpt lat="-27.88676" lon="-70.97368"/><trkpt lat="-27.88628" lon="-70.97437"/><trkpt lat="-27.88504" lon="-70.97604"/><trkpt lat="-27.88435" lon="-70.97698"/><trkpt lat="-27.88399" lon="-70.97751"/><trkpt lat="-27.88349" lon="-70.97845"/><trkpt lat="-27.88331" lon="-70.97878"/><trkpt lat="-27.88309" lon="-70.97914"/><trkpt lat="-27.88285" lon="-70.97946"/><trkpt lat="-27.88263" lon="-70.97969"/><trkpt lat="-27.88241" lon="-70.97989"/><trkpt lat="-27.88217" lon="-70.98007"/><trkpt lat="-27.88193" lon="-70.98022"/><trkpt lat="-27.88172" lon="-70.98032"/><trkpt lat="-27.88148" lon="-70.98040"/><trkpt lat="-27.88099" lon="-70.98053"/><trkpt lat="-27.88085" lon="-70.98059"/><trkpt lat="-27.88071" lon="-70.98066"/><trkpt lat="-27.88056" lon="-70.98078"/><trkpt lat="-27.88041" lon="-70.98094"/><trkpt lat="-27.88012" lon="-70.98128"/><trkpt lat="-27.87996" lon="-70.98143"/><trkpt lat="-27.87981" lon="-70.98155"/><trkpt lat="-27.87937" lon="-70.98188"/><trkpt lat="-27.87924" lon="-70.98200"/><trkpt lat="-27.87911" lon="-70.98215"/><trkpt lat="-27.87901" lon="-70.98230"/><trkpt lat="-27.87870" lon="-70.98285"/><trkpt lat="-27.87854" lon="-70.98308"/><trkpt lat="-27.87835" lon="-70.98331"/><trkpt lat="-27.87816" lon="-70.98351"/><trkpt lat="-27.87793" lon="-70.98373"/><trkpt lat="-27.87764" lon="-70.98396"/><trkpt lat="-27.87731" lon="-70.98419"/><trkpt lat="-27.87694" lon="-70.98440"/><trkpt lat="-27.87647" lon="-70.98463"/><trkpt lat="-27.87590" lon="-70.98488"/><trkpt lat="-27.87465" lon="-70.98547"/><trkpt lat="-27.87411" lon="-70.98583"/><trkpt lat="-27.87300" lon="-70.98677"/><trkpt lat="-27.87241" lon="-70.98718"/><trkpt lat="-27.87169" lon="-70.98792"/><trkpt lat="-27.87157" lon="-70.98804"/><trkpt lat="-27.87142" lon="-70.98814"/><trkpt lat="-27.87124" lon="-70.98823"/><trkpt lat="-27.87076" lon="-70.98840"/><trkpt lat="-27.87045" lon="-70.98852"/><trkpt lat="-27.87020" lon="-70.98864"/><trkpt lat="-27.86961" lon="-70.98897"/><trkpt lat="-27.86938" lon="-70.98917"/><trkpt lat="-27.86935" lon="-70.98929"/><trkpt lat="-27.86966" lon="-70.99019"/><trkpt lat="-27.86968" lon="-70.99035"/><trkpt lat="-27.86963" lon="-70.99052"/><trkpt lat="-27.86846" lon="-70.99111"/><trkpt lat="-27.86741" lon="-70.99202"/><trkpt lat="-27.86725" lon="-70.99233"/><trkpt lat="-27.86724" lon="-70.99259"/><trkpt lat="-27.86738" lon="-70.99298"/><trkpt lat="-27.86916" lon="-70.99580"/><trkpt lat="-27.87014" lon="-70.99676"/><trkpt lat="-27.87030" lon="-70.99703"/><trkpt lat="-27.87039" lon="-70.99742"/><trkpt lat="-27.87046" lon="-70.99795"/><trkpt lat="-27.87067" lon="-70.99877"/><trkpt lat="-27.87089" lon="-70.99950"/><trkpt lat="-27.87089" lon="-70.99985"/><trkpt lat="-27.87071" lon="-71.00034"/><trkpt lat="-27.87067" lon="-71.00060"/><trkpt lat="-27.87073" lon="-71.00085"/><trkpt lat="-27.87126" lon="-71.00123"/><trkpt lat="-27.87169" lon="-71.00150"/><trkpt lat="-27.87202" lon="-71.00192"/><trkpt lat="-27.87242" lon="-71.00273"/><trkpt lat="-27.87255" lon="-71.00302"/><trkpt lat="-27.87265" lon="-71.00335"/><trkpt lat="-27.87270" lon="-71.00365"/><trkpt lat="-27.87272" lon="-71.00397"/><trkpt lat="-27.87266" lon="-71.00561"/><trkpt lat="-27.87266" lon="-71.00600"/><trkpt lat="-27.87267" lon="-71.00636"/><trkpt lat="-27.87271" lon="-71.00668"/><trkpt lat="-27.87278" lon="-71.00702"/><trkpt lat="-27.87317" lon="-71.00839"/><trkpt lat="-27.87325" lon="-71.00873"/><trkpt lat="-27.87331" lon="-71.00913"/><trkpt lat="-27.87359" lon="-71.01132"/><trkpt lat="-27.87365" lon="-71.01170"/><trkpt lat="-27.87375" lon="-71.01212"/><trkpt lat="-27.87397" lon="-71.01289"/><trkpt lat="-27.87405" lon="-71.01318"/><trkpt lat="-27.87410" lon="-71.01348"/><trkpt lat="-27.87414" lon="-71.01379"/><trkpt lat="-27.87421" lon="-71.01469"/><trkpt lat="-27.87426" lon="-71.01502"/><trkpt lat="-27.87433" lon="-71.01536"/><trkpt lat="-27.87442" lon="-71.01569"/><trkpt lat="-27.87492" lon="-71.01741"/><trkpt lat="-27.87506" lon="-71.01793"/><trkpt lat="-27.87515" lon="-71.01835"/><trkpt lat="-27.87523" lon="-71.01882"/><trkpt lat="-27.87531" lon="-71.01950"/><trkpt lat="-27.87536" lon="-71.02014"/><trkpt lat="-27.87543" lon="-71.02159"/><trkpt lat="-27.87552" lon="-71.02354"/><trkpt lat="-27.87551" lon="-71.02379"/><trkpt lat="-27.87549" lon="-71.02403"/><trkpt lat="-27.87544" lon="-71.02426"/><trkpt lat="-27.87538" lon="-71.02447"/><trkpt lat="-27.87118" lon="-71.03524"/><trkpt lat="-27.87110" lon="-71.03609"/><trkpt lat="-27.87120" lon="-71.03729"/><trkpt lat="-27.87091" lon="-71.03897"/><trkpt lat="-27.87007" lon="-71.04189"/><trkpt lat="-27.86940" lon="-71.04313"/><trkpt lat="-27.86850" lon="-71.04469"/><trkpt lat="-27.86837" lon="-71.04490"/><trkpt lat="-27.86822" lon="-71.04509"/><trkpt lat="-27.86804" lon="-71.04527"/><trkpt lat="-27.86674" lon="-71.04635"/><trkpt lat="-27.86500" lon="-71.04780"/><trkpt lat="-27.86330" lon="-71.04923"/><trkpt lat="-27.86106" lon="-71.05112"/><trkpt lat="-27.85998" lon="-71.05200"/><trkpt lat="-27.85966" lon="-71.05222"/><trkpt lat="-27.85793" lon="-71.05317"/><trkpt lat="-27.85744" lon="-71.05359"/><trkpt lat="-27.85598" lon="-71.05573"/><trkpt lat="-27.85293" lon="-71.05944"/><trkpt lat="-27.85063" lon="-71.06227"/><trkpt lat="-27.85004" lon="-71.06307"/><trkpt lat="-27.84956" lon="-71.06500"/><trkpt lat="-27.84923" lon="-71.06641"/><trkpt lat="-27.84916" lon="-71.06722"/><trkpt lat="-27.84930" lon="-71.06881"/><trkpt lat="-27.84913" lon="-71.06946"/><trkpt lat="-27.84876" lon="-71.07072"/><trkpt lat="-27.84880" lon="-71.07382"/><trkpt lat="-27.84880" lon="-71.07636"/><trkpt lat="-27.84883" lon="-71.07767"/><trkpt lat="-27.84881" lon="-71.07810"/><trkpt lat="-27.84875" lon="-71.07845"/><trkpt lat="-27.84869" lon="-71.07872"/><trkpt lat="-27.84859" lon="-71.07900"/><trkpt lat="-27.84846" lon="-71.07928"/><trkpt lat="-27.84829" lon="-71.07959"/><trkpt lat="-27.84774" lon="-71.08041"/><trkpt lat="-27.84752" lon="-71.08070"/><trkpt lat="-27.84733" lon="-71.08090"/><trkpt lat="-27.84711" lon="-71.08108"/><trkpt lat="-27.84687" lon="-71.08123"/><trkpt lat="-27.84665" lon="-71.08134"/><trkpt lat="-27.84643" lon="-71.08141"/><trkpt lat="-27.84577" lon="-71.08162"/><trkpt lat="-27.84551" lon="-71.08172"/><trkpt lat="-27.84524" lon="-71.08186"/><trkpt lat="-27.84504" lon="-71.08199"/><trkpt lat="-27.84437" lon="-71.08250"/><trkpt lat="-27.84419" lon="-71.08261"/><trkpt lat="-27.84399" lon="-71.08270"/><trkpt lat="-27.84379" lon="-71.08277"/><trkpt lat="-27.84360" lon="-71.08281"/><trkpt lat="-27.84339" lon="-71.08284"/><trkpt lat="-27.84290" lon="-71.08285"/><trkpt lat="-27.84267" lon="-71.08286"/><trkpt lat="-27.84253" lon="-71.08289"/><trkpt lat="-27.84241" lon="-71.08295"/><trkpt lat="-27.84231" lon="-71.08302"/><trkpt lat="-27.84222" lon="-71.08312"/><trkpt lat="-27.84215" lon="-71.08324"/><trkpt lat="-27.84211" lon="-71.08337"/><trkpt lat="-27.84197" lon="-71.08384"/><trkpt lat="-27.84192" lon="-71.08397"/><trkpt lat="-27.84183" lon="-71.08411"/><trkpt lat="-27.84171" lon="-71.08424"/><trkpt lat="-27.84159" lon="-71.08433"/><trkpt lat="-27.84060" lon="-71.08487"/><trkpt lat="-27.84008" lon="-71.08513"/><trkpt lat="-27.83986" lon="-71.08519"/><trkpt lat="-27.83965" lon="-71.08522"/><trkpt lat="-27.83944" lon="-71.08522"/><trkpt lat="-27.83925" lon="-71.08519"/><trkpt lat="-27.83777" lon="-71.08481"/><trkpt lat="-27.83428" lon="-71.08378"/><trkpt lat="-27.83406" lon="-71.08373"/><trkpt lat="-27.83386" lon="-71.08373"/><trkpt lat="-27.83368" lon="-71.08375"/><trkpt lat="-27.83351" lon="-71.08381"/><trkpt lat="-27.83334" lon="-71.08391"/><trkpt lat="-27.83320" lon="-71.08403"/><trkpt lat="-27.83308" lon="-71.08417"/><trkpt lat="-27.83300" lon="-71.08431"/><trkpt lat="-27.83294" lon="-71.08444"/><trkpt lat="-27.83259" lon="-71.08540"/><trkpt lat="-27.83250" lon="-71.08562"/><trkpt lat="-27.83240" lon="-71.08583"/><trkpt lat="-27.83226" lon="-71.08604"/><trkpt lat="-27.83210" lon="-71.08625"/><trkpt lat="-27.83197" lon="-71.08638"/><trkpt lat="-27.83139" lon="-71.08693"/><trkpt lat="-27.83067" lon="-71.08820"/><trkpt lat="-27.83054" lon="-71.08867"/><trkpt lat="-27.83065" lon="-71.08898"/><trkpt lat="-27.83115" lon="-71.08955"/><trkpt lat="-27.83189" lon="-71.09030"/><trkpt lat="-27.83235" lon="-71.09074"/><trkpt lat="-27.83268" lon="-71.09112"/><trkpt lat="-27.83291" lon="-71.09152"/><trkpt lat="-27.83341" lon="-71.09271"/><trkpt lat="-27.83338" lon="-71.09276"/><trkpt lat="-27.83334" lon="-71.09288"/><trkpt lat="-27.83329" lon="-71.09309"/><trkpt lat="-27.83321" lon="-71.09331"/><trkpt lat="-27.83316" lon="-71.09342"/><trkpt lat="-27.83310" lon="-71.09358"/><trkpt lat="-27.83304" lon="-71.09379"/><trkpt lat="-27.83294" lon="-71.09399"/><trkpt lat="-27.83289" lon="-71.09407"/><trkpt lat="-27.83283" lon="-71.09422"/><trkpt lat="-27.83281" lon="-71.09435"/><trkpt lat="-27.83278" lon="-71.09444"/><trkpt lat="-27.83273" lon="-71.09449"/><trkpt lat="-27.83251" lon="-71.09465"/><trkpt lat="-27.83244" lon="-71.09470"/><trkpt lat="-27.83235" lon="-71.09472"/><trkpt lat="-27.83225" lon="-71.09470"/><trkpt lat="-27.83216" lon="-71.09467"/><trkpt lat="-27.83207" lon="-71.09461"/><trkpt lat="-27.83200" lon="-71.09454"/><trkpt lat="-27.83192" lon="-71.09435"/><trkpt lat="-27.83185" lon="-71.09424"/><trkpt lat="-27.83182" lon="-71.09416"/><trkpt lat="-27.83182" lon="-71.09408"/><trkpt lat="-27.83184" lon="-71.09400"/><trkpt lat="-27.83185" lon="-71.09389"/><trkpt lat="-27.83183" lon="-71.09379"/><trkpt lat="-27.83183" lon="-71.09370"/><trkpt lat="-27.83185" lon="-71.09359"/><trkpt lat="-27.83185" lon="-71.09353"/><trkpt lat="-27.83183" lon="-71.09348"/><trkpt lat="-27.83179" lon="-71.09345"/><trkpt lat="-27.83171" lon="-71.09340"/><trkpt lat="-27.83164" lon="-71.09332"/><trkpt lat="-27.83158" lon="-71.09322"/><trkpt lat="-27.83151" lon="-71.09310"/><trkpt lat="-27.83142" lon="-71.09294"/><trkpt lat="-27.83134" lon="-71.09275"/><trkpt lat="-27.83123" lon="-71.09257"/><trkpt lat="-27.83112" lon="-71.09243"/><trkpt lat="-27.83105" lon="-71.09232"/><trkpt lat="-27.83100" lon="-71.09220"/><trkpt lat="-27.83093" lon="-71.09206"/><trkpt lat="-27.83083" lon="-71.09191"/><trkpt lat="-27.83073" lon="-71.09180"/><trkpt lat="-27.83067" lon="-71.09171"/><trkpt lat="-27.83062" lon="-71.09159"/><trkpt lat="-27.83053" lon="-71.09140"/><trkpt lat="-27.83049" lon="-71.09136"/><trkpt lat="-27.83044" lon="-71.09135"/><trkpt lat="-27.83037" lon="-71.09135"/><trkpt lat="-27.83025" lon="-71.09134"/><trkpt lat="-27.83019" lon="-71.09133"/><trkpt lat="-27.83012" lon="-71.09128"/><trkpt lat="-27.83014" lon="-71.09113"/><trkpt lat="-27.83015" lon="-71.09104"/><trkpt lat="-27.83013" lon="-71.09097"/><trkpt lat="-27.83012" lon="-71.09089"/><trkpt lat="-27.83013" lon="-71.09078"/><trkpt lat="-27.83017" lon="-71.09068"/><trkpt lat="-27.83019" lon="-71.09059"/><trkpt lat="-27.83017" lon="-71.09050"/><trkpt lat="-27.83013" lon="-71.09042"/><trkpt lat="-27.83007" lon="-71.09033"/><trkpt lat="-27.82989" lon="-71.09021"/><trkpt lat="-27.82984" lon="-71.09003"/><trkpt lat="-27.82988" lon="-71.08984"/><trkpt lat="-27.83025" lon="-71.08913"/><trkpt lat="-27.83054" lon="-71.08850"/><trkpt lat="-27.83091" lon="-71.08771"/><trkpt lat="-27.83191" lon="-71.08645"/><trkpt lat="-27.83204" lon="-71.08632"/><trkpt lat="-27.83218" lon="-71.08615"/><trkpt lat="-27.83233" lon="-71.08594"/><trkpt lat="-27.83245" lon="-71.08572"/><trkpt lat="-27.83255" lon="-71.08551"/><trkpt lat="-27.83278" lon="-71.08488"/><trkpt lat="-27.83382" lon="-71.08463"/><trkpt lat="-27.83752" lon="-71.08541"/><trkpt lat="-27.83940" lon="-71.08580"/><trkpt lat="-27.84001" lon="-71.08589"/><trkpt lat="-27.84061" lon="-71.08595"/><trkpt lat="-27.84394" lon="-71.08626"/><trkpt lat="-27.84439" lon="-71.08628"/><trkpt lat="-27.84471" lon="-71.08627"/><trkpt lat="-27.84503" lon="-71.08623"/><trkpt lat="-27.84534" lon="-71.08616"/><trkpt lat="-27.84569" lon="-71.08605"/><trkpt lat="-27.84603" lon="-71.08591"/><trkpt lat="-27.84818" lon="-71.08477"/><trkpt lat="-27.84852" lon="-71.08457"/><trkpt lat="-27.84882" lon="-71.08437"/><trkpt lat="-27.84909" lon="-71.08415"/><trkpt lat="-27.84933" lon="-71.08392"/><trkpt lat="-27.84956" lon="-71.08367"/><trkpt lat="-27.85047" lon="-71.08248"/><trkpt lat="-27.85087" lon="-71.08198"/><trkpt lat="-27.85124" lon="-71.08153"/><trkpt lat="-27.85161" lon="-71.08114"/><trkpt lat="-27.85192" lon="-71.08084"/><trkpt lat="-27.85222" lon="-71.08057"/><trkpt lat="-27.85254" lon="-71.08030"/><trkpt lat="-27.85327" lon="-71.07977"/><trkpt lat="-27.85390" lon="-71.07931"/><trkpt lat="-27.85443" lon="-71.07891"/><trkpt lat="-27.85500" lon="-71.07843"/><trkpt lat="-27.85558" lon="-71.07789"/><trkpt lat="-27.85691" lon="-71.07655"/><trkpt lat="-27.85719" lon="-71.07628"/><trkpt lat="-27.85748" lon="-71.07602"/><trkpt lat="-27.85783" lon="-71.07576"/><trkpt lat="-27.85821" lon="-71.07551"/><trkpt lat="-27.85859" lon="-71.07529"/><trkpt lat="-27.85894" lon="-71.07512"/><trkpt lat="-27.85934" lon="-71.07496"/><trkpt lat="-27.85977" lon="-71.07483"/><trkpt lat="-27.86023" lon="-71.07472"/><trkpt lat="-27.86071" lon="-71.07466"/><trkpt lat="-27.86298" lon="-71.07444"/><trkpt lat="-27.86450" lon="-71.07430"/><trkpt lat="-27.86577" lon="-71.07420"/><trkpt lat="-27.86642" lon="-71.07417"/><trkpt lat="-27.86718" lon="-71.07418"/><trkpt lat="-27.86778" lon="-71.07422"/><trkpt lat="-27.86838" lon="-71.07429"/><trkpt lat="-27.86896" lon="-71.07438"/><trkpt lat="-27.87198" lon="-71.07484"/><trkpt lat="-27.87723" lon="-71.07564"/><trkpt lat="-27.88095" lon="-71.07619"/><trkpt lat="-27.88396" lon="-71.07667"/><trkpt lat="-27.88428" lon="-71.07673"/><trkpt lat="-27.88455" lon="-71.07680"/><trkpt lat="-27.88480" lon="-71.07690"/><trkpt lat="-27.88502" lon="-71.07703"/><trkpt lat="-27.88526" lon="-71.07718"/><trkpt lat="-27.88550" lon="-71.07737"/><trkpt lat="-27.88568" lon="-71.07754"/><trkpt lat="-27.88588" lon="-71.07776"/><trkpt lat="-27.88608" lon="-71.07804"/><trkpt lat="-27.88625" lon="-71.07834"/><trkpt lat="-27.88645" lon="-71.07873"/><trkpt lat="-27.88661" lon="-71.07912"/><trkpt lat="-27.88715" lon="-71.08050"/><trkpt lat="-27.88727" lon="-71.08077"/><trkpt lat="-27.88739" lon="-71.08100"/><trkpt lat="-27.88755" lon="-71.08122"/><trkpt lat="-27.88776" lon="-71.08145"/><trkpt lat="-27.88799" lon="-71.08164"/><trkpt lat="-27.88823" lon="-71.08180"/><trkpt lat="-27.88847" lon="-71.08193"/><trkpt lat="-27.88870" lon="-71.08203"/><trkpt lat="-27.88941" lon="-71.08226"/><trkpt lat="-27.88969" lon="-71.08230"/><trkpt lat="-27.88995" lon="-71.08231"/><trkpt lat="-27.89018" lon="-71.08230"/><trkpt lat="-27.89038" lon="-71.08226"/><trkpt lat="-27.89059" lon="-71.08219"/><trkpt lat="-27.89119" lon="-71.08195"/><trkpt lat="-27.89147" lon="-71.08185"/><trkpt lat="-27.89177" lon="-71.08176"/><trkpt lat="-27.89208" lon="-71.08168"/><trkpt lat="-27.89261" lon="-71.08160"/><trkpt lat="-27.89294" lon="-71.08157"/><trkpt lat="-27.89332" lon="-71.08155"/><trkpt lat="-27.89360" lon="-71.08155"/><trkpt lat="-27.89373" lon="-71.08157"/><trkpt lat="-27.89386" lon="-71.08161"/><trkpt lat="-27.89399" lon="-71.08168"/><trkpt lat="-27.89409" lon="-71.08176"/><trkpt lat="-27.89418" lon="-71.08187"/><trkpt lat="-27.89425" lon="-71.08202"/><trkpt lat="-27.89444" lon="-71.08251"/><trkpt lat="-27.89448" lon="-71.08269"/><trkpt lat="-27.89450" lon="-71.08288"/><trkpt lat="-27.89449" lon="-71.08307"/><trkpt lat="-27.89446" lon="-71.08328"/><trkpt lat="-27.89438" lon="-71.08351"/><trkpt lat="-27.89398" lon="-71.08478"/><trkpt lat="-27.89406" lon="-71.08527"/><trkpt lat="-27.89435" lon="-71.08562"/><trkpt lat="-27.89716" lon="-71.08790"/><trkpt lat="-27.89924" lon="-71.08971"/><trkpt lat="-27.90107" lon="-71.09059"/><trkpt lat="-27.90295" lon="-71.09101"/><trkpt lat="-27.90517" lon="-71.09146"/><trkpt lat="-27.90760" lon="-71.09170"/><trkpt lat="-27.91037" lon="-71.09150"/><trkpt lat="-27.91108" lon="-71.09141"/><trkpt lat="-27.91162" lon="-71.09131"/><trkpt lat="-27.91207" lon="-71.09120"/><trkpt lat="-27.91252" lon="-71.09108"/><trkpt lat="-27.91289" lon="-71.09096"/><trkpt lat="-27.91353" lon="-71.09071"/><trkpt lat="-27.91417" lon="-71.09042"/><trkpt lat="-27.91579" lon="-71.08960"/><trkpt lat="-27.91786" lon="-71.08855"/><trkpt lat="-27.92036" lon="-71.08725"/><trkpt lat="-27.92201" lon="-71.08642"/><trkpt lat="-27.92386" lon="-71.08547"/><trkpt lat="-27.92426" lon="-71.08526"/><trkpt lat="-27.92451" lon="-71.08516"/><trkpt lat="-27.92482" lon="-71.08505"/><trkpt lat="-27.92513" lon="-71.08497"/><trkpt lat="-27.92543" lon="-71.08492"/><trkpt lat="-27.92573" lon="-71.08490"/><trkpt lat="-27.92604" lon="-71.08490"/><trkpt lat="-27.92638" lon="-71.08494"/><trkpt lat="-27.92668" lon="-71.08500"/><trkpt lat="-27.92696" lon="-71.08507"/><trkpt lat="-27.92724" lon="-71.08518"/><trkpt lat="-27.92753" lon="-71.08533"/><trkpt lat="-27.92786" lon="-71.08553"/><trkpt lat="-27.92815" lon="-71.08573"/><trkpt lat="-27.92835" lon="-71.08592"/><trkpt lat="-27.92857" lon="-71.08615"/><trkpt lat="-27.92881" lon="-71.08644"/><trkpt lat="-27.92908" lon="-71.08682"/><trkpt lat="-27.93003" lon="-71.08835"/><trkpt lat="-27.93103" lon="-71.08992"/><trkpt lat="-27.93241" lon="-71.09206"/><trkpt lat="-27.93355" lon="-71.09391"/><trkpt lat="-27.93409" lon="-71.09470"/><trkpt lat="-27.93430" lon="-71.09498"/><trkpt lat="-27.93454" lon="-71.09525"/><trkpt lat="-27.93479" lon="-71.09550"/><trkpt lat="-27.93511" lon="-71.09577"/><trkpt lat="-27.93538" lon="-71.09596"/><trkpt lat="-27.93566" lon="-71.09614"/><trkpt lat="-27.93596" lon="-71.09631"/><trkpt lat="-27.93628" lon="-71.09645"/><trkpt lat="-27.93696" lon="-71.09672"/><trkpt lat="-27.93819" lon="-71.09722"/><trkpt lat="-27.94082" lon="-71.09826"/><trkpt lat="-27.94307" lon="-71.09917"/><trkpt lat="-27.94565" lon="-71.10021"/><trkpt lat="-27.94660" lon="-71.10061"/><trkpt lat="-27.94728" lon="-71.10092"/><trkpt lat="-27.94783" lon="-71.10117"/><trkpt lat="-27.94857" lon="-71.10154"/><trkpt lat="-27.95007" lon="-71.10229"/><trkpt lat="-27.95290" lon="-71.10373"/><trkpt lat="-27.95545" lon="-71.10491"/><trkpt lat="-27.95799" lon="-71.10604"/><trkpt lat="-27.95986" lon="-71.10686"/><trkpt lat="-27.96121" lon="-71.10742"/><trkpt lat="-27.96284" lon="-71.10766"/><trkpt lat="-27.96340" lon="-71.10775"/><trkpt lat="-27.96379" lon="-71.10784"/><trkpt lat="-27.96413" lon="-71.10794"/><trkpt lat="-27.96446" lon="-71.10807"/><trkpt lat="-27.96479" lon="-71.10822"/><trkpt lat="-27.96539" lon="-71.10857"/><trkpt lat="-27.96728" lon="-71.10970"/><trkpt lat="-27.96819" lon="-71.11024"/><trkpt lat="-27.96861" lon="-71.11047"/><trkpt lat="-27.96907" lon="-71.11067"/><trkpt lat="-27.96939" lon="-71.11078"/><trkpt lat="-27.96969" lon="-71.11084"/><trkpt lat="-27.97104" lon="-71.11108"/><trkpt lat="-27.97140" lon="-71.11118"/><trkpt lat="-27.97167" lon="-71.11128"/><trkpt lat="-27.97197" lon="-71.11142"/><trkpt lat="-27.97228" lon="-71.11160"/><trkpt lat="-27.97264" lon="-71.11186"/><trkpt lat="-27.97342" lon="-71.11251"/><trkpt lat="-27.97577" lon="-71.11459"/><trkpt lat="-27.97677" lon="-71.11547"/><trkpt lat="-27.97708" lon="-71.11577"/><trkpt lat="-27.97733" lon="-71.11603"/><trkpt lat="-27.97758" lon="-71.11635"/><trkpt lat="-27.97860" lon="-71.11773"/><trkpt lat="-27.97908" lon="-71.11839"/><trkpt lat="-27.97941" lon="-71.11883"/><trkpt lat="-27.97974" lon="-71.11922"/><trkpt lat="-27.98012" lon="-71.11964"/><trkpt lat="-27.98054" lon="-71.12006"/><trkpt lat="-27.98101" lon="-71.12047"/><trkpt lat="-27.98149" lon="-71.12085"/><trkpt lat="-27.98198" lon="-71.12119"/><trkpt lat="-27.98251" lon="-71.12150"/><trkpt lat="-27.98306" lon="-71.12178"/><trkpt lat="-27.98354" lon="-71.12199"/><trkpt lat="-27.98406" lon="-71.12219"/><trkpt lat="-27.98454" lon="-71.12234"/><trkpt lat="-27.98493" lon="-71.12243"/><trkpt lat="-27.98545" lon="-71.12253"/><trkpt lat="-27.98818" lon="-71.12290"/><trkpt lat="-27.99152" lon="-71.12327"/><trkpt lat="-27.99535" lon="-71.12373"/><trkpt lat="-28.00005" lon="-71.12432"/><trkpt lat="-28.00052" lon="-71.12437"/><trkpt lat="-28.00108" lon="-71.12442"/><trkpt lat="-28.00214" lon="-71.12450"/><trkpt lat="-28.00266" lon="-71.12452"/><trkpt lat="-28.00329" lon="-71.12451"/><trkpt lat="-28.00490" lon="-71.12445"/><trkpt lat="-28.00671" lon="-71.12437"/><trkpt lat="-28.00743" lon="-71.12434"/><trkpt lat="-28.00799" lon="-71.12432"/><trkpt lat="-28.00840" lon="-71.12433"/><trkpt lat="-28.00873" lon="-71.12436"/><trkpt lat="-28.00906" lon="-71.12441"/><trkpt lat="-28.00947" lon="-71.12450"/><trkpt lat="-28.00982" lon="-71.12459"/><trkpt lat="-28.01129" lon="-71.12501"/><trkpt lat="-28.01381" lon="-71.12568"/><trkpt lat="-28.01698" lon="-71.12654"/><trkpt lat="-28.02018" lon="-71.12742"/><trkpt lat="-28.02313" lon="-71.12822"/><trkpt lat="-28.02483" lon="-71.12867"/><trkpt lat="-28.02745" lon="-71.12938"/><trkpt lat="-28.02905" lon="-71.12983"/><trkpt lat="-28.02987" lon="-71.13004"/><trkpt lat="-28.03035" lon="-71.13015"/><trkpt lat="-28.03097" lon="-71.13026"/><trkpt lat="-28.03159" lon="-71.13034"/><trkpt lat="-28.03207" lon="-71.13036"/><trkpt lat="-28.03341" lon="-71.13037"/><trkpt lat="-28.03372" lon="-71.13036"/><trkpt lat="-28.03394" lon="-71.13034"/><trkpt lat="-28.03420" lon="-71.13029"/><trkpt lat="-28.03445" lon="-71.13021"/><trkpt lat="-28.03471" lon="-71.13009"/><trkpt lat="-28.03497" lon="-71.12994"/><trkpt lat="-28.03518" lon="-71.12978"/><trkpt lat="-28.03535" lon="-71.12962"/><trkpt lat="-28.03551" lon="-71.12944"/><trkpt lat="-28.03565" lon="-71.12925"/><trkpt lat="-28.03577" lon="-71.12906"/><trkpt lat="-28.03597" lon="-71.12868"/><trkpt lat="-28.03830" lon="-71.12396"/><trkpt lat="-28.03844" lon="-71.12372"/><trkpt lat="-28.03859" lon="-71.12348"/><trkpt lat="-28.03875" lon="-71.12328"/><trkpt lat="-28.03890" lon="-71.12313"/><trkpt lat="-28.03909" lon="-71.12298"/><trkpt lat="-28.03931" lon="-71.12285"/><trkpt lat="-28.03955" lon="-71.12274"/><trkpt lat="-28.03980" lon="-71.12267"/><trkpt lat="-28.04003" lon="-71.12264"/><trkpt lat="-28.04027" lon="-71.12265"/><trkpt lat="-28.04050" lon="-71.12268"/><trkpt lat="-28.04073" lon="-71.12274"/><trkpt lat="-28.04093" lon="-71.12282"/><trkpt lat="-28.04113" lon="-71.12292"/><trkpt lat="-28.04133" lon="-71.12307"/><trkpt lat="-28.04151" lon="-71.12324"/><trkpt lat="-28.04165" lon="-71.12342"/><trkpt lat="-28.04178" lon="-71.12363"/><trkpt lat="-28.04191" lon="-71.12386"/><trkpt lat="-28.04202" lon="-71.12412"/><trkpt lat="-28.04210" lon="-71.12440"/><trkpt lat="-28.04214" lon="-71.12465"/><trkpt lat="-28.04216" lon="-71.12490"/><trkpt lat="-28.04223" lon="-71.12622"/><trkpt lat="-28.04226" lon="-71.12656"/><trkpt lat="-28.04233" lon="-71.12690"/><trkpt lat="-28.04242" lon="-71.12719"/><trkpt lat="-28.04253" lon="-71.12745"/><trkpt lat="-28.04266" lon="-71.12771"/><trkpt lat="-28.04282" lon="-71.12794"/><trkpt lat="-28.04304" lon="-71.12819"/><trkpt lat="-28.04327" lon="-71.12840"/><trkpt lat="-28.04434" lon="-71.12915"/><trkpt lat="-28.04528" lon="-71.12981"/><trkpt lat="-28.04557" lon="-71.13004"/><trkpt lat="-28.04575" lon="-71.13019"/><trkpt lat="-28.04590" lon="-71.13035"/><trkpt lat="-28.04607" lon="-71.13057"/><trkpt lat="-28.04620" lon="-71.13076"/><trkpt lat="-28.04631" lon="-71.13097"/><trkpt lat="-28.04647" lon="-71.13134"/><trkpt lat="-28.04663" lon="-71.13174"/><trkpt lat="-28.04676" lon="-71.13197"/><trkpt lat="-28.04691" lon="-71.13221"/><trkpt lat="-28.04706" lon="-71.13238"/><trkpt lat="-28.04723" lon="-71.13255"/><trkpt lat="-28.04742" lon="-71.13270"/><trkpt lat="-28.04760" lon="-71.13282"/><trkpt lat="-28.04780" lon="-71.13291"/><trkpt lat="-28.04804" lon="-71.13301"/><trkpt lat="-28.04830" lon="-71.13307"/><trkpt lat="-28.04857" lon="-71.13309"/><trkpt lat="-28.04982" lon="-71.13310"/><trkpt lat="-28.05022" lon="-71.13307"/><trkpt lat="-28.05059" lon="-71.13302"/><trkpt lat="-28.05092" lon="-71.13295"/><trkpt lat="-28.05127" lon="-71.13284"/><trkpt lat="-28.05164" lon="-71.13268"/><trkpt lat="-28.05286" lon="-71.13210"/><trkpt lat="-28.05366" lon="-71.13171"/><trkpt lat="-28.05405" lon="-71.13152"/><trkpt lat="-28.05437" lon="-71.13139"/><trkpt lat="-28.05469" lon="-71.13128"/><trkpt lat="-28.05498" lon="-71.13121"/><trkpt lat="-28.05531" lon="-71.13116"/><trkpt lat="-28.05567" lon="-71.13112"/><trkpt lat="-28.05606" lon="-71.13112"/><trkpt lat="-28.05647" lon="-71.13116"/><trkpt lat="-28.05691" lon="-71.13123"/><trkpt lat="-28.05779" lon="-71.13142"/><trkpt lat="-28.05823" lon="-71.13153"/><trkpt lat="-28.05869" lon="-71.13166"/><trkpt lat="-28.05927" lon="-71.13185"/><trkpt lat="-28.05991" lon="-71.13207"/><trkpt lat="-28.06060" lon="-71.13232"/><trkpt lat="-28.06101" lon="-71.13248"/><trkpt lat="-28.06144" lon="-71.13267"/><trkpt lat="-28.06191" lon="-71.13290"/><trkpt lat="-28.06244" lon="-71.13320"/><trkpt lat="-28.06333" lon="-71.13372"/><trkpt lat="-28.06388" lon="-71.13405"/><trkpt lat="-28.06432" lon="-71.13427"/><trkpt lat="-28.06482" lon="-71.13449"/><trkpt lat="-28.06529" lon="-71.13466"/><trkpt lat="-28.06572" lon="-71.13478"/><trkpt lat="-28.06674" lon="-71.13502"/><trkpt lat="-28.06819" lon="-71.13532"/><trkpt lat="-28.07049" lon="-71.13582"/><trkpt lat="-28.07188" lon="-71.13611"/><trkpt lat="-28.07218" lon="-71.13615"/><trkpt lat="-28.07240" lon="-71.13617"/><trkpt lat="-28.07276" lon="-71.13617"/><trkpt lat="-28.07311" lon="-71.13615"/><trkpt lat="-28.07346" lon="-71.13610"/><trkpt lat="-28.07382" lon="-71.13600"/><trkpt lat="-28.07417" lon="-71.13588"/><trkpt lat="-28.07449" lon="-71.13574"/><trkpt lat="-28.07480" lon="-71.13558"/><trkpt lat="-28.07515" lon="-71.13534"/><trkpt lat="-28.07548" lon="-71.13508"/><trkpt lat="-28.07577" lon="-71.13478"/><trkpt lat="-28.07606" lon="-71.13444"/><trkpt lat="-28.07677" lon="-71.13349"/><trkpt lat="-28.07707" lon="-71.13310"/><trkpt lat="-28.07740" lon="-71.13272"/><trkpt lat="-28.07766" lon="-71.13247"/><trkpt lat="-28.07792" lon="-71.13226"/><trkpt lat="-28.07819" lon="-71.13207"/><trkpt lat="-28.07846" lon="-71.13190"/><trkpt lat="-28.07877" lon="-71.13175"/><trkpt lat="-28.07911" lon="-71.13162"/><trkpt lat="-28.07949" lon="-71.13151"/><trkpt lat="-28.07985" lon="-71.13144"/><trkpt lat="-28.08018" lon="-71.13142"/><trkpt lat="-28.08199" lon="-71.13140"/><trkpt lat="-28.08238" lon="-71.13141"/><trkpt lat="-28.08273" lon="-71.13145"/><trkpt lat="-28.08303" lon="-71.13151"/><trkpt lat="-28.08332" lon="-71.13159"/><trkpt lat="-28.08360" lon="-71.13170"/><trkpt lat="-28.08389" lon="-71.13183"/><trkpt lat="-28.08418" lon="-71.13200"/><trkpt lat="-28.08446" lon="-71.13220"/><trkpt lat="-28.08474" lon="-71.13245"/><trkpt lat="-28.08500" lon="-71.13272"/><trkpt lat="-28.08524" lon="-71.13300"/><trkpt lat="-28.08543" lon="-71.13330"/><trkpt lat="-28.08560" lon="-71.13361"/><trkpt lat="-28.08576" lon="-71.13394"/><trkpt lat="-28.08595" lon="-71.13443"/><trkpt lat="-28.08616" lon="-71.13510"/><trkpt lat="-28.08671" lon="-71.13694"/><trkpt lat="-28.08741" lon="-71.13906"/><trkpt lat="-28.08805" lon="-71.14088"/><trkpt lat="-28.08863" lon="-71.14239"/><trkpt lat="-28.08884" lon="-71.14305"/><trkpt lat="-28.08902" lon="-71.14355"/><trkpt lat="-28.08923" lon="-71.14402"/><trkpt lat="-28.08940" lon="-71.14435"/><trkpt lat="-28.08960" lon="-71.14465"/><trkpt lat="-28.08981" lon="-71.14491"/><trkpt lat="-28.09002" lon="-71.14512"/><trkpt lat="-28.09021" lon="-71.14529"/><trkpt lat="-28.09043" lon="-71.14547"/><trkpt lat="-28.09073" lon="-71.14567"/><trkpt lat="-28.09108" lon="-71.14585"/><trkpt lat="-28.09132" lon="-71.14595"/><trkpt lat="-28.09162" lon="-71.14606"/><trkpt lat="-28.09191" lon="-71.14613"/><trkpt lat="-28.09273" lon="-71.14629"/><trkpt lat="-28.09404" lon="-71.14654"/><trkpt lat="-28.09467" lon="-71.14669"/><trkpt lat="-28.09560" lon="-71.14690"/><trkpt lat="-28.09810" lon="-71.14744"/><trkpt lat="-28.09801" lon="-71.14783"/><trkpt lat="-28.09789" lon="-71.14804"/><trkpt lat="-28.09774" lon="-71.14818"/><trkpt lat="-28.09724" lon="-71.14847"/><trkpt lat="-28.09648" lon="-71.14889"/><trkpt lat="-28.09625" lon="-71.14898"/><trkpt lat="-28.09605" lon="-71.14901"/><trkpt lat="-28.09585" lon="-71.14899"/><trkpt lat="-28.09567" lon="-71.14895"/><trkpt lat="-28.09552" lon="-71.14888"/><trkpt lat="-28.09539" lon="-71.14880"/><trkpt lat="-28.09525" lon="-71.14871"/><trkpt lat="-28.09412" lon="-71.14782"/><trkpt lat="-28.09387" lon="-71.14759"/><trkpt lat="-28.09307" lon="-71.14682"/><trkpt lat="-28.09288" lon="-71.14667"/><trkpt lat="-28.09268" lon="-71.14654"/><trkpt lat="-28.09242" lon="-71.14645"/><trkpt lat="-28.09204" lon="-71.14636"/><trkpt lat="-28.09130" lon="-71.14620"/><trkpt lat="-28.09093" lon="-71.14609"/><trkpt lat="-28.09071" lon="-71.14596"/><trkpt lat="-28.09043" lon="-71.14574"/><trkpt lat="-28.09015" lon="-71.14552"/><trkpt lat="-28.08995" lon="-71.14542"/><trkpt lat="-28.08973" lon="-71.14538"/><trkpt lat="-28.08953" lon="-71.14538"/><trkpt lat="-28.08933" lon="-71.14543"/><trkpt lat="-28.08916" lon="-71.14549"/><trkpt lat="-28.08888" lon="-71.14565"/><trkpt lat="-28.08855" lon="-71.14581"/><trkpt lat="-28.08824" lon="-71.14592"/><trkpt lat="-28.08793" lon="-71.14599"/><trkpt lat="-28.08758" lon="-71.14605"/><trkpt lat="-28.08741" lon="-71.14606"/><trkpt lat="-28.08690" lon="-71.14610"/><trkpt lat="-28.08670" lon="-71.14613"/><trkpt lat="-28.08651" lon="-71.14620"/><trkpt lat="-28.08632" lon="-71.14632"/><trkpt lat="-28.08609" lon="-71.14653"/><trkpt lat="-28.08599" lon="-71.14661"/><trkpt lat="-28.08576" lon="-71.14672"/><trkpt lat="-28.08557" lon="-71.14674"/><trkpt lat="-28.08536" lon="-71.14671"/><trkpt lat="-28.08511" lon="-71.14666"/><trkpt lat="-28.08477" lon="-71.14663"/><trkpt lat="-28.08411" lon="-71.14661"/><trkpt lat="-28.08376" lon="-71.14660"/><trkpt lat="-28.08345" lon="-71.14664"/><trkpt lat="-28.08311" lon="-71.14672"/><trkpt lat="-28.08295" lon="-71.14679"/><trkpt lat="-28.08284" lon="-71.14686"/><trkpt lat="-28.08259" lon="-71.14706"/><trkpt lat="-28.08234" lon="-71.14726"/><trkpt lat="-28.08200" lon="-71.14754"/><trkpt lat="-28.08135" lon="-71.14808"/><trkpt lat="-28.08120" lon="-71.14775"/><trkpt lat="-28.08120" lon="-71.14733"/><trkpt lat="-28.08132" lon="-71.14704"/><trkpt lat="-28.08236" lon="-71.14600"/><trkpt lat="-28.08322" lon="-71.14535"/><trkpt lat="-28.08373" lon="-71.14493"/><trkpt lat="-28.08446" lon="-71.14432"/><trkpt lat="-28.08490" lon="-71.14416"/><trkpt lat="-28.08554" lon="-71.14383"/><trkpt lat="-28.08749" lon="-71.14263"/><trkpt lat="-28.08750" lon="-71.14272"/><trkpt lat="-28.08738" lon="-71.14292"/><trkpt lat="-28.08730" lon="-71.14308"/><trkpt lat="-28.08723" lon="-71.14331"/><trkpt lat="-28.08710" lon="-71.14349"/><trkpt lat="-28.08693" lon="-71.14364"/><trkpt lat="-28.08691" lon="-71.14372"/><trkpt lat="-28.08702" lon="-71.14384"/><trkpt lat="-28.08712" lon="-71.14398"/><trkpt lat="-28.08717" lon="-71.14415"/><trkpt lat="-28.08713" lon="-71.14430"/><trkpt lat="-28.08703" lon="-71.14441"/><trkpt lat="-28.08682" lon="-71.14442"/><trkpt lat="-28.08629" lon="-71.14444"/><trkpt lat="-28.08596" lon="-71.14449"/><trkpt lat="-28.08576" lon="-71.14455"/><trkpt lat="-28.08563" lon="-71.14466"/><trkpt lat="-28.08545" lon="-71.14480"/><trkpt lat="-28.08527" lon="-71.14492"/><trkpt lat="-28.08516" lon="-71.14508"/><trkpt lat="-28.08506" lon="-71.14539"/><trkpt lat="-28.08492" lon="-71.14550"/><trkpt lat="-28.08475" lon="-71.14560"/><trkpt lat="-28.08465" lon="-71.14575"/><trkpt lat="-28.08455" lon="-71.14605"/><trkpt lat="-28.08447" lon="-71.14616"/><trkpt lat="-28.08429" lon="-71.14630"/><trkpt lat="-28.08419" lon="-71.14640"/><trkpt lat="-28.08411" lon="-71.14661"/><trkpt lat="-28.08477" lon="-71.14663"/><trkpt lat="-28.08511" lon="-71.14666"/><trkpt lat="-28.08536" lon="-71.14671"/><trkpt lat="-28.08557" lon="-71.14674"/><trkpt lat="-28.08576" lon="-71.14672"/><trkpt lat="-28.08599" lon="-71.14661"/><trkpt lat="-28.08609" lon="-71.14653"/><trkpt lat="-28.08632" lon="-71.14632"/><trkpt lat="-28.08651" lon="-71.14620"/><trkpt lat="-28.08670" lon="-71.14613"/><trkpt lat="-28.08690" lon="-71.14610"/><trkpt lat="-28.08741" lon="-71.14606"/><trkpt lat="-28.08758" lon="-71.14605"/><trkpt lat="-28.08793" lon="-71.14599"/><trkpt lat="-28.08824" lon="-71.14592"/><trkpt lat="-28.08855" lon="-71.14581"/><trkpt lat="-28.08888" lon="-71.14565"/><trkpt lat="-28.08916" lon="-71.14549"/><trkpt lat="-28.08933" lon="-71.14543"/><trkpt lat="-28.08953" lon="-71.14538"/><trkpt lat="-28.08973" lon="-71.14538"/><trkpt lat="-28.08995" lon="-71.14542"/><trkpt lat="-28.09015" lon="-71.14552"/><trkpt lat="-28.09043" lon="-71.14574"/><trkpt lat="-28.09071" lon="-71.14596"/><trkpt lat="-28.09093" lon="-71.14609"/><trkpt lat="-28.09130" lon="-71.14620"/><trkpt lat="-28.09204" lon="-71.14636"/><trkpt lat="-28.09242" lon="-71.14645"/><trkpt lat="-28.09268" lon="-71.14654"/><trkpt lat="-28.09288" lon="-71.14667"/><trkpt lat="-28.09307" lon="-71.14682"/><trkpt lat="-28.09387" lon="-71.14759"/><trkpt lat="-28.09412" lon="-71.14782"/><trkpt lat="-28.09525" lon="-71.14871"/><trkpt lat="-28.09539" lon="-71.14880"/><trkpt lat="-28.09552" lon="-71.14888"/><trkpt lat="-28.09567" lon="-71.14895"/><trkpt lat="-28.09585" lon="-71.14899"/><trkpt lat="-28.09605" lon="-71.14901"/><trkpt lat="-28.09625" lon="-71.14898"/><trkpt lat="-28.09648" lon="-71.14889"/><trkpt lat="-28.09724" lon="-71.14847"/><trkpt lat="-28.09774" lon="-71.14818"/><trkpt lat="-28.09789" lon="-71.14804"/><trkpt lat="-28.09801" lon="-71.14783"/><trkpt lat="-28.09810" lon="-71.14744"/><trkpt lat="-28.09999" lon="-71.14779"/><trkpt lat="-28.10108" lon="-71.14803"/><trkpt lat="-28.10140" lon="-71.14811"/><trkpt lat="-28.10189" lon="-71.14824"/><trkpt lat="-28.10231" lon="-71.14837"/><trkpt lat="-28.10277" lon="-71.14857"/><trkpt lat="-28.10349" lon="-71.14890"/><trkpt lat="-28.10400" lon="-71.14914"/><trkpt lat="-28.10553" lon="-71.14988"/><trkpt lat="-28.10618" lon="-71.15021"/><trkpt lat="-28.10690" lon="-71.15062"/><trkpt lat="-28.10885" lon="-71.15174"/><trkpt lat="-28.11007" lon="-71.15243"/><trkpt lat="-28.11173" lon="-71.15339"/><trkpt lat="-28.11324" lon="-71.15428"/><trkpt lat="-28.11499" lon="-71.15522"/><trkpt lat="-28.11561" lon="-71.15552"/><trkpt lat="-28.11607" lon="-71.15573"/><trkpt lat="-28.12115" lon="-71.15779"/><trkpt lat="-28.12378" lon="-71.15887"/><trkpt lat="-28.12668" lon="-71.16006"/><trkpt lat="-28.12967" lon="-71.16130"/><trkpt lat="-28.12999" lon="-71.16141"/><trkpt lat="-28.13034" lon="-71.16148"/><trkpt lat="-28.13068" lon="-71.16152"/><trkpt lat="-28.13104" lon="-71.16154"/><trkpt lat="-28.13139" lon="-71.16153"/><trkpt lat="-28.13171" lon="-71.16149"/><trkpt lat="-28.13203" lon="-71.16142"/><trkpt lat="-28.13258" lon="-71.16124"/><trkpt lat="-28.13547" lon="-71.16023"/><trkpt lat="-28.14195" lon="-71.15801"/><trkpt lat="-28.14597" lon="-71.15663"/><trkpt lat="-28.14641" lon="-71.15648"/><trkpt lat="-28.14985" lon="-71.15529"/><trkpt lat="-28.15057" lon="-71.15505"/><trkpt lat="-28.15104" lon="-71.15493"/><trkpt lat="-28.15155" lon="-71.15483"/><trkpt lat="-28.15209" lon="-71.15477"/><trkpt lat="-28.15288" lon="-71.15470"/><trkpt lat="-28.15529" lon="-71.15450"/><trkpt lat="-28.15881" lon="-71.15415"/><trkpt lat="-28.15925" lon="-71.15413"/><trkpt lat="-28.15959" lon="-71.15413"/><trkpt lat="-28.16001" lon="-71.15417"/><trkpt lat="-28.16039" lon="-71.15424"/><trkpt lat="-28.16082" lon="-71.15437"/><trkpt lat="-28.16273" lon="-71.15502"/><trkpt lat="-28.16364" lon="-71.15535"/><trkpt lat="-28.16519" lon="-71.15596"/><trkpt lat="-28.16640" lon="-71.15646"/><trkpt lat="-28.16825" lon="-71.15729"/><trkpt lat="-28.17001" lon="-71.15809"/><trkpt lat="-28.17024" lon="-71.15817"/><trkpt lat="-28.17048" lon="-71.15824"/><trkpt lat="-28.17072" lon="-71.15828"/><trkpt lat="-28.17267" lon="-71.15833"/><trkpt lat="-28.17832" lon="-71.15844"/><trkpt lat="-28.17946" lon="-71.15842"/><trkpt lat="-28.18220" lon="-71.15831"/><trkpt lat="-28.18255" lon="-71.15829"/><trkpt lat="-28.18291" lon="-71.15824"/><trkpt lat="-28.18329" lon="-71.15815"/><trkpt lat="-28.18534" lon="-71.15751"/><trkpt lat="-28.18547" lon="-71.15773"/><trkpt lat="-28.18576" lon="-71.15769"/><trkpt lat="-28.18654" lon="-71.15820"/><trkpt lat="-28.18691" lon="-71.15836"/><trkpt lat="-28.18694" lon="-71.15854"/><trkpt lat="-28.18667" lon="-71.15887"/><trkpt lat="-28.18615" lon="-71.15905"/><trkpt lat="-28.18588" lon="-71.15918"/><trkpt lat="-28.18484" lon="-71.15980"/><trkpt lat="-28.18468" lon="-71.15999"/><trkpt lat="-28.18444" lon="-71.16008"/><trkpt lat="-28.18393" lon="-71.16032"/><trkpt lat="-28.18358" lon="-71.16031"/><trkpt lat="-28.18331" lon="-71.16042"/><trkpt lat="-28.18299" lon="-71.16100"/><trkpt lat="-28.18270" lon="-71.16129"/><trkpt lat="-28.18217" lon="-71.16157"/><trkpt lat="-28.18108" lon="-71.16217"/><trkpt lat="-28.18061" lon="-71.16224"/><trkpt lat="-28.18007" lon="-71.16240"/><trkpt lat="-28.17957" lon="-71.16234"/><trkpt lat="-28.17896" lon="-71.16249"/><trkpt lat="-28.17860" lon="-71.16256"/><trkpt lat="-28.17731" lon="-71.16266"/><trkpt lat="-28.17661" lon="-71.16266"/><trkpt lat="-28.17533" lon="-71.16294"/><trkpt lat="-28.17490" lon="-71.16312"/><trkpt lat="-28.17460" lon="-71.16319"/><trkpt lat="-28.17410" lon="-71.16322"/><trkpt lat="-28.17358" lon="-71.16316"/><trkpt lat="-28.17281" lon="-71.16295"/><trkpt lat="-28.17229" lon="-71.16337"/><trkpt lat="-28.17193" lon="-71.16373"/><trkpt lat="-28.17164" lon="-71.16369"/><trkpt lat="-28.17112" lon="-71.16357"/><trkpt lat="-28.17047" lon="-71.16405"/><trkpt lat="-28.17009" lon="-71.16440"/><trkpt lat="-28.16981" lon="-71.16471"/><trkpt lat="-28.16948" lon="-71.16531"/><trkpt lat="-28.16947" lon="-71.16592"/><trkpt lat="-28.16931" lon="-71.16633"/><trkpt lat="-28.16930" lon="-71.16657"/><trkpt lat="-28.16924" lon="-71.16681"/><trkpt lat="-28.16894" lon="-71.16691"/><trkpt lat="-28.16854" lon="-71.16681"/><trkpt lat="-28.16800" lon="-71.16641"/><trkpt lat="-28.16759" lon="-71.16611"/><trkpt lat="-28.16717" lon="-71.16583"/><trkpt lat="-28.16677" lon="-71.16546"/><trkpt lat="-28.16607" lon="-71.16547"/><trkpt lat="-28.16563" lon="-71.16554"/><trkpt lat="-28.16534" lon="-71.16529"/><trkpt lat="-28.16507" lon="-71.16455"/><trkpt lat="-28.16472" lon="-71.16382"/><trkpt lat="-28.16448" lon="-71.16325"/><trkpt lat="-28.16421" lon="-71.16266"/><trkpt lat="-28.16388" lon="-71.16216"/><trkpt lat="-28.16339" lon="-71.16128"/><trkpt lat="-28.16330" lon="-71.16076"/><trkpt lat="-28.16324" lon="-71.15873"/><trkpt lat="-28.16328" lon="-71.15803"/><trkpt lat="-28.16312" lon="-71.15725"/><trkpt lat="-28.16288" lon="-71.15648"/><trkpt lat="-28.16281" lon="-71.15568"/><trkpt lat="-28.16272" lon="-71.15538"/><trkpt lat="-28.16259" lon="-71.15523"/><trkpt lat="-28.16246" lon="-71.15503"/><trkpt lat="-28.16082" lon="-71.15437"/><trkpt lat="-28.16039" lon="-71.15424"/><trkpt lat="-28.16001" lon="-71.15417"/><trkpt lat="-28.15959" lon="-71.15413"/><trkpt lat="-28.15925" lon="-71.15413"/><trkpt lat="-28.15881" lon="-71.15415"/><trkpt lat="-28.15529" lon="-71.15450"/><trkpt lat="-28.15288" lon="-71.15470"/><trkpt lat="-28.15209" lon="-71.15477"/><trkpt lat="-28.15155" lon="-71.15483"/><trkpt lat="-28.15104" lon="-71.15493"/><trkpt lat="-28.15057" lon="-71.15505"/><trkpt lat="-28.14985" lon="-71.15529"/><trkpt lat="-28.14641" lon="-71.15648"/><trkpt lat="-28.14597" lon="-71.15663"/><trkpt lat="-28.14195" lon="-71.15801"/><trkpt lat="-28.13547" lon="-71.16023"/><trkpt lat="-28.13258" lon="-71.16124"/><trkpt lat="-28.13203" lon="-71.16142"/><trkpt lat="-28.13171" lon="-71.16149"/><trkpt lat="-28.13139" lon="-71.16153"/><trkpt lat="-28.13104" lon="-71.16154"/><trkpt lat="-28.13068" lon="-71.16152"/><trkpt lat="-28.13034" lon="-71.16148"/><trkpt lat="-28.12999" lon="-71.16141"/><trkpt lat="-28.12967" lon="-71.16130"/><trkpt lat="-28.12668" lon="-71.16006"/><trkpt lat="-28.12378" lon="-71.15887"/><trkpt lat="-28.12115" lon="-71.15779"/><trkpt lat="-28.11607" lon="-71.15573"/><trkpt lat="-28.11561" lon="-71.15552"/><trkpt lat="-28.11499" lon="-71.15522"/><trkpt lat="-28.11324" lon="-71.15428"/><trkpt lat="-28.11173" lon="-71.15339"/><trkpt lat="-28.11007" lon="-71.15243"/><trkpt lat="-28.10885" lon="-71.15174"/><trkpt lat="-28.10690" lon="-71.15062"/><trkpt lat="-28.10618" lon="-71.15021"/><trkpt lat="-28.10553" lon="-71.14988"/><trkpt lat="-28.10364" lon="-71.14893"/><trkpt lat="-28.10307" lon="-71.14864"/><trkpt lat="-28.10273" lon="-71.14848"/><trkpt lat="-28.10259" lon="-71.14828"/><trkpt lat="-28.10261" lon="-71.14820"/><trkpt lat="-28.10261" lon="-71.14811"/><trkpt lat="-28.10258" lon="-71.14794"/><trkpt lat="-28.10247" lon="-71.14747"/><trkpt lat="-28.10241" lon="-71.14709"/><trkpt lat="-28.10237" lon="-71.14672"/><trkpt lat="-28.10237" lon="-71.14638"/><trkpt lat="-28.10239" lon="-71.14602"/><trkpt lat="-28.10243" lon="-71.14566"/><trkpt lat="-28.10251" lon="-71.14525"/><trkpt lat="-28.10262" lon="-71.14485"/><trkpt lat="-28.10274" lon="-71.14447"/><trkpt lat="-28.10289" lon="-71.14412"/><trkpt lat="-28.10308" lon="-71.14373"/><trkpt lat="-28.10339" lon="-71.14314"/><trkpt lat="-28.10440" lon="-71.14125"/><trkpt lat="-28.10522" lon="-71.13966"/><trkpt lat="-28.10537" lon="-71.13930"/><trkpt lat="-28.10548" lon="-71.13897"/><trkpt lat="-28.10558" lon="-71.13863"/><trkpt lat="-28.10566" lon="-71.13828"/><trkpt lat="-28.10580" lon="-71.13757"/><trkpt lat="-28.10592" lon="-71.13705"/><trkpt lat="-28.10603" lon="-71.13671"/><trkpt lat="-28.10616" lon="-71.13641"/><trkpt lat="-28.10628" lon="-71.13614"/><trkpt lat="-28.10646" lon="-71.13585"/><trkpt lat="-28.10669" lon="-71.13553"/><trkpt lat="-28.10694" lon="-71.13522"/><trkpt lat="-28.10717" lon="-71.13497"/><trkpt lat="-28.10754" lon="-71.13462"/><trkpt lat="-28.10795" lon="-71.13427"/><trkpt lat="-28.10839" lon="-71.13390"/><trkpt lat="-28.10859" lon="-71.13370"/><trkpt lat="-28.10879" lon="-71.13347"/><trkpt lat="-28.10899" lon="-71.13320"/><trkpt lat="-28.10918" lon="-71.13290"/><trkpt lat="-28.10940" lon="-71.13252"/><trkpt lat="-28.10957" lon="-71.13215"/><trkpt lat="-28.10971" lon="-71.13178"/><trkpt lat="-28.10981" lon="-71.13143"/><trkpt lat="-28.10989" lon="-71.13109"/><trkpt lat="-28.10995" lon="-71.13074"/><trkpt lat="-28.11000" lon="-71.13033"/><trkpt lat="-28.11001" lon="-71.13000"/><trkpt lat="-28.11000" lon="-71.12923"/><trkpt lat="-28.11001" lon="-71.12862"/><trkpt lat="-28.11003" lon="-71.12815"/><trkpt lat="-28.11008" lon="-71.12779"/><trkpt lat="-28.11015" lon="-71.12745"/><trkpt lat="-28.11025" lon="-71.12713"/><trkpt lat="-28.11036" lon="-71.12682"/><trkpt lat="-28.11052" lon="-71.12646"/><trkpt lat="-28.11073" lon="-71.12607"/><trkpt lat="-28.11132" lon="-71.12510"/><trkpt lat="-28.11155" lon="-71.12468"/><trkpt lat="-28.11172" lon="-71.12434"/><trkpt lat="-28.11186" lon="-71.12401"/><trkpt lat="-28.11200" lon="-71.12363"/><trkpt lat="-28.11212" lon="-71.12319"/><trkpt lat="-28.11221" lon="-71.12275"/><trkpt lat="-28.11229" lon="-71.12224"/><trkpt lat="-28.11232" lon="-71.12181"/><trkpt lat="-28.11234" lon="-71.12139"/><trkpt lat="-28.11233" lon="-71.12097"/><trkpt lat="-28.11224" lon="-71.11893"/><trkpt lat="-28.11199" lon="-71.11411"/><trkpt lat="-28.11197" lon="-71.11371"/><trkpt lat="-28.11193" lon="-71.11331"/><trkpt lat="-28.11185" lon="-71.11285"/><trkpt lat="-28.11180" lon="-71.11263"/><trkpt lat="-28.11172" lon="-71.11236"/><trkpt lat="-28.11161" lon="-71.11204"/><trkpt lat="-28.11146" lon="-71.11166"/><trkpt lat="-28.11127" lon="-71.11129"/><trkpt lat="-28.11106" lon="-71.11096"/><trkpt lat="-28.11081" lon="-71.11062"/><trkpt lat="-28.11058" lon="-71.11037"/><trkpt lat="-28.11036" lon="-71.11016"/><trkpt lat="-28.10932" lon="-71.10915"/><trkpt lat="-28.10907" lon="-71.10886"/><trkpt lat="-28.10886" lon="-71.10857"/><trkpt lat="-28.10867" lon="-71.10827"/><trkpt lat="-28.10852" lon="-71.10797"/><trkpt lat="-28.10834" lon="-71.10756"/><trkpt lat="-28.10821" lon="-71.10715"/><trkpt lat="-28.10811" lon="-71.10676"/><trkpt lat="-28.10804" lon="-71.10639"/><trkpt lat="-28.10799" lon="-71.10602"/><trkpt lat="-28.10798" lon="-71.10556"/><trkpt lat="-28.10800" lon="-71.10509"/><trkpt lat="-28.10805" lon="-71.10463"/><trkpt lat="-28.10813" lon="-71.10426"/><trkpt lat="-28.10823" lon="-71.10391"/><trkpt lat="-28.10834" lon="-71.10356"/><trkpt lat="-28.10852" lon="-71.10315"/><trkpt lat="-28.10875" lon="-71.10273"/><trkpt lat="-28.10897" lon="-71.10238"/><trkpt lat="-28.10920" lon="-71.10210"/><trkpt lat="-28.10955" lon="-71.10173"/><trkpt lat="-28.10980" lon="-71.10148"/><trkpt lat="-28.11013" lon="-71.10123"/><trkpt lat="-28.11039" lon="-71.10107"/><trkpt lat="-28.11077" lon="-71.10086"/><trkpt lat="-28.11140" lon="-71.10056"/><trkpt lat="-28.11306" lon="-71.09980"/><trkpt lat="-28.11397" lon="-71.09937"/><trkpt lat="-28.11441" lon="-71.09918"/><trkpt lat="-28.11520" lon="-71.09887"/><trkpt lat="-28.11545" lon="-71.09875"/><trkpt lat="-28.11570" lon="-71.09861"/><trkpt lat="-28.11732" lon="-71.09762"/><trkpt lat="-28.11885" lon="-71.09668"/><trkpt lat="-28.11923" lon="-71.09646"/><trkpt lat="-28.11942" lon="-71.09638"/><trkpt lat="-28.11968" lon="-71.09634"/><trkpt lat="-28.11992" lon="-71.09630"/><trkpt lat="-28.12004" lon="-71.09627"/><trkpt lat="-28.12013" lon="-71.09621"/><trkpt lat="-28.12020" lon="-71.09614"/><trkpt lat="-28.12028" lon="-71.09604"/><trkpt lat="-28.12043" lon="-71.09577"/><trkpt lat="-28.12061" lon="-71.09541"/><trkpt lat="-28.12072" lon="-71.09514"/><trkpt lat="-28.12081" lon="-71.09493"/><trkpt lat="-28.12087" lon="-71.09474"/><trkpt lat="-28.12092" lon="-71.09447"/><trkpt lat="-28.12105" lon="-71.09350"/><trkpt lat="-28.12108" lon="-71.09322"/><trkpt lat="-28.12110" lon="-71.09296"/><trkpt lat="-28.12112" lon="-71.09239"/><trkpt lat="-28.12117" lon="-71.09184"/><trkpt lat="-28.12120" lon="-71.09155"/><trkpt lat="-28.12127" lon="-71.09123"/><trkpt lat="-28.12137" lon="-71.09087"/><trkpt lat="-28.12148" lon="-71.09058"/><trkpt lat="-28.12158" lon="-71.09037"/><trkpt lat="-28.12168" lon="-71.09022"/><trkpt lat="-28.12180" lon="-71.09007"/><trkpt lat="-28.12249" lon="-71.08941"/><trkpt lat="-28.12487" lon="-71.08716"/><trkpt lat="-28.12752" lon="-71.08466"/><trkpt lat="-28.12767" lon="-71.08453"/><trkpt lat="-28.12781" lon="-71.08442"/><trkpt lat="-28.12803" lon="-71.08429"/><trkpt lat="-28.12824" lon="-71.08420"/><trkpt lat="-28.12913" lon="-71.08387"/><trkpt lat="-28.13077" lon="-71.08322"/><trkpt lat="-28.13171" lon="-71.08284"/><trkpt lat="-28.13203" lon="-71.08274"/><trkpt lat="-28.13237" lon="-71.08268"/><trkpt lat="-28.13378" lon="-71.08250"/><trkpt lat="-28.13531" lon="-71.08230"/><trkpt lat="-28.13752" lon="-71.08204"/><trkpt lat="-28.13785" lon="-71.08200"/><trkpt lat="-28.13802" lon="-71.08195"/><trkpt lat="-28.13818" lon="-71.08187"/><trkpt lat="-28.13832" lon="-71.08176"/><trkpt lat="-28.13863" lon="-71.08149"/><trkpt lat="-28.13913" lon="-71.08103"/><trkpt lat="-28.13963" lon="-71.08059"/><trkpt lat="-28.14045" lon="-71.07991"/><trkpt lat="-28.14074" lon="-71.07965"/><trkpt lat="-28.14094" lon="-71.07944"/><trkpt lat="-28.14136" lon="-71.07894"/><trkpt lat="-28.14245" lon="-71.07762"/><trkpt lat="-28.14289" lon="-71.07707"/><trkpt lat="-28.14310" lon="-71.07676"/><trkpt lat="-28.14375" lon="-71.07559"/><trkpt lat="-28.14524" lon="-71.07285"/><trkpt lat="-28.14542" lon="-71.07247"/><trkpt lat="-28.14556" lon="-71.07213"/><trkpt lat="-28.14564" lon="-71.07182"/><trkpt lat="-28.14572" lon="-71.07147"/><trkpt lat="-28.14581" lon="-71.07096"/><trkpt lat="-28.14628" lon="-71.06838"/><trkpt lat="-28.14666" lon="-71.06623"/><trkpt lat="-28.14676" lon="-71.06564"/><trkpt lat="-28.14679" lon="-71.06531"/><trkpt lat="-28.14680" lon="-71.06443"/><trkpt lat="-28.14682" lon="-71.06418"/><trkpt lat="-28.14686" lon="-71.06398"/><trkpt lat="-28.14695" lon="-71.06360"/><trkpt lat="-28.14718" lon="-71.06288"/><trkpt lat="-28.14730" lon="-71.06255"/><trkpt lat="-28.14749" lon="-71.06211"/><trkpt lat="-28.14787" lon="-71.06128"/><trkpt lat="-28.14814" lon="-71.06061"/><trkpt lat="-28.14826" lon="-71.06038"/><trkpt lat="-28.14843" lon="-71.06011"/><trkpt lat="-28.14893" lon="-71.05939"/><trkpt lat="-28.14929" lon="-71.05883"/><trkpt lat="-28.14951" lon="-71.05851"/><trkpt lat="-28.14989" lon="-71.05800"/><trkpt lat="-28.15009" lon="-71.05777"/><trkpt lat="-28.15019" lon="-71.05769"/><trkpt lat="-28.15029" lon="-71.05763"/><trkpt lat="-28.15043" lon="-71.05758"/><trkpt lat="-28.15067" lon="-71.05753"/><trkpt lat="-28.15208" lon="-71.05727"/><trkpt lat="-28.15370" lon="-71.05695"/><trkpt lat="-28.15405" lon="-71.05685"/><trkpt lat="-28.15440" lon="-71.05672"/><trkpt lat="-28.15690" lon="-71.05564"/><trkpt lat="-28.15883" lon="-71.05481"/><trkpt lat="-28.15940" lon="-71.05456"/><trkpt lat="-28.15953" lon="-71.05448"/><trkpt lat="-28.15965" lon="-71.05439"/><trkpt lat="-28.15975" lon="-71.05427"/><trkpt lat="-28.16000" lon="-71.05394"/><trkpt lat="-28.16025" lon="-71.05356"/><trkpt lat="-28.16046" lon="-71.05319"/><trkpt lat="-28.16063" lon="-71.05283"/><trkpt lat="-28.16081" lon="-71.05242"/><trkpt lat="-28.16097" lon="-71.05196"/><trkpt lat="-28.16107" lon="-71.05160"/><trkpt lat="-28.16115" lon="-71.05124"/><trkpt lat="-28.16123" lon="-71.05088"/><trkpt lat="-28.16128" lon="-71.05051"/><trkpt lat="-28.16131" lon="-71.05010"/><trkpt lat="-28.16131" lon="-71.04966"/><trkpt lat="-28.16128" lon="-71.04920"/><trkpt lat="-28.16123" lon="-71.04866"/><trkpt lat="-28.16109" lon="-71.04780"/><trkpt lat="-28.16098" lon="-71.04730"/><trkpt lat="-28.16084" lon="-71.04686"/><trkpt lat="-28.16068" lon="-71.04646"/><trkpt lat="-28.16028" lon="-71.04563"/><trkpt lat="-28.15887" lon="-71.04270"/><trkpt lat="-28.15727" lon="-71.03939"/><trkpt lat="-28.15499" lon="-71.03471"/><trkpt lat="-28.15317" lon="-71.03093"/><trkpt lat="-28.15205" lon="-71.02862"/><trkpt lat="-28.15175" lon="-71.02795"/><trkpt lat="-28.15134" lon="-71.02691"/><trkpt lat="-28.15115" lon="-71.02637"/><trkpt lat="-28.15106" lon="-71.02603"/><trkpt lat="-28.15099" lon="-71.02569"/><trkpt lat="-28.15095" lon="-71.02536"/><trkpt lat="-28.15093" lon="-71.02501"/><trkpt lat="-28.15093" lon="-71.02463"/><trkpt lat="-28.15096" lon="-71.02426"/><trkpt lat="-28.15101" lon="-71.02390"/><trkpt lat="-28.15169" lon="-71.01976"/><trkpt lat="-28.15266" lon="-71.01370"/><trkpt lat="-28.15299" lon="-71.01167"/><trkpt lat="-28.15304" lon="-71.01127"/><trkpt lat="-28.15308" lon="-71.01077"/><trkpt lat="-28.15309" lon="-71.01042"/><trkpt lat="-28.15307" lon="-71.01006"/><trkpt lat="-28.15303" lon="-71.00971"/><trkpt lat="-28.15295" lon="-71.00935"/><trkpt lat="-28.15273" lon="-71.00860"/><trkpt lat="-28.15257" lon="-71.00818"/><trkpt lat="-28.15243" lon="-71.00786"/><trkpt lat="-28.15215" lon="-71.00742"/><trkpt lat="-28.15186" lon="-71.00705"/><trkpt lat="-28.15160" lon="-71.00676"/><trkpt lat="-28.15133" lon="-71.00649"/><trkpt lat="-28.15002" lon="-71.00535"/><trkpt lat="-28.14937" lon="-71.00479"/><trkpt lat="-28.14905" lon="-71.00447"/><trkpt lat="-28.14880" lon="-71.00420"/><trkpt lat="-28.14860" lon="-71.00394"/><trkpt lat="-28.14844" lon="-71.00369"/><trkpt lat="-28.14813" lon="-71.00313"/><trkpt lat="-28.14797" lon="-71.00283"/><trkpt lat="-28.14781" lon="-71.00245"/><trkpt lat="-28.14770" lon="-71.00210"/><trkpt lat="-28.14763" lon="-71.00177"/><trkpt lat="-28.14758" lon="-71.00143"/><trkpt lat="-28.14757" lon="-71.00108"/><trkpt lat="-28.14757" lon="-71.00068"/><trkpt lat="-28.14761" lon="-71.00024"/><trkpt lat="-28.14769" lon="-70.99982"/><trkpt lat="-28.14776" lon="-70.99950"/><trkpt lat="-28.14788" lon="-70.99907"/><trkpt lat="-28.14842" lon="-70.99743"/><trkpt lat="-28.14880" lon="-70.99633"/><trkpt lat="-28.14894" lon="-70.99589"/><trkpt lat="-28.14905" lon="-70.99546"/><trkpt lat="-28.14917" lon="-70.99488"/><trkpt lat="-28.14932" lon="-70.99409"/><trkpt lat="-28.14966" lon="-70.99184"/><trkpt lat="-28.15080" lon="-70.98440"/><trkpt lat="-28.15160" lon="-70.97914"/><trkpt lat="-28.15231" lon="-70.97452"/><trkpt lat="-28.15253" lon="-70.97311"/><trkpt lat="-28.15258" lon="-70.97256"/><trkpt lat="-28.15260" lon="-70.97210"/><trkpt lat="-28.15260" lon="-70.97167"/><trkpt lat="-28.15256" lon="-70.97127"/><trkpt lat="-28.15250" lon="-70.97082"/><trkpt lat="-28.15240" lon="-70.97032"/><trkpt lat="-28.15226" lon="-70.96978"/><trkpt lat="-28.15183" lon="-70.96833"/><trkpt lat="-28.14991" lon="-70.96213"/><trkpt lat="-28.14824" lon="-70.95669"/><trkpt lat="-28.14813" lon="-70.95627"/><trkpt lat="-28.14803" lon="-70.95582"/><trkpt lat="-28.14796" lon="-70.95532"/><trkpt lat="-28.14778" lon="-70.95390"/><trkpt lat="-28.14725" lon="-70.95014"/><trkpt lat="-28.14673" lon="-70.94634"/><trkpt lat="-28.14633" lon="-70.94337"/><trkpt lat="-28.14603" lon="-70.94122"/><trkpt lat="-28.14577" lon="-70.93942"/><trkpt lat="-28.14539" lon="-70.93662"/><trkpt lat="-28.14511" lon="-70.93464"/><trkpt lat="-28.14498" lon="-70.93355"/><trkpt lat="-28.14498" lon="-70.93339"/><trkpt lat="-28.14499" lon="-70.93325"/><trkpt lat="-28.14504" lon="-70.93308"/><trkpt lat="-28.14511" lon="-70.93293"/><trkpt lat="-28.14551" lon="-70.93231"/><trkpt lat="-28.14636" lon="-70.93107"/><trkpt lat="-28.14712" lon="-70.92998"/><trkpt lat="-28.14746" lon="-70.92944"/><trkpt lat="-28.14787" lon="-70.92870"/><trkpt lat="-28.14804" lon="-70.92838"/><trkpt lat="-28.14818" lon="-70.92807"/><trkpt lat="-28.14827" lon="-70.92783"/><trkpt lat="-28.14835" lon="-70.92752"/><trkpt lat="-28.14846" lon="-70.92709"/><trkpt lat="-28.14852" lon="-70.92686"/><trkpt lat="-28.14862" lon="-70.92662"/><trkpt lat="-28.14888" lon="-70.92609"/><trkpt lat="-28.14898" lon="-70.92585"/><trkpt lat="-28.14904" lon="-70.92566"/><trkpt lat="-28.14918" lon="-70.92506"/><trkpt lat="-28.14927" lon="-70.92473"/><trkpt lat="-28.14937" lon="-70.92439"/><trkpt lat="-28.14945" lon="-70.92411"/><trkpt lat="-28.14950" lon="-70.92386"/><trkpt lat="-28.14953" lon="-70.92355"/><trkpt lat="-28.14953" lon="-70.92321"/><trkpt lat="-28.14950" lon="-70.92280"/><trkpt lat="-28.14946" lon="-70.92255"/><trkpt lat="-28.14933" lon="-70.92170"/><trkpt lat="-28.14931" lon="-70.92137"/><trkpt lat="-28.14932" lon="-70.92110"/><trkpt lat="-28.14934" lon="-70.92081"/><trkpt lat="-28.14938" lon="-70.92049"/><trkpt lat="-28.14949" lon="-70.91977"/><trkpt lat="-28.14952" lon="-70.91938"/><trkpt lat="-28.14950" lon="-70.91892"/><trkpt lat="-28.14944" lon="-70.91771"/><trkpt lat="-28.14945" lon="-70.91727"/><trkpt lat="-28.14949" lon="-70.91677"/><trkpt lat="-28.14955" lon="-70.91600"/><trkpt lat="-28.14954" lon="-70.91550"/><trkpt lat="-28.14951" lon="-70.91517"/><trkpt lat="-28.14946" lon="-70.91483"/><trkpt lat="-28.14938" lon="-70.91453"/><trkpt lat="-28.14929" lon="-70.91423"/><trkpt lat="-28.14894" lon="-70.91333"/><trkpt lat="-28.14887" lon="-70.91262"/><trkpt lat="-28.14881" lon="-70.91179"/><trkpt lat="-28.14857" lon="-70.91084"/><trkpt lat="-28.14856" lon="-70.91043"/><trkpt lat="-28.14954" lon="-70.90824"/><trkpt lat="-28.14978" lon="-70.90728"/><trkpt lat="-28.14974" lon="-70.90658"/><trkpt lat="-28.14954" lon="-70.90553"/><trkpt lat="-28.14954" lon="-70.90482"/><trkpt lat="-28.14972" lon="-70.90339"/><trkpt lat="-28.14974" lon="-70.90194"/><trkpt lat="-28.15048" lon="-70.89730"/><trkpt lat="-28.15043" lon="-70.89684"/><trkpt lat="-28.14998" lon="-70.89531"/><trkpt lat="-28.15004" lon="-70.89343"/><trkpt lat="-28.14990" lon="-70.89301"/><trkpt lat="-28.14919" lon="-70.89157"/><trkpt lat="-28.14909" lon="-70.89086"/><trkpt lat="-28.14918" lon="-70.89012"/><trkpt lat="-28.14981" lon="-70.88878"/><trkpt lat="-28.15017" lon="-70.88792"/><trkpt lat="-28.15082" lon="-70.88568"/><trkpt lat="-28.15091" lon="-70.88525"/><trkpt lat="-28.15100" lon="-70.88474"/><trkpt lat="-28.15117" lon="-70.88333"/><trkpt lat="-28.15132" lon="-70.88204"/><trkpt lat="-28.15141" lon="-70.88117"/><trkpt lat="-28.15142" lon="-70.88090"/><trkpt lat="-28.15142" lon="-70.87952"/><trkpt lat="-28.15140" lon="-70.87688"/><trkpt lat="-28.15136" lon="-70.87624"/><trkpt lat="-28.15123" lon="-70.87495"/><trkpt lat="-28.15112" lon="-70.87362"/><trkpt lat="-28.15107" lon="-70.87151"/><trkpt lat="-28.15106" lon="-70.87001"/><trkpt lat="-28.15108" lon="-70.86960"/><trkpt lat="-28.15113" lon="-70.86898"/><trkpt lat="-28.15119" lon="-70.86889"/><trkpt lat="-28.15211" lon="-70.86746"/><trkpt lat="-28.15131" lon="-70.86485"/><trkpt lat="-28.15070" lon="-70.86283"/><trkpt lat="-28.15046" lon="-70.86204"/><trkpt lat="-28.15030" lon="-70.86158"/><trkpt lat="-28.15002" lon="-70.86100"/><trkpt lat="-28.14982" lon="-70.86058"/><trkpt lat="-28.14914" lon="-70.85882"/><trkpt lat="-28.14791" lon="-70.85832"/><trkpt lat="-28.14733" lon="-70.85656"/><trkpt lat="-28.14691" lon="-70.85548"/><trkpt lat="-28.14658" lon="-70.85446"/><trkpt lat="-28.14621" lon="-70.85344"/><trkpt lat="-28.14557" lon="-70.85209"/><trkpt lat="-28.14355" lon="-70.84962"/><trkpt lat="-28.14288" lon="-70.84862"/><trkpt lat="-28.14183" lon="-70.84702"/><trkpt lat="-28.13926" lon="-70.84312"/><trkpt lat="-28.13908" lon="-70.84274"/><trkpt lat="-28.13892" lon="-70.84233"/><trkpt lat="-28.13837" lon="-70.84072"/><trkpt lat="-28.13825" lon="-70.84044"/><trkpt lat="-28.13764" lon="-70.83927"/><trkpt lat="-28.13749" lon="-70.83902"/><trkpt lat="-28.13732" lon="-70.83877"/><trkpt lat="-28.13713" lon="-70.83854"/><trkpt lat="-28.13692" lon="-70.83831"/><trkpt lat="-28.13667" lon="-70.83807"/><trkpt lat="-28.13617" lon="-70.83768"/><trkpt lat="-28.13332" lon="-70.83554"/><trkpt lat="-28.13181" lon="-70.83395"/><trkpt lat="-28.13134" lon="-70.83339"/><trkpt lat="-28.13001" lon="-70.83163"/><trkpt lat="-28.12829" lon="-70.82882"/><trkpt lat="-28.12668" lon="-70.82556"/><trkpt lat="-28.12589" lon="-70.82423"/><trkpt lat="-28.12480" lon="-70.82282"/><trkpt lat="-28.12452" lon="-70.82245"/><trkpt lat="-28.12438" lon="-70.82220"/><trkpt lat="-28.12421" lon="-70.82183"/><trkpt lat="-28.12398" lon="-70.82127"/><trkpt lat="-28.12383" lon="-70.82096"/><trkpt lat="-28.12355" lon="-70.82043"/><trkpt lat="-28.12320" lon="-70.81977"/><trkpt lat="-28.12285" lon="-70.81913"/><trkpt lat="-28.12267" lon="-70.81882"/><trkpt lat="-28.12256" lon="-70.81858"/><trkpt lat="-28.12240" lon="-70.81811"/><trkpt lat="-28.12221" lon="-70.81758"/><trkpt lat="-28.12208" lon="-70.81732"/><trkpt lat="-28.12196" lon="-70.81712"/><trkpt lat="-28.12132" lon="-70.81623"/><trkpt lat="-28.12095" lon="-70.81569"/><trkpt lat="-28.12073" lon="-70.81539"/><trkpt lat="-28.12044" lon="-70.81506"/><trkpt lat="-28.11994" lon="-70.81458"/><trkpt lat="-28.11907" lon="-70.81389"/><trkpt lat="-28.11842" lon="-70.81338"/><trkpt lat="-28.11817" lon="-70.81321"/><trkpt lat="-28.11794" lon="-70.81307"/><trkpt lat="-28.11600" lon="-70.81219"/><trkpt lat="-28.11471" lon="-70.81106"/><trkpt lat="-28.11363" lon="-70.80910"/><trkpt lat="-28.11265" lon="-70.80688"/><trkpt lat="-28.11173" lon="-70.80540"/><trkpt lat="-28.11106" lon="-70.80344"/><trkpt lat="-28.10948" lon="-70.80063"/><trkpt lat="-28.10663" lon="-70.79582"/><trkpt lat="-28.10492" lon="-70.79161"/><trkpt lat="-28.10405" lon="-70.78860"/><trkpt lat="-28.10351" lon="-70.78611"/><trkpt lat="-28.10277" lon="-70.78378"/><trkpt lat="-28.10179" lon="-70.78238"/><trkpt lat="-28.10150" lon="-70.78153"/><trkpt lat="-28.10045" lon="-70.77866"/><trkpt lat="-28.09959" lon="-70.77638"/><trkpt lat="-28.09850" lon="-70.77368"/><trkpt lat="-28.09642" lon="-70.76766"/><trkpt lat="-28.09630" lon="-70.76710"/><trkpt lat="-28.09577" lon="-70.76409"/><trkpt lat="-28.09524" lon="-70.76299"/><trkpt lat="-28.09421" lon="-70.76149"/><trkpt lat="-28.09133" lon="-70.75338"/><trkpt lat="-28.09061" lon="-70.75064"/><trkpt lat="-28.09020" lon="-70.74953"/><trkpt lat="-28.08985" lon="-70.74740"/><trkpt lat="-28.08917" lon="-70.74487"/><trkpt lat="-28.08808" lon="-70.74012"/><trkpt lat="-28.08797" lon="-70.73765"/><trkpt lat="-28.08769" lon="-70.73648"/><trkpt lat="-28.08649" lon="-70.73439"/><trkpt lat="-28.08567" lon="-70.73287"/><trkpt lat="-28.08415" lon="-70.73013"/><trkpt lat="-28.08246" lon="-70.72663"/><trkpt lat="-28.08152" lon="-70.72358"/><trkpt lat="-28.08057" lon="-70.72054"/><trkpt lat="-28.07993" lon="-70.71859"/><trkpt lat="-28.07851" lon="-70.71487"/><trkpt lat="-28.07730" lon="-70.71112"/><trkpt lat="-28.07716" lon="-70.71003"/><trkpt lat="-28.07715" lon="-70.70983"/><trkpt lat="-28.07774" lon="-70.70989"/><trkpt lat="-28.07844" lon="-70.70988"/><trkpt lat="-28.07907" lon="-70.70981"/><trkpt lat="-28.07961" lon="-70.70968"/><trkpt lat="-28.08029" lon="-70.70944"/><trkpt lat="-28.08084" lon="-70.70918"/><trkpt lat="-28.08130" lon="-70.70889"/><trkpt lat="-28.08176" lon="-70.70854"/><trkpt lat="-28.08344" lon="-70.70690"/><trkpt lat="-28.08765" lon="-70.70270"/><trkpt lat="-28.09134" lon="-70.69903"/><trkpt lat="-28.09340" lon="-70.69694"/><trkpt lat="-28.09503" lon="-70.69533"/><trkpt lat="-28.09649" lon="-70.69387"/><trkpt lat="-28.09932" lon="-70.69105"/><trkpt lat="-28.10355" lon="-70.68683"/><trkpt lat="-28.10927" lon="-70.68114"/><trkpt lat="-28.11179" lon="-70.67864"/><trkpt lat="-28.11340" lon="-70.67703"/><trkpt lat="-28.11571" lon="-70.67473"/><trkpt lat="-28.11734" lon="-70.67311"/><trkpt lat="-28.11988" lon="-70.67059"/><trkpt lat="-28.12212" lon="-70.66836"/><trkpt lat="-28.12460" lon="-70.66587"/><trkpt lat="-28.12717" lon="-70.66333"/><trkpt lat="-28.12945" lon="-70.66105"/><trkpt lat="-28.13232" lon="-70.65818"/><trkpt lat="-28.13488" lon="-70.65562"/><trkpt lat="-28.13644" lon="-70.65407"/><trkpt lat="-28.13780" lon="-70.65270"/><trkpt lat="-28.14015" lon="-70.65036"/><trkpt lat="-28.14059" lon="-70.64992"/><trkpt lat="-28.14089" lon="-70.64959"/><trkpt lat="-28.14112" lon="-70.64930"/><trkpt lat="-28.14134" lon="-70.64901"/><trkpt lat="-28.14153" lon="-70.64869"/><trkpt lat="-28.14173" lon="-70.64833"/><trkpt lat="-28.14194" lon="-70.64792"/><trkpt lat="-28.14213" lon="-70.64758"/><trkpt lat="-28.14230" lon="-70.64726"/><trkpt lat="-28.14248" lon="-70.64697"/><trkpt lat="-28.14269" lon="-70.64666"/><trkpt lat="-28.14289" lon="-70.64639"/><trkpt lat="-28.14311" lon="-70.64612"/><trkpt lat="-28.14342" lon="-70.64580"/><trkpt lat="-28.14378" lon="-70.64546"/><trkpt lat="-28.14438" lon="-70.64494"/><trkpt lat="-28.14551" lon="-70.64396"/><trkpt lat="-28.14634" lon="-70.64324"/><trkpt lat="-28.14725" lon="-70.64245"/><trkpt lat="-28.14834" lon="-70.64150"/><trkpt lat="-28.14888" lon="-70.64105"/><trkpt lat="-28.14918" lon="-70.64075"/><trkpt lat="-28.14939" lon="-70.64050"/><trkpt lat="-28.14964" lon="-70.64019"/><trkpt lat="-28.14989" lon="-70.63983"/><trkpt lat="-28.15010" lon="-70.63950"/><trkpt lat="-28.15029" lon="-70.63917"/><trkpt lat="-28.15045" lon="-70.63882"/><trkpt lat="-28.15089" lon="-70.63783"/><trkpt lat="-28.15092" lon="-70.63779"/><trkpt lat="-28.15096" lon="-70.63777"/><trkpt lat="-28.15102" lon="-70.63775"/><trkpt lat="-28.15108" lon="-70.63774"/><trkpt lat="-28.15168" lon="-70.63804"/><trkpt lat="-28.15318" lon="-70.63887"/><trkpt lat="-28.15577" lon="-70.64029"/><trkpt lat="-28.15691" lon="-70.64091"/><trkpt lat="-28.15745" lon="-70.64122"/><trkpt lat="-28.15785" lon="-70.64147"/><trkpt lat="-28.15873" lon="-70.64210"/><trkpt lat="-28.15946" lon="-70.64258"/><trkpt lat="-28.15994" lon="-70.64287"/><trkpt lat="-28.16101" lon="-70.64347"/><trkpt lat="-28.16108" lon="-70.64348"/><trkpt lat="-28.16114" lon="-70.64346"/><trkpt lat="-28.16120" lon="-70.64342"/><trkpt lat="-28.16124" lon="-70.64336"/><trkpt lat="-28.16127" lon="-70.64329"/><trkpt lat="-28.16127" lon="-70.64322"/><trkpt lat="-28.16125" lon="-70.64315"/><trkpt lat="-28.16121" lon="-70.64309"/><trkpt lat="-28.16062" lon="-70.64276"/><trkpt lat="-28.15772" lon="-70.64115"/><trkpt lat="-28.15582" lon="-70.64013"/><trkpt lat="-28.15328" lon="-70.63873"/><trkpt lat="-28.15102" lon="-70.63749"/><trkpt lat="-28.14928" lon="-70.63653"/><trkpt lat="-28.14817" lon="-70.63592"/><trkpt lat="-28.14667" lon="-70.63510"/><trkpt lat="-28.14502" lon="-70.63419"/><trkpt lat="-28.14325" lon="-70.63322"/><trkpt lat="-28.14162" lon="-70.63234"/><trkpt lat="-28.14051" lon="-70.63173"/><trkpt lat="-28.13932" lon="-70.63107"/><trkpt lat="-28.13664" lon="-70.62962"/><trkpt lat="-28.13337" lon="-70.62781"/><trkpt lat="-28.12911" lon="-70.62545"/><trkpt lat="-28.12813" lon="-70.62491"/><trkpt lat="-28.10418" lon="-70.61177"/><trkpt lat="-28.10370" lon="-70.61151"/><trkpt lat="-28.10093" lon="-70.60998"/><trkpt lat="-28.09617" lon="-70.60736"/><trkpt lat="-28.09047" lon="-70.60422"/><trkpt lat="-28.08795" lon="-70.60285"/><trkpt lat="-28.08351" lon="-70.60042"/><trkpt lat="-28.08109" lon="-70.59909"/><trkpt lat="-28.07884" lon="-70.59786"/><trkpt lat="-28.07588" lon="-70.59623"/><trkpt lat="-28.06748" lon="-70.59162"/><trkpt lat="-28.06357" lon="-70.58948"/><trkpt lat="-28.06067" lon="-70.58789"/><trkpt lat="-28.06001" lon="-70.58753"/><trkpt lat="-28.05953" lon="-70.58728"/><trkpt lat="-28.05888" lon="-70.58698"/><trkpt lat="-28.05837" lon="-70.58676"/><trkpt lat="-28.05790" lon="-70.58656"/><trkpt lat="-28.05741" lon="-70.58637"/><trkpt lat="-28.05642" lon="-70.58601"/><trkpt lat="-28.05225" lon="-70.58460"/><trkpt lat="-28.04667" lon="-70.58271"/><trkpt lat="-28.04118" lon="-70.58085"/><trkpt lat="-28.03480" lon="-70.57870"/><trkpt lat="-28.02568" lon="-70.57560"/><trkpt lat="-28.02286" lon="-70.57465"/><trkpt lat="-28.01771" lon="-70.57290"/><trkpt lat="-28.01330" lon="-70.57141"/><trkpt lat="-28.01240" lon="-70.57109"/><trkpt lat="-28.01202" lon="-70.57094"/><trkpt lat="-28.01158" lon="-70.57075"/><trkpt lat="-28.01075" lon="-70.57040"/><trkpt lat="-28.01035" lon="-70.57024"/><trkpt lat="-28.00993" lon="-70.57008"/><trkpt lat="-28.00740" lon="-70.56924"/><trkpt lat="-28.00532" lon="-70.56849"/><trkpt lat="-28.00482" lon="-70.56832"/><trkpt lat="-28.00387" lon="-70.56799"/><trkpt lat="-28.00314" lon="-70.56776"/><trkpt lat="-28.00247" lon="-70.56755"/><trkpt lat="-28.00184" lon="-70.56734"/><trkpt lat="-27.99955" lon="-70.56658"/><trkpt lat="-27.99923" lon="-70.56647"/><trkpt lat="-27.99870" lon="-70.56629"/><trkpt lat="-27.99717" lon="-70.56578"/><trkpt lat="-27.99705" lon="-70.56574"/><trkpt lat="-27.99543" lon="-70.56519"/><trkpt lat="-27.99302" lon="-70.56437"/><trkpt lat="-27.99242" lon="-70.56417"/><trkpt lat="-27.99173" lon="-70.56393"/><trkpt lat="-27.98914" lon="-70.56305"/><trkpt lat="-27.98860" lon="-70.56287"/><trkpt lat="-27.98821" lon="-70.56276"/><trkpt lat="-27.98790" lon="-70.56267"/><trkpt lat="-27.98737" lon="-70.56255"/><trkpt lat="-27.98674" lon="-70.56239"/><trkpt lat="-27.98633" lon="-70.56227"/><trkpt lat="-27.98597" lon="-70.56216"/><trkpt lat="-27.98110" lon="-70.56050"/><trkpt lat="-27.97201" lon="-70.55744"/><trkpt lat="-27.97038" lon="-70.55688"/><trkpt lat="-27.96488" lon="-70.55501"/><trkpt lat="-27.96429" lon="-70.55479"/><trkpt lat="-27.96363" lon="-70.55450"/><trkpt lat="-27.96271" lon="-70.55411"/><trkpt lat="-27.96227" lon="-70.55393"/><trkpt lat="-27.96143" lon="-70.55363"/><trkpt lat="-27.96052" lon="-70.55332"/><trkpt lat="-27.96018" lon="-70.55321"/><trkpt lat="-27.95980" lon="-70.55311"/><trkpt lat="-27.95909" lon="-70.55293"/><trkpt lat="-27.95806" lon="-70.55269"/><trkpt lat="-27.95748" lon="-70.55252"/><trkpt lat="-27.95276" lon="-70.55091"/><trkpt lat="-27.94385" lon="-70.54790"/><trkpt lat="-27.93400" lon="-70.54456"/><trkpt lat="-27.92636" lon="-70.54196"/><trkpt lat="-27.91391" lon="-70.53773"/><trkpt lat="-27.90151" lon="-70.53354"/><trkpt lat="-27.89679" lon="-70.53192"/><trkpt lat="-27.89400" lon="-70.53097"/><trkpt lat="-27.89207" lon="-70.53031"/><trkpt lat="-27.88957" lon="-70.52947"/><trkpt lat="-27.88574" lon="-70.52815"/><trkpt lat="-27.87582" lon="-70.52478"/><trkpt lat="-27.87498" lon="-70.52450"/><trkpt lat="-27.87298" lon="-70.52381"/><trkpt lat="-27.86682" lon="-70.52172"/><trkpt lat="-27.86136" lon="-70.51988"/><trkpt lat="-27.86012" lon="-70.51952"/><trkpt lat="-27.85900" lon="-70.51923"/><trkpt lat="-27.85566" lon="-70.51836"/><trkpt lat="-27.85417" lon="-70.51798"/><trkpt lat="-27.85149" lon="-70.51728"/><trkpt lat="-27.84470" lon="-70.51551"/><trkpt lat="-27.83749" lon="-70.51364"/><trkpt lat="-27.83316" lon="-70.51251"/><trkpt lat="-27.82690" lon="-70.51088"/><trkpt lat="-27.82519" lon="-70.51044"/><trkpt lat="-27.82348" lon="-70.51000"/><trkpt lat="-27.82007" lon="-70.50910"/><trkpt lat="-27.81638" lon="-70.50815"/><trkpt lat="-27.81589" lon="-70.50802"/><trkpt lat="-27.81551" lon="-70.50790"/><trkpt lat="-27.81511" lon="-70.50777"/><trkpt lat="-27.81467" lon="-70.50760"/><trkpt lat="-27.81396" lon="-70.50730"/><trkpt lat="-27.81213" lon="-70.50654"/><trkpt lat="-27.81130" lon="-70.50619"/><trkpt lat="-27.81050" lon="-70.50585"/><trkpt lat="-27.80649" lon="-70.50412"/><trkpt lat="-27.79851" lon="-70.50072"/><trkpt lat="-27.79469" lon="-70.49910"/><trkpt lat="-27.79302" lon="-70.49839"/><trkpt lat="-27.79123" lon="-70.49763"/><trkpt lat="-27.79035" lon="-70.49725"/><trkpt lat="-27.78914" lon="-70.49674"/><trkpt lat="-27.78337" lon="-70.49428"/><trkpt lat="-27.77263" lon="-70.48971"/><trkpt lat="-27.77002" lon="-70.48862"/><trkpt lat="-27.76496" lon="-70.48646"/><trkpt lat="-27.75757" lon="-70.48332"/><trkpt lat="-27.75076" lon="-70.48043"/><trkpt lat="-27.74922" lon="-70.47978"/><trkpt lat="-27.74873" lon="-70.47958"/><trkpt lat="-27.74845" lon="-70.47948"/><trkpt lat="-27.74815" lon="-70.47937"/><trkpt lat="-27.74780" lon="-70.47926"/><trkpt lat="-27.74752" lon="-70.47918"/><trkpt lat="-27.74724" lon="-70.47912"/><trkpt lat="-27.74692" lon="-70.47905"/><trkpt lat="-27.74662" lon="-70.47899"/><trkpt lat="-27.74632" lon="-70.47893"/><trkpt lat="-27.74535" lon="-70.47876"/><trkpt lat="-27.74160" lon="-70.47817"/><trkpt lat="-27.73471" lon="-70.47706"/><trkpt lat="-27.72711" lon="-70.47583"/><trkpt lat="-27.72411" lon="-70.47534"/><trkpt lat="-27.72381" lon="-70.47530"/><trkpt lat="-27.72360" lon="-70.47527"/><trkpt lat="-27.72339" lon="-70.47526"/><trkpt lat="-27.72318" lon="-70.47525"/><trkpt lat="-27.72296" lon="-70.47525"/><trkpt lat="-27.72275" lon="-70.47525"/><trkpt lat="-27.72253" lon="-70.47526"/><trkpt lat="-27.72231" lon="-70.47528"/><trkpt lat="-27.72209" lon="-70.47531"/><trkpt lat="-27.72187" lon="-70.47534"/><trkpt lat="-27.72166" lon="-70.47539"/><trkpt lat="-27.72146" lon="-70.47543"/><trkpt lat="-27.72130" lon="-70.47548"/><trkpt lat="-27.72110" lon="-70.47553"/><trkpt lat="-27.72060" lon="-70.47569"/><trkpt lat="-27.71893" lon="-70.47622"/><trkpt lat="-27.71747" lon="-70.47667"/><trkpt lat="-27.71647" lon="-70.47698"/><trkpt lat="-27.71426" lon="-70.47768"/><trkpt lat="-27.70985" lon="-70.47905"/><trkpt lat="-27.70892" lon="-70.47934"/><trkpt lat="-27.70843" lon="-70.47949"/><trkpt lat="-27.70819" lon="-70.47956"/><trkpt lat="-27.70795" lon="-70.47961"/><trkpt lat="-27.70774" lon="-70.47966"/><trkpt lat="-27.70753" lon="-70.47970"/><trkpt lat="-27.70725" lon="-70.47974"/><trkpt lat="-27.70701" lon="-70.47976"/><trkpt lat="-27.70679" lon="-70.47978"/><trkpt lat="-27.70616" lon="-70.47982"/><trkpt lat="-27.70409" lon="-70.47995"/><trkpt lat="-27.70258" lon="-70.48004"/><trkpt lat="-27.70058" lon="-70.48016"/><trkpt lat="-27.70009" lon="-70.48019"/><trkpt lat="-27.69936" lon="-70.48024"/><trkpt lat="-27.69822" lon="-70.48031"/><trkpt lat="-27.69519" lon="-70.48048"/><trkpt lat="-27.69259" lon="-70.48063"/><trkpt lat="-27.68953" lon="-70.48081"/><trkpt lat="-27.68910" lon="-70.48083"/><trkpt lat="-27.68889" lon="-70.48084"/><trkpt lat="-27.68864" lon="-70.48084"/><trkpt lat="-27.68843" lon="-70.48083"/><trkpt lat="-27.68823" lon="-70.48081"/><trkpt lat="-27.68802" lon="-70.48078"/><trkpt lat="-27.68780" lon="-70.48075"/><trkpt lat="-27.68759" lon="-70.48071"/><trkpt lat="-27.68734" lon="-70.48065"/><trkpt lat="-27.68715" lon="-70.48060"/><trkpt lat="-27.68692" lon="-70.48054"/><trkpt lat="-27.68672" lon="-70.48047"/><trkpt lat="-27.68653" lon="-70.48040"/><trkpt lat="-27.68635" lon="-70.48032"/><trkpt lat="-27.68615" lon="-70.48023"/><trkpt lat="-27.68596" lon="-70.48013"/><trkpt lat="-27.68576" lon="-70.48002"/><trkpt lat="-27.68556" lon="-70.47989"/><trkpt lat="-27.68536" lon="-70.47976"/><trkpt lat="-27.68519" lon="-70.47964"/><trkpt lat="-27.68491" lon="-70.47944"/><trkpt lat="-27.68391" lon="-70.47864"/><trkpt lat="-27.68323" lon="-70.47812"/><trkpt lat="-27.68064" lon="-70.47605"/><trkpt lat="-27.67904" lon="-70.47477"/><trkpt lat="-27.67820" lon="-70.47412"/><trkpt lat="-27.67790" lon="-70.47390"/><trkpt lat="-27.67757" lon="-70.47366"/><trkpt lat="-27.67720" lon="-70.47340"/><trkpt lat="-27.67691" lon="-70.47321"/><trkpt lat="-27.67672" lon="-70.47308"/><trkpt lat="-27.67655" lon="-70.47298"/><trkpt lat="-27.67635" lon="-70.47286"/><trkpt lat="-27.67607" lon="-70.47271"/><trkpt lat="-27.67576" lon="-70.47254"/><trkpt lat="-27.67553" lon="-70.47242"/><trkpt lat="-27.67526" lon="-70.47228"/><trkpt lat="-27.67495" lon="-70.47213"/><trkpt lat="-27.67461" lon="-70.47196"/><trkpt lat="-27.67439" lon="-70.47186"/><trkpt lat="-27.67420" lon="-70.47178"/><trkpt lat="-27.67400" lon="-70.47170"/><trkpt lat="-27.67378" lon="-70.47160"/><trkpt lat="-27.67353" lon="-70.47151"/><trkpt lat="-27.67328" lon="-70.47142"/><trkpt lat="-27.67297" lon="-70.47131"/><trkpt lat="-27.67262" lon="-70.47120"/><trkpt lat="-27.67237" lon="-70.47113"/><trkpt lat="-27.67207" lon="-70.47104"/><trkpt lat="-27.67156" lon="-70.47090"/><trkpt lat="-27.66933" lon="-70.47031"/><trkpt lat="-27.66394" lon="-70.46891"/><trkpt lat="-27.66046" lon="-70.46801"/><trkpt lat="-27.65542" lon="-70.46669"/><trkpt lat="-27.64926" lon="-70.46506"/><trkpt lat="-27.64288" lon="-70.46342"/><trkpt lat="-27.63773" lon="-70.46209"/><trkpt lat="-27.63667" lon="-70.46180"/><trkpt lat="-27.63374" lon="-70.46104"/><trkpt lat="-27.62406" lon="-70.45851"/><trkpt lat="-27.62099" lon="-70.45771"/><trkpt lat="-27.61917" lon="-70.45724"/><trkpt lat="-27.61697" lon="-70.45666"/><trkpt lat="-27.61407" lon="-70.45591"/><trkpt lat="-27.61106" lon="-70.45513"/><trkpt lat="-27.60698" lon="-70.45408"/><trkpt lat="-27.60521" lon="-70.45364"/><trkpt lat="-27.60266" lon="-70.45298"/><trkpt lat="-27.59833" lon="-70.45184"/><trkpt lat="-27.59784" lon="-70.45170"/><trkpt lat="-27.59691" lon="-70.45145"/><trkpt lat="-27.58777" lon="-70.44907"/><trkpt lat="-27.57845" lon="-70.44665"/><trkpt lat="-27.57747" lon="-70.44640"/><trkpt lat="-27.57352" lon="-70.44537"/><trkpt lat="-27.56793" lon="-70.44392"/><trkpt lat="-27.56469" lon="-70.44308"/><trkpt lat="-27.56424" lon="-70.44297"/><trkpt lat="-27.56371" lon="-70.44284"/><trkpt lat="-27.56336" lon="-70.44277"/><trkpt lat="-27.56298" lon="-70.44269"/><trkpt lat="-27.56263" lon="-70.44263"/><trkpt lat="-27.56240" lon="-70.44258"/><trkpt lat="-27.56196" lon="-70.44248"/><trkpt lat="-27.56059" lon="-70.44210"/><trkpt lat="-27.55991" lon="-70.44189"/><trkpt lat="-27.55961" lon="-70.44181"/><trkpt lat="-27.55691" lon="-70.44111"/><trkpt lat="-27.55608" lon="-70.44091"/><trkpt lat="-27.55568" lon="-70.44081"/><trkpt lat="-27.55354" lon="-70.44031"/><trkpt lat="-27.55329" lon="-70.44026"/><trkpt lat="-27.55305" lon="-70.44023"/><trkpt lat="-27.55282" lon="-70.44021"/><trkpt lat="-27.55262" lon="-70.44019"/><trkpt lat="-27.55241" lon="-70.44019"/><trkpt lat="-27.55220" lon="-70.44019"/><trkpt lat="-27.55200" lon="-70.44020"/><trkpt lat="-27.55179" lon="-70.44022"/><trkpt lat="-27.55159" lon="-70.44024"/><trkpt lat="-27.55138" lon="-70.44027"/><trkpt lat="-27.55117" lon="-70.44031"/><trkpt lat="-27.55094" lon="-70.44036"/><trkpt lat="-27.55072" lon="-70.44042"/><trkpt lat="-27.55033" lon="-70.44053"/><trkpt lat="-27.54986" lon="-70.44067"/><trkpt lat="-27.54938" lon="-70.44082"/><trkpt lat="-27.54896" lon="-70.44096"/><trkpt lat="-27.54849" lon="-70.44112"/><trkpt lat="-27.54119" lon="-70.44378"/><trkpt lat="-27.53877" lon="-70.44465"/><trkpt lat="-27.53659" lon="-70.44544"/><trkpt lat="-27.53458" lon="-70.44616"/><trkpt lat="-27.53382" lon="-70.44645"/><trkpt lat="-27.53269" lon="-70.44691"/><trkpt lat="-27.53131" lon="-70.44745"/><trkpt lat="-27.53067" lon="-70.44769"/><trkpt lat="-27.52936" lon="-70.44815"/><trkpt lat="-27.52833" lon="-70.44852"/><trkpt lat="-27.52753" lon="-70.44879"/><trkpt lat="-27.52701" lon="-70.44894"/><trkpt lat="-27.52649" lon="-70.44907"/><trkpt lat="-27.52596" lon="-70.44916"/><trkpt lat="-27.52547" lon="-70.44923"/><trkpt lat="-27.52499" lon="-70.44927"/><trkpt lat="-27.52450" lon="-70.44928"/><trkpt lat="-27.52355" lon="-70.44928"/><trkpt lat="-27.52057" lon="-70.44916"/><trkpt lat="-27.51737" lon="-70.44903"/><trkpt lat="-27.51223" lon="-70.44897"/><trkpt lat="-27.50879" lon="-70.44902"/><trkpt lat="-27.50604" lon="-70.44907"/><trkpt lat="-27.50348" lon="-70.44910"/><trkpt lat="-27.50104" lon="-70.44915"/><trkpt lat="-27.49874" lon="-70.44917"/><trkpt lat="-27.49810" lon="-70.44918"/><trkpt lat="-27.49723" lon="-70.44917"/><trkpt lat="-27.49014" lon="-70.44889"/><trkpt lat="-27.47748" lon="-70.44820"/><trkpt lat="-27.46654" lon="-70.44726"/><trkpt lat="-27.46358" lon="-70.44699"/><trkpt lat="-27.46088" lon="-70.44677"/><trkpt lat="-27.45985" lon="-70.44674"/><trkpt lat="-27.45914" lon="-70.44676"/><trkpt lat="-27.45797" lon="-70.44688"/><trkpt lat="-27.45684" lon="-70.44713"/><trkpt lat="-27.45469" lon="-70.44775"/><trkpt lat="-27.45290" lon="-70.44826"/><trkpt lat="-27.45227" lon="-70.44840"/><trkpt lat="-27.45177" lon="-70.44848"/><trkpt lat="-27.45131" lon="-70.44850"/><trkpt lat="-27.45043" lon="-70.44850"/><trkpt lat="-27.44988" lon="-70.44844"/><trkpt lat="-27.44641" lon="-70.44787"/><trkpt lat="-27.43769" lon="-70.44647"/><trkpt lat="-27.43261" lon="-70.44571"/><trkpt lat="-27.42743" lon="-70.44508"/><trkpt lat="-27.42394" lon="-70.44466"/><trkpt lat="-27.42138" lon="-70.44436"/><trkpt lat="-27.42052" lon="-70.44428"/><trkpt lat="-27.41987" lon="-70.44422"/><trkpt lat="-27.41924" lon="-70.44419"/><trkpt lat="-27.41674" lon="-70.44416"/><trkpt lat="-27.41344" lon="-70.44414"/><trkpt lat="-27.41284" lon="-70.44411"/><trkpt lat="-27.41133" lon="-70.44402"/><trkpt lat="-27.40899" lon="-70.44386"/><trkpt lat="-27.40687" lon="-70.44373"/><trkpt lat="-27.40428" lon="-70.44355"/><trkpt lat="-27.40331" lon="-70.44342"/><trkpt lat="-27.39960" lon="-70.44290"/><trkpt lat="-27.39637" lon="-70.44244"/><trkpt lat="-27.39605" lon="-70.44237"/><trkpt lat="-27.39578" lon="-70.44230"/><trkpt lat="-27.39546" lon="-70.44217"/><trkpt lat="-27.39517" lon="-70.44204"/><trkpt lat="-27.39485" lon="-70.44188"/><trkpt lat="-27.39455" lon="-70.44169"/><trkpt lat="-27.39425" lon="-70.44147"/><trkpt lat="-27.39401" lon="-70.44127"/><trkpt lat="-27.39388" lon="-70.44114"/><trkpt lat="-27.39365" lon="-70.44091"/><trkpt lat="-27.39337" lon="-70.44059"/><trkpt lat="-27.39274" lon="-70.43984"/><trkpt lat="-27.39253" lon="-70.43960"/><trkpt lat="-27.39230" lon="-70.43936"/><trkpt lat="-27.39203" lon="-70.43910"/><trkpt lat="-27.39175" lon="-70.43885"/><trkpt lat="-27.39148" lon="-70.43863"/><trkpt lat="-27.39110" lon="-70.43835"/><trkpt lat="-27.38968" lon="-70.43743"/><trkpt lat="-27.38931" lon="-70.43719"/><trkpt lat="-27.38907" lon="-70.43702"/><trkpt lat="-27.38880" lon="-70.43680"/><trkpt lat="-27.38857" lon="-70.43658"/><trkpt lat="-27.38827" lon="-70.43629"/><trkpt lat="-27.38798" lon="-70.43599"/><trkpt lat="-27.38743" lon="-70.43538"/><trkpt lat="-27.38549" lon="-70.43317"/><trkpt lat="-27.38420" lon="-70.43170"/><trkpt lat="-27.38300" lon="-70.43032"/><trkpt lat="-27.38267" lon="-70.42995"/><trkpt lat="-27.38249" lon="-70.42980"/><trkpt lat="-27.38231" lon="-70.42968"/><trkpt lat="-27.38212" lon="-70.42959"/><trkpt lat="-27.38189" lon="-70.42952"/><trkpt lat="-27.38169" lon="-70.42949"/><trkpt lat="-27.38150" lon="-70.42949"/><trkpt lat="-27.38126" lon="-70.42953"/><trkpt lat="-27.38106" lon="-70.42960"/><trkpt lat="-27.38078" lon="-70.42975"/><trkpt lat="-27.38053" lon="-70.42993"/><trkpt lat="-27.37997" lon="-70.43037"/><trkpt lat="-27.37866" lon="-70.43145"/><trkpt lat="-27.37697" lon="-70.43280"/><trkpt lat="-27.37653" lon="-70.43318"/><trkpt lat="-27.37614" lon="-70.43354"/><trkpt lat="-27.37583" lon="-70.43384"/><trkpt lat="-27.37513" lon="-70.43457"/><trkpt lat="-27.37464" lon="-70.43512"/><trkpt lat="-27.37443" lon="-70.43538"/><trkpt lat="-27.37351" lon="-70.43651"/><trkpt lat="-27.37314" lon="-70.43693"/><trkpt lat="-27.37272" lon="-70.43737"/><trkpt lat="-27.37229" lon="-70.43776"/><trkpt lat="-27.37196" lon="-70.43801"/><trkpt lat="-27.37163" lon="-70.43823"/><trkpt lat="-27.37128" lon="-70.43844"/><trkpt lat="-27.37092" lon="-70.43862"/><trkpt lat="-27.37058" lon="-70.43878"/><trkpt lat="-27.37024" lon="-70.43890"/><trkpt lat="-27.36985" lon="-70.43902"/><trkpt lat="-27.36938" lon="-70.43912"/><trkpt lat="-27.36902" lon="-70.43917"/><trkpt lat="-27.36854" lon="-70.43921"/><trkpt lat="-27.36816" lon="-70.43922"/><trkpt lat="-27.36775" lon="-70.43920"/><trkpt lat="-27.36737" lon="-70.43915"/><trkpt lat="-27.36693" lon="-70.43907"/><trkpt lat="-27.36414" lon="-70.43837"/><trkpt lat="-27.36301" lon="-70.43809"/><trkpt lat="-27.36138" lon="-70.43777"/><trkpt lat="-27.35969" lon="-70.43747"/><trkpt lat="-27.35882" lon="-70.43732"/><trkpt lat="-27.35854" lon="-70.43730"/><trkpt lat="-27.35827" lon="-70.43730"/><trkpt lat="-27.35798" lon="-70.43733"/><trkpt lat="-27.35770" lon="-70.43738"/><trkpt lat="-27.35739" lon="-70.43747"/><trkpt lat="-27.35714" lon="-70.43756"/><trkpt lat="-27.35635" lon="-70.43798"/><trkpt lat="-27.35518" lon="-70.43861"/><trkpt lat="-27.35490" lon="-70.43875"/><trkpt lat="-27.35461" lon="-70.43885"/><trkpt lat="-27.35434" lon="-70.43892"/><trkpt lat="-27.35357" lon="-70.43908"/><trkpt lat="-27.35239" lon="-70.43931"/><trkpt lat="-27.35205" lon="-70.43939"/><trkpt lat="-27.35173" lon="-70.43949"/><trkpt lat="-27.35141" lon="-70.43961"/><trkpt lat="-27.35113" lon="-70.43975"/><trkpt lat="-27.35036" lon="-70.44022"/><trkpt lat="-27.34758" lon="-70.44193"/><trkpt lat="-27.34432" lon="-70.44396"/><trkpt lat="-27.34400" lon="-70.44418"/><trkpt lat="-27.34379" lon="-70.44434"/><trkpt lat="-27.34352" lon="-70.44458"/><trkpt lat="-27.34318" lon="-70.44488"/><trkpt lat="-27.34285" lon="-70.44522"/><trkpt lat="-27.34245" lon="-70.44565"/><trkpt lat="-27.34218" lon="-70.44592"/><trkpt lat="-27.34188" lon="-70.44616"/><trkpt lat="-27.34154" lon="-70.44639"/><trkpt lat="-27.34124" lon="-70.44654"/><trkpt lat="-27.34087" lon="-70.44668"/><trkpt lat="-27.34049" lon="-70.44679"/><trkpt lat="-27.34010" lon="-70.44686"/><trkpt lat="-27.33972" lon="-70.44688"/><trkpt lat="-27.33938" lon="-70.44686"/><trkpt lat="-27.33760" lon="-70.44659"/><trkpt lat="-27.33680" lon="-70.44649"/><trkpt lat="-27.33648" lon="-70.44648"/><trkpt lat="-27.33613" lon="-70.44652"/><trkpt lat="-27.33582" lon="-70.44658"/><trkpt lat="-27.33478" lon="-70.44683"/><trkpt lat="-27.33440" lon="-70.44688"/><trkpt lat="-27.33404" lon="-70.44689"/><trkpt lat="-27.33365" lon="-70.44684"/><trkpt lat="-27.33327" lon="-70.44676"/><trkpt lat="-27.33293" lon="-70.44664"/><trkpt lat="-27.33256" lon="-70.44647"/><trkpt lat="-27.33218" lon="-70.44623"/><trkpt lat="-27.33127" lon="-70.44555"/><trkpt lat="-27.33099" lon="-70.44538"/><trkpt lat="-27.33070" lon="-70.44524"/><trkpt lat="-27.33040" lon="-70.44513"/><trkpt lat="-27.33009" lon="-70.44505"/><trkpt lat="-27.32976" lon="-70.44500"/><trkpt lat="-27.32943" lon="-70.44498"/><trkpt lat="-27.32783" lon="-70.44494"/><trkpt lat="-27.32660" lon="-70.44485"/><trkpt lat="-27.32492" lon="-70.44478"/><trkpt lat="-27.32437" lon="-70.44474"/><trkpt lat="-27.32352" lon="-70.44464"/><trkpt lat="-27.32330" lon="-70.44459"/><trkpt lat="-27.32308" lon="-70.44451"/><trkpt lat="-27.32276" lon="-70.44437"/><trkpt lat="-27.32253" lon="-70.44428"/><trkpt lat="-27.32228" lon="-70.44420"/><trkpt lat="-27.32200" lon="-70.44415"/><trkpt lat="-27.32161" lon="-70.44410"/><trkpt lat="-27.32124" lon="-70.44410"/><trkpt lat="-27.32097" lon="-70.44412"/><trkpt lat="-27.32074" lon="-70.44416"/><trkpt lat="-27.32047" lon="-70.44423"/><trkpt lat="-27.32016" lon="-70.44435"/><trkpt lat="-27.31981" lon="-70.44450"/><trkpt lat="-27.31950" lon="-70.44467"/><trkpt lat="-27.31922" lon="-70.44486"/><trkpt lat="-27.31895" lon="-70.44509"/><trkpt lat="-27.31868" lon="-70.44535"/><trkpt lat="-27.31844" lon="-70.44564"/><trkpt lat="-27.31821" lon="-70.44600"/><trkpt lat="-27.31799" lon="-70.44639"/><trkpt lat="-27.31781" lon="-70.44687"/><trkpt lat="-27.31768" lon="-70.44737"/><trkpt lat="-27.31760" lon="-70.44782"/><trkpt lat="-27.31758" lon="-70.44824"/><trkpt lat="-27.31760" lon="-70.44875"/><trkpt lat="-27.31766" lon="-70.44923"/><trkpt lat="-27.31777" lon="-70.44971"/><trkpt lat="-27.31855" lon="-70.45270"/><trkpt lat="-27.31867" lon="-70.45321"/><trkpt lat="-27.31873" lon="-70.45372"/><trkpt lat="-27.31876" lon="-70.45421"/><trkpt lat="-27.31873" lon="-70.45472"/><trkpt lat="-27.31864" lon="-70.45531"/><trkpt lat="-27.31852" lon="-70.45582"/><trkpt lat="-27.31837" lon="-70.45624"/><trkpt lat="-27.31817" lon="-70.45668"/><trkpt lat="-27.31792" lon="-70.45711"/><trkpt lat="-27.31766" lon="-70.45748"/><trkpt lat="-27.31733" lon="-70.45786"/><trkpt lat="-27.31698" lon="-70.45820"/><trkpt lat="-27.31658" lon="-70.45850"/><trkpt lat="-27.31622" lon="-70.45872"/><trkpt lat="-27.31585" lon="-70.45890"/><trkpt lat="-27.31547" lon="-70.45904"/><trkpt lat="-27.31509" lon="-70.45915"/><trkpt lat="-27.31472" lon="-70.45921"/><trkpt lat="-27.31433" lon="-70.45923"/><trkpt lat="-27.31395" lon="-70.45922"/><trkpt lat="-27.31128" lon="-70.45892"/><trkpt lat="-27.31084" lon="-70.45888"/><trkpt lat="-27.31049" lon="-70.45889"/><trkpt lat="-27.31012" lon="-70.45894"/><trkpt lat="-27.30976" lon="-70.45904"/><trkpt lat="-27.30943" lon="-70.45916"/><trkpt lat="-27.30912" lon="-70.45930"/><trkpt lat="-27.30882" lon="-70.45947"/><trkpt lat="-27.30854" lon="-70.45969"/><trkpt lat="-27.30824" lon="-70.45996"/><trkpt lat="-27.30663" lon="-70.46154"/><trkpt lat="-27.30637" lon="-70.46176"/><trkpt lat="-27.30610" lon="-70.46196"/><trkpt lat="-27.30580" lon="-70.46213"/><trkpt lat="-27.30548" lon="-70.46229"/><trkpt lat="-27.30514" lon="-70.46241"/><trkpt lat="-27.30479" lon="-70.46249"/><trkpt lat="-27.30256" lon="-70.46290"/><trkpt lat="-27.30224" lon="-70.46299"/><trkpt lat="-27.30192" lon="-70.46311"/><trkpt lat="-27.30157" lon="-70.46328"/><trkpt lat="-27.30122" lon="-70.46349"/><trkpt lat="-27.30090" lon="-70.46373"/><trkpt lat="-27.30060" lon="-70.46401"/><trkpt lat="-27.29991" lon="-70.46466"/><trkpt lat="-27.29895" lon="-70.46551"/><trkpt lat="-27.29799" lon="-70.46643"/><trkpt lat="-27.29676" lon="-70.46762"/><trkpt lat="-27.29643" lon="-70.46796"/><trkpt lat="-27.29624" lon="-70.46817"/><trkpt lat="-27.29607" lon="-70.46839"/><trkpt lat="-27.29592" lon="-70.46863"/><trkpt lat="-27.29576" lon="-70.46891"/><trkpt lat="-27.29561" lon="-70.46924"/><trkpt lat="-27.29548" lon="-70.46959"/><trkpt lat="-27.29538" lon="-70.46995"/><trkpt lat="-27.29531" lon="-70.47032"/><trkpt lat="-27.29526" lon="-70.47069"/><trkpt lat="-27.29524" lon="-70.47112"/><trkpt lat="-27.29526" lon="-70.47159"/><trkpt lat="-27.29533" lon="-70.47208"/><trkpt lat="-27.29543" lon="-70.47253"/><trkpt lat="-27.29653" lon="-70.47618"/><trkpt lat="-27.29677" lon="-70.47706"/><trkpt lat="-27.29687" lon="-70.47761"/><trkpt lat="-27.29693" lon="-70.47809"/><trkpt lat="-27.29704" lon="-70.47951"/><trkpt lat="-27.29733" lon="-70.48260"/><trkpt lat="-27.29754" lon="-70.48507"/><trkpt lat="-27.29759" lon="-70.48545"/><trkpt lat="-27.29767" lon="-70.48584"/><trkpt lat="-27.29778" lon="-70.48621"/><trkpt lat="-27.29793" lon="-70.48659"/><trkpt lat="-27.29808" lon="-70.48689"/><trkpt lat="-27.29821" lon="-70.48714"/><trkpt lat="-27.29840" lon="-70.48742"/><trkpt lat="-27.29857" lon="-70.48763"/><trkpt lat="-27.29873" lon="-70.48782"/><trkpt lat="-27.29892" lon="-70.48801"/><trkpt lat="-27.29908" lon="-70.48815"/><trkpt lat="-27.29924" lon="-70.48828"/><trkpt lat="-27.29942" lon="-70.48842"/><trkpt lat="-27.29960" lon="-70.48854"/><trkpt lat="-27.30243" lon="-70.49029"/><trkpt lat="-27.30487" lon="-70.49177"/><trkpt lat="-27.30677" lon="-70.49289"/><trkpt lat="-27.30773" lon="-70.49348"/><trkpt lat="-27.30849" lon="-70.49394"/><trkpt lat="-27.30896" lon="-70.49425"/><trkpt lat="-27.30923" lon="-70.49445"/><trkpt lat="-27.30947" lon="-70.49465"/><trkpt lat="-27.30970" lon="-70.49488"/><trkpt lat="-27.30992" lon="-70.49514"/><trkpt lat="-27.31017" lon="-70.49547"/><trkpt lat="-27.31038" lon="-70.49579"/><trkpt lat="-27.31051" lon="-70.49603"/><trkpt lat="-27.31064" lon="-70.49630"/><trkpt lat="-27.31077" lon="-70.49661"/><trkpt lat="-27.31089" lon="-70.49696"/><trkpt lat="-27.31112" lon="-70.49785"/><trkpt lat="-27.31135" lon="-70.49890"/><trkpt lat="-27.31152" lon="-70.49973"/><trkpt lat="-27.31169" lon="-70.50084"/><trkpt lat="-27.31188" lon="-70.50194"/><trkpt lat="-27.31204" lon="-70.50265"/><trkpt lat="-27.31250" lon="-70.50436"/><trkpt lat="-27.31275" lon="-70.50527"/><trkpt lat="-27.31307" lon="-70.50628"/><trkpt lat="-27.31343" lon="-70.50726"/><trkpt lat="-27.31379" lon="-70.50827"/><trkpt lat="-27.31401" lon="-70.50891"/><trkpt lat="-27.31533" lon="-70.51379"/><trkpt lat="-27.31591" lon="-70.51604"/><trkpt lat="-27.31702" lon="-70.52014"/><trkpt lat="-27.31862" lon="-70.52611"/><trkpt lat="-27.32097" lon="-70.53476"/><trkpt lat="-27.32116" lon="-70.53549"/><trkpt lat="-27.32147" lon="-70.53664"/><trkpt lat="-27.32162" lon="-70.53718"/><trkpt lat="-27.32194" lon="-70.53842"/><trkpt lat="-27.32240" lon="-70.54019"/><trkpt lat="-27.32321" lon="-70.54321"/><trkpt lat="-27.32426" lon="-70.54712"/><trkpt lat="-27.32545" lon="-70.55154"/><trkpt lat="-27.32691" lon="-70.55697"/><trkpt lat="-27.32789" lon="-70.56061"/><trkpt lat="-27.32896" lon="-70.56461"/><trkpt lat="-27.32937" lon="-70.56615"/><trkpt lat="-27.32952" lon="-70.56693"/><trkpt lat="-27.32988" lon="-70.56886"/><trkpt lat="-27.33010" lon="-70.56984"/><trkpt lat="-27.33037" lon="-70.57084"/><trkpt lat="-27.33066" lon="-70.57192"/><trkpt lat="-27.33090" lon="-70.57265"/><trkpt lat="-27.33140" lon="-70.57397"/><trkpt lat="-27.33158" lon="-70.57448"/><trkpt lat="-27.33173" lon="-70.57500"/><trkpt lat="-27.33253" lon="-70.57792"/><trkpt lat="-27.33387" lon="-70.58292"/><trkpt lat="-27.33700" lon="-70.59466"/><trkpt lat="-27.33797" lon="-70.59824"/><trkpt lat="-27.33839" lon="-70.59985"/><trkpt lat="-27.33858" lon="-70.60055"/><trkpt lat="-27.33925" lon="-70.60308"/><trkpt lat="-27.33972" lon="-70.60481"/><trkpt lat="-27.34052" lon="-70.60770"/><trkpt lat="-27.34134" lon="-70.61078"/><trkpt lat="-27.34157" lon="-70.61168"/><trkpt lat="-27.34169" lon="-70.61223"/><trkpt lat="-27.34178" lon="-70.61272"/><trkpt lat="-27.34189" lon="-70.61341"/><trkpt lat="-27.34207" lon="-70.61444"/><trkpt lat="-27.34221" lon="-70.61507"/><trkpt lat="-27.34267" lon="-70.61687"/><trkpt lat="-27.34296" lon="-70.61789"/><trkpt lat="-27.34315" lon="-70.61851"/><trkpt lat="-27.34335" lon="-70.61910"/><trkpt lat="-27.34360" lon="-70.61973"/><trkpt lat="-27.34392" lon="-70.62058"/><trkpt lat="-27.34412" lon="-70.62113"/><trkpt lat="-27.34429" lon="-70.62168"/><trkpt lat="-27.34570" lon="-70.62702"/><trkpt lat="-27.34604" lon="-70.62835"/><trkpt lat="-27.34726" lon="-70.63296"/><trkpt lat="-27.34736" lon="-70.63330"/><trkpt lat="-27.34763" lon="-70.63434"/><trkpt lat="-27.34809" lon="-70.63607"/><trkpt lat="-27.34817" lon="-70.63638"/><trkpt lat="-27.34823" lon="-70.63659"/><trkpt lat="-27.34891" lon="-70.63912"/><trkpt lat="-27.35092" lon="-70.64663"/><trkpt lat="-27.35205" lon="-70.65089"/><trkpt lat="-27.35245" lon="-70.65240"/><trkpt lat="-27.35270" lon="-70.65330"/><trkpt lat="-27.35301" lon="-70.65449"/><trkpt lat="-27.35341" lon="-70.65597"/><trkpt lat="-27.35392" lon="-70.65790"/><trkpt lat="-27.35510" lon="-70.66232"/><trkpt lat="-27.35518" lon="-70.66268"/><trkpt lat="-27.35526" lon="-70.66304"/><trkpt lat="-27.35533" lon="-70.66341"/><trkpt lat="-27.35538" lon="-70.66378"/><trkpt lat="-27.35542" lon="-70.66415"/><trkpt lat="-27.35544" lon="-70.66452"/><trkpt lat="-27.35546" lon="-70.66489"/><trkpt lat="-27.35546" lon="-70.66526"/><trkpt lat="-27.35545" lon="-70.66563"/><trkpt lat="-27.35543" lon="-70.66600"/><trkpt lat="-27.35540" lon="-70.66638"/><trkpt lat="-27.35535" lon="-70.66676"/><trkpt lat="-27.35529" lon="-70.66714"/><trkpt lat="-27.35521" lon="-70.66752"/><trkpt lat="-27.35512" lon="-70.66790"/><trkpt lat="-27.35502" lon="-70.66827"/><trkpt lat="-27.35491" lon="-70.66863"/><trkpt lat="-27.35478" lon="-70.66899"/><trkpt lat="-27.35464" lon="-70.66935"/><trkpt lat="-27.35449" lon="-70.66969"/><trkpt lat="-27.35419" lon="-70.67038"/><trkpt lat="-27.35106" lon="-70.67742"/><trkpt lat="-27.35021" lon="-70.67932"/><trkpt lat="-27.34952" lon="-70.68087"/><trkpt lat="-27.34932" lon="-70.68131"/><trkpt lat="-27.34914" lon="-70.68167"/><trkpt lat="-27.34897" lon="-70.68200"/><trkpt lat="-27.34883" lon="-70.68226"/><trkpt lat="-27.34863" lon="-70.68262"/><trkpt lat="-27.34847" lon="-70.68291"/><trkpt lat="-27.34839" lon="-70.68303"/><trkpt lat="-27.34805" lon="-70.68362"/><trkpt lat="-27.34786" lon="-70.68398"/><trkpt lat="-27.34770" lon="-70.68431"/><trkpt lat="-27.34754" lon="-70.68464"/><trkpt lat="-27.34736" lon="-70.68504"/><trkpt lat="-27.34677" lon="-70.68635"/><trkpt lat="-27.34636" lon="-70.68730"/><trkpt lat="-27.34624" lon="-70.68759"/><trkpt lat="-27.34609" lon="-70.68798"/><trkpt lat="-27.34596" lon="-70.68837"/><trkpt lat="-27.34574" lon="-70.68903"/><trkpt lat="-27.34558" lon="-70.68947"/><trkpt lat="-27.34544" lon="-70.68986"/><trkpt lat="-27.34522" lon="-70.69041"/><trkpt lat="-27.34502" lon="-70.69090"/><trkpt lat="-27.34434" lon="-70.69242"/><trkpt lat="-27.34295" lon="-70.69550"/><trkpt lat="-27.33622" lon="-70.71050"/><trkpt lat="-27.33412" lon="-70.71539"/><trkpt lat="-27.33224" lon="-70.71959"/><trkpt lat="-27.32899" lon="-70.72691"/><trkpt lat="-27.32868" lon="-70.72759"/><trkpt lat="-27.32851" lon="-70.72791"/><trkpt lat="-27.32839" lon="-70.72813"/><trkpt lat="-27.32826" lon="-70.72834"/><trkpt lat="-27.32812" lon="-70.72855"/><trkpt lat="-27.32799" lon="-70.72876"/><trkpt lat="-27.32784" lon="-70.72896"/><trkpt lat="-27.32769" lon="-70.72916"/><trkpt lat="-27.32754" lon="-70.72935"/><trkpt lat="-27.32738" lon="-70.72953"/><trkpt lat="-27.32722" lon="-70.72971"/><trkpt lat="-27.32706" lon="-70.72989"/><trkpt lat="-27.32690" lon="-70.73005"/><trkpt lat="-27.32673" lon="-70.73020"/><trkpt lat="-27.32656" lon="-70.73036"/><trkpt lat="-27.32639" lon="-70.73050"/><trkpt lat="-27.32621" lon="-70.73064"/><trkpt lat="-27.32603" lon="-70.73078"/><trkpt lat="-27.32585" lon="-70.73091"/><trkpt lat="-27.32566" lon="-70.73104"/><trkpt lat="-27.32535" lon="-70.73125"/><trkpt lat="-27.32479" lon="-70.73163"/><trkpt lat="-27.32439" lon="-70.73193"/><trkpt lat="-27.32410" lon="-70.73216"/><trkpt lat="-27.32327" lon="-70.73286"/><trkpt lat="-27.32242" lon="-70.73356"/><trkpt lat="-27.32183" lon="-70.73405"/><trkpt lat="-27.32018" lon="-70.73541"/><trkpt lat="-27.31544" lon="-70.73933"/><trkpt lat="-27.31410" lon="-70.74044"/><trkpt lat="-27.31358" lon="-70.74087"/><trkpt lat="-27.31301" lon="-70.74138"/><trkpt lat="-27.31274" lon="-70.74164"/><trkpt lat="-27.31184" lon="-70.74256"/><trkpt lat="-27.31158" lon="-70.74281"/><trkpt lat="-27.31115" lon="-70.74319"/><trkpt lat="-27.30987" lon="-70.74427"/><trkpt lat="-27.30921" lon="-70.74481"/><trkpt lat="-27.30768" lon="-70.74609"/><trkpt lat="-27.30150" lon="-70.75120"/><trkpt lat="-27.29806" lon="-70.75406"/><trkpt lat="-27.29612" lon="-70.75566"/><trkpt lat="-27.29572" lon="-70.75599"/><trkpt lat="-27.29545" lon="-70.75618"/><trkpt lat="-27.29519" lon="-70.75637"/><trkpt lat="-27.29493" lon="-70.75654"/><trkpt lat="-27.29466" lon="-70.75670"/><trkpt lat="-27.29443" lon="-70.75682"/><trkpt lat="-27.29419" lon="-70.75694"/><trkpt lat="-27.29396" lon="-70.75706"/><trkpt lat="-27.29372" lon="-70.75716"/><trkpt lat="-27.29345" lon="-70.75727"/><trkpt lat="-27.28991" lon="-70.75865"/><trkpt lat="-27.27790" lon="-70.76333"/><trkpt lat="-27.26743" lon="-70.76740"/><trkpt lat="-27.26449" lon="-70.76857"/><trkpt lat="-27.26359" lon="-70.76893"/><trkpt lat="-27.26148" lon="-70.76975"/><trkpt lat="-27.26029" lon="-70.77019"/><trkpt lat="-27.25499" lon="-70.77223"/><trkpt lat="-27.24932" lon="-70.77443"/><trkpt lat="-27.24136" lon="-70.77753"/><trkpt lat="-27.23849" lon="-70.77865"/><trkpt lat="-27.22415" lon="-70.78423"/><trkpt lat="-27.21039" lon="-70.78952"/><trkpt lat="-27.20940" lon="-70.78991"/><trkpt lat="-27.20048" lon="-70.79341"/><trkpt lat="-27.19609" lon="-70.79512"/><trkpt lat="-27.18415" lon="-70.79975"/><trkpt lat="-27.17709" lon="-70.80249"/><trkpt lat="-27.17657" lon="-70.80269"/><trkpt lat="-27.17630" lon="-70.80278"/><trkpt lat="-27.17605" lon="-70.80286"/><trkpt lat="-27.17579" lon="-70.80294"/><trkpt lat="-27.17555" lon="-70.80300"/><trkpt lat="-27.17527" lon="-70.80306"/><trkpt lat="-27.17504" lon="-70.80310"/><trkpt lat="-27.17480" lon="-70.80314"/><trkpt lat="-27.17454" lon="-70.80317"/><trkpt lat="-27.17412" lon="-70.80320"/><trkpt lat="-27.17374" lon="-70.80322"/><trkpt lat="-27.17337" lon="-70.80322"/><trkpt lat="-27.17007" lon="-70.80310"/><trkpt lat="-27.15939" lon="-70.80269"/><trkpt lat="-27.15827" lon="-70.80264"/><trkpt lat="-27.15786" lon="-70.80260"/><trkpt lat="-27.15750" lon="-70.80257"/><trkpt lat="-27.15664" lon="-70.80244"/><trkpt lat="-27.15600" lon="-70.80234"/><trkpt lat="-27.15555" lon="-70.80229"/><trkpt lat="-27.15507" lon="-70.80225"/><trkpt lat="-27.15434" lon="-70.80222"/><trkpt lat="-27.15209" lon="-70.80214"/><trkpt lat="-27.14832" lon="-70.80199"/><trkpt lat="-27.14530" lon="-70.80187"/><trkpt lat="-27.14301" lon="-70.80179"/><trkpt lat="-27.13949" lon="-70.80165"/><trkpt lat="-27.13551" lon="-70.80150"/><trkpt lat="-27.13238" lon="-70.80138"/><trkpt lat="-27.12974" lon="-70.80127"/><trkpt lat="-27.12730" lon="-70.80118"/><trkpt lat="-27.12573" lon="-70.80112"/><trkpt lat="-27.12455" lon="-70.80110"/><trkpt lat="-27.12447" lon="-70.80113"/><trkpt lat="-27.12443" lon="-70.80116"/><trkpt lat="-27.12440" lon="-70.80120"/><trkpt lat="-27.12438" lon="-70.80124"/><trkpt lat="-27.12437" lon="-70.80130"/><trkpt lat="-27.12437" lon="-70.80134"/><trkpt lat="-27.12439" lon="-70.80139"/><trkpt lat="-27.12442" lon="-70.80143"/><trkpt lat="-27.12447" lon="-70.80147"/><trkpt lat="-27.12453" lon="-70.80150"/><trkpt lat="-27.12462" lon="-70.80153"/><trkpt lat="-27.12762" lon="-70.80165"/><trkpt lat="-27.12976" lon="-70.80172"/><trkpt lat="-27.12986" lon="-70.80176"/><trkpt lat="-27.12993" lon="-70.80181"/><trkpt lat="-27.12998" lon="-70.80187"/><trkpt lat="-27.13001" lon="-70.80196"/><trkpt lat="-27.13001" lon="-70.80237"/><trkpt lat="-27.12999" lon="-70.80255"/><trkpt lat="-27.12996" lon="-70.80267"/><trkpt lat="-27.12991" lon="-70.80282"/><trkpt lat="-27.12935" lon="-70.80409"/><trkpt lat="-27.12922" lon="-70.80442"/><trkpt lat="-27.12911" lon="-70.80480"/><trkpt lat="-27.12858" lon="-70.80670"/><trkpt lat="-27.12845" lon="-70.80727"/><trkpt lat="-27.12837" lon="-70.80767"/><trkpt lat="-27.12817" lon="-70.80906"/><trkpt lat="-27.12812" lon="-70.80932"/><trkpt lat="-27.12807" lon="-70.80951"/><trkpt lat="-27.12799" lon="-70.80973"/><trkpt lat="-27.12790" lon="-70.80991"/><trkpt lat="-27.12778" lon="-70.81015"/><trkpt lat="-27.12765" lon="-70.81036"/><trkpt lat="-27.12620" lon="-70.81233"/><trkpt lat="-27.12392" lon="-70.81604"/><trkpt lat="-27.10752" lon="-70.84246"/><trkpt lat="-27.10693" lon="-70.84330"/><trkpt lat="-27.10526" lon="-70.84599"/><trkpt lat="-27.10458" lon="-70.84707"/><trkpt lat="-27.10397" lon="-70.84812"/><trkpt lat="-27.10366" lon="-70.84861"/><trkpt lat="-27.10355" lon="-70.84872"/><trkpt lat="-27.10344" lon="-70.84880"/><trkpt lat="-27.10203" lon="-70.84962"/><trkpt lat="-27.10162" lon="-70.84984"/><trkpt lat="-27.10141" lon="-70.84994"/><trkpt lat="-27.10115" lon="-70.85001"/><trkpt lat="-27.10094" lon="-70.85001"/><trkpt lat="-27.10079" lon="-70.84996"/><trkpt lat="-27.10057" lon="-70.84983"/><trkpt lat="-27.10043" lon="-70.84974"/><trkpt lat="-27.10027" lon="-70.84971"/><trkpt lat="-27.10010" lon="-70.84976"/><trkpt lat="-27.09996" lon="-70.84988"/><trkpt lat="-27.09988" lon="-70.85006"/><trkpt lat="-27.09986" lon="-70.85026"/><trkpt lat="-27.09993" lon="-70.85046"/><trkpt lat="-27.10031" lon="-70.85119"/><trkpt lat="-27.10095" lon="-70.85254"/><trkpt lat="-27.10126" lon="-70.85330"/><trkpt lat="-27.10147" lon="-70.85386"/><trkpt lat="-27.10156" lon="-70.85428"/><trkpt lat="-27.10157" lon="-70.85480"/><trkpt lat="-27.10151" lon="-70.85518"/><trkpt lat="-27.10162" lon="-70.85562"/><trkpt lat="-27.10200" lon="-70.85580"/><trkpt lat="-27.10210" lon="-70.85606"/></trkseg></trk>
<trk><name>Lunes 12: Costa hasta Huasco, costa de Freirina y vuelta</name><trkseg><trkpt lat="-27.10210" lon="-70.85606"/><trkpt lat="-27.10188" lon="-70.85654"/><trkpt lat="-27.10134" lon="-70.85625"/><trkpt lat="-27.10130" lon="-70.85613"/><trkpt lat="-27.10138" lon="-70.85570"/><trkpt lat="-27.10151" lon="-70.85518"/><trkpt lat="-27.10157" lon="-70.85480"/><trkpt lat="-27.10156" lon="-70.85428"/><trkpt lat="-27.10147" lon="-70.85386"/><trkpt lat="-27.10126" lon="-70.85330"/><trkpt lat="-27.10095" lon="-70.85254"/><trkpt lat="-27.10031" lon="-70.85119"/><trkpt lat="-27.10032" lon="-70.85099"/><trkpt lat="-27.10036" lon="-70.85083"/><trkpt lat="-27.10047" lon="-70.85064"/><trkpt lat="-27.10059" lon="-70.85054"/><trkpt lat="-27.10068" lon="-70.85040"/><trkpt lat="-27.10087" lon="-70.85019"/><trkpt lat="-27.10102" lon="-70.85009"/><trkpt lat="-27.10131" lon="-70.84997"/><trkpt lat="-27.10151" lon="-70.84989"/><trkpt lat="-27.10181" lon="-70.84974"/><trkpt lat="-27.10242" lon="-70.84941"/><trkpt lat="-27.10350" lon="-70.84876"/><trkpt lat="-27.10360" lon="-70.84868"/><trkpt lat="-27.10371" lon="-70.84854"/><trkpt lat="-27.10431" lon="-70.84762"/><trkpt lat="-27.10483" lon="-70.84685"/><trkpt lat="-27.10639" lon="-70.84433"/><trkpt lat="-27.10669" lon="-70.84427"/><trkpt lat="-27.11201" lon="-70.84741"/><trkpt lat="-27.12028" lon="-70.85077"/><trkpt lat="-27.12197" lon="-70.85147"/><trkpt lat="-27.12266" lon="-70.85181"/><trkpt lat="-27.12561" lon="-70.85416"/><trkpt lat="-27.13050" lon="-70.85825"/><trkpt lat="-27.13217" lon="-70.86001"/><trkpt lat="-27.13320" lon="-70.86150"/><trkpt lat="-27.13381" lon="-70.86261"/><trkpt lat="-27.13562" lon="-70.86693"/><trkpt lat="-27.13601" lon="-70.86783"/><trkpt lat="-27.13648" lon="-70.86862"/><trkpt lat="-27.14105" lon="-70.87517"/><trkpt lat="-27.14190" lon="-70.87660"/><trkpt lat="-27.14351" lon="-70.88130"/><trkpt lat="-27.14414" lon="-70.88320"/><trkpt lat="-27.14499" lon="-70.88588"/><trkpt lat="-27.14547" lon="-70.88751"/><trkpt lat="-27.14554" lon="-70.88832"/><trkpt lat="-27.14538" lon="-70.88945"/><trkpt lat="-27.14493" lon="-70.89137"/><trkpt lat="-27.14440" lon="-70.89320"/><trkpt lat="-27.14391" lon="-70.89456"/><trkpt lat="-27.14349" lon="-70.89771"/><trkpt lat="-27.14339" lon="-70.89838"/><trkpt lat="-27.14336" lon="-70.89869"/><trkpt lat="-27.14334" lon="-70.89910"/><trkpt lat="-27.14336" lon="-70.89951"/><trkpt lat="-27.14341" lon="-70.89986"/><trkpt lat="-27.14349" lon="-70.90027"/><trkpt lat="-27.14359" lon="-70.90074"/><trkpt lat="-27.14364" lon="-70.90105"/><trkpt lat="-27.14366" lon="-70.90136"/><trkpt lat="-27.14370" lon="-70.90212"/><trkpt lat="-27.14372" lon="-70.90276"/><trkpt lat="-27.14372" lon="-70.90477"/><trkpt lat="-27.14375" lon="-70.90739"/><trkpt lat="-27.14377" lon="-70.90767"/><trkpt lat="-27.14381" lon="-70.90791"/><trkpt lat="-27.14389" lon="-70.90817"/><trkpt lat="-27.14401" lon="-70.90852"/><trkpt lat="-27.14409" lon="-70.90880"/><trkpt lat="-27.14425" lon="-70.90971"/><trkpt lat="-27.14448" lon="-70.91102"/><trkpt lat="-27.14453" lon="-70.91123"/><trkpt lat="-27.14458" lon="-70.91138"/><trkpt lat="-27.14468" lon="-70.91163"/><trkpt lat="-27.14482" lon="-70.91187"/><trkpt lat="-27.14503" lon="-70.91219"/><trkpt lat="-27.14517" lon="-70.91245"/><trkpt lat="-27.14577" lon="-70.91375"/><trkpt lat="-27.14585" lon="-70.91389"/><trkpt lat="-27.14593" lon="-70.91400"/><trkpt lat="-27.14607" lon="-70.91414"/><trkpt lat="-27.14619" lon="-70.91422"/><trkpt lat="-27.14629" lon="-70.91427"/><trkpt lat="-27.14704" lon="-70.91456"/><trkpt lat="-27.14732" lon="-70.91469"/><trkpt lat="-27.14759" lon="-70.91484"/><trkpt lat="-27.14784" lon="-70.91501"/><trkpt lat="-27.14890" lon="-70.91580"/><trkpt lat="-27.14969" lon="-70.91633"/><trkpt lat="-27.15012" lon="-70.91661"/><trkpt lat="-27.15039" lon="-70.91677"/><trkpt lat="-27.15095" lon="-70.91707"/><trkpt lat="-27.15155" lon="-70.91736"/><trkpt lat="-27.15177" lon="-70.91747"/><trkpt lat="-27.15190" lon="-70.91756"/><trkpt lat="-27.15202" lon="-70.91766"/><trkpt lat="-27.15211" lon="-70.91778"/><trkpt lat="-27.15218" lon="-70.91790"/><trkpt lat="-27.15225" lon="-70.91805"/><trkpt lat="-27.15229" lon="-70.91823"/><trkpt lat="-27.15231" lon="-70.91843"/><trkpt lat="-27.15230" lon="-70.91860"/><trkpt lat="-27.15227" lon="-70.91877"/><trkpt lat="-27.15223" lon="-70.91896"/><trkpt lat="-27.15196" lon="-70.91986"/><trkpt lat="-27.15184" lon="-70.92031"/><trkpt lat="-27.15175" lon="-70.92076"/><trkpt lat="-27.15169" lon="-70.92119"/><trkpt lat="-27.15167" lon="-70.92156"/><trkpt lat="-27.15166" lon="-70.92205"/><trkpt lat="-27.15168" lon="-70.92247"/><trkpt lat="-27.15171" lon="-70.92282"/><trkpt lat="-27.15178" lon="-70.92331"/><trkpt lat="-27.15187" lon="-70.92381"/><trkpt lat="-27.15191" lon="-70.92402"/><trkpt lat="-27.15198" lon="-70.92421"/><trkpt lat="-27.15206" lon="-70.92439"/><trkpt lat="-27.15217" lon="-70.92457"/><trkpt lat="-27.15227" lon="-70.92468"/><trkpt lat="-27.15239" lon="-70.92478"/><trkpt lat="-27.15252" lon="-70.92487"/><trkpt lat="-27.15274" lon="-70.92497"/><trkpt lat="-27.15298" lon="-70.92506"/><trkpt lat="-27.15412" lon="-70.92542"/><trkpt lat="-27.15480" lon="-70.92565"/><trkpt lat="-27.15537" lon="-70.92587"/><trkpt lat="-27.15860" lon="-70.92721"/><trkpt lat="-27.15898" lon="-70.92737"/><trkpt lat="-27.15957" lon="-70.92766"/><trkpt lat="-27.16114" lon="-70.92841"/><trkpt lat="-27.16309" lon="-70.92938"/><trkpt lat="-27.16380" lon="-70.92975"/><trkpt lat="-27.16400" lon="-70.92986"/><trkpt lat="-27.16425" lon="-70.92995"/><trkpt lat="-27.16449" lon="-70.93002"/><trkpt lat="-27.16472" lon="-70.93005"/><trkpt lat="-27.16503" lon="-70.93006"/><trkpt lat="-27.16698" lon="-70.92997"/><trkpt lat="-27.16835" lon="-70.92988"/><trkpt lat="-27.16872" lon="-70.92989"/><trkpt lat="-27.16903" lon="-70.92991"/><trkpt lat="-27.16933" lon="-70.92996"/><trkpt lat="-27.16961" lon="-70.93003"/><trkpt lat="-27.16988" lon="-70.93012"/><trkpt lat="-27.17109" lon="-70.93058"/><trkpt lat="-27.17153" lon="-70.93071"/><trkpt lat="-27.17191" lon="-70.93079"/><trkpt lat="-27.17323" lon="-70.93097"/><trkpt lat="-27.17379" lon="-70.93107"/><trkpt lat="-27.17428" lon="-70.93119"/><trkpt lat="-27.17615" lon="-70.93166"/><trkpt lat="-27.17757" lon="-70.93212"/><trkpt lat="-27.17802" lon="-70.93225"/><trkpt lat="-27.17859" lon="-70.93239"/><trkpt lat="-27.17933" lon="-70.93253"/><trkpt lat="-27.18223" lon="-70.93287"/><trkpt lat="-27.18311" lon="-70.93299"/><trkpt lat="-27.18380" lon="-70.93309"/><trkpt lat="-27.18454" lon="-70.93321"/><trkpt lat="-27.18542" lon="-70.93339"/><trkpt lat="-27.18578" lon="-70.93344"/><trkpt lat="-27.18615" lon="-70.93348"/><trkpt lat="-27.18701" lon="-70.93354"/><trkpt lat="-27.18739" lon="-70.93359"/><trkpt lat="-27.18778" lon="-70.93367"/><trkpt lat="-27.18817" lon="-70.93377"/><trkpt lat="-27.18849" lon="-70.93389"/><trkpt lat="-27.18878" lon="-70.93405"/><trkpt lat="-27.18901" lon="-70.93420"/><trkpt lat="-27.18951" lon="-70.93458"/><trkpt lat="-27.18977" lon="-70.93478"/><trkpt lat="-27.19000" lon="-70.93492"/><trkpt lat="-27.19024" lon="-70.93501"/><trkpt lat="-27.19102" lon="-70.93521"/><trkpt lat="-27.19157" lon="-70.93536"/><trkpt lat="-27.19199" lon="-70.93551"/><trkpt lat="-27.19236" lon="-70.93568"/><trkpt lat="-27.19278" lon="-70.93591"/><trkpt lat="-27.19310" lon="-70.93607"/><trkpt lat="-27.19336" lon="-70.93619"/><trkpt lat="-27.19379" lon="-70.93634"/><trkpt lat="-27.19442" lon="-70.93648"/><trkpt lat="-27.19490" lon="-70.93658"/><trkpt lat="-27.19584" lon="-70.93674"/><trkpt lat="-27.19631" lon="-70.93679"/><trkpt lat="-27.19678" lon="-70.93681"/><trkpt lat="-27.19735" lon="-70.93680"/><trkpt lat="-27.19775" lon="-70.93676"/><trkpt lat="-27.19842" lon="-70.93668"/><trkpt lat="-27.19874" lon="-70.93667"/><trkpt lat="-27.19905" lon="-70.93668"/><trkpt lat="-27.19952" lon="-70.93672"/><trkpt lat="-27.20079" lon="-70.93691"/><trkpt lat="-27.20102" lon="-70.93691"/><trkpt lat="-27.20128" lon="-70.93688"/><trkpt lat="-27.20147" lon="-70.93683"/><trkpt lat="-27.20162" lon="-70.93677"/><trkpt lat="-27.20180" lon="-70.93668"/><trkpt lat="-27.20225" lon="-70.93637"/><trkpt lat="-27.20255" lon="-70.93617"/><trkpt lat="-27.20281" lon="-70.93604"/><trkpt lat="-27.20307" lon="-70.93593"/><trkpt lat="-27.20357" lon="-70.93574"/><trkpt lat="-27.20407" lon="-70.93559"/><trkpt lat="-27.20499" lon="-70.93533"/><trkpt lat="-27.20546" lon="-70.93517"/><trkpt lat="-27.20597" lon="-70.93497"/><trkpt lat="-27.20726" lon="-70.93443"/><trkpt lat="-27.20757" lon="-70.93431"/><trkpt lat="-27.20782" lon="-70.93425"/><trkpt lat="-27.20810" lon="-70.93420"/><trkpt lat="-27.20842" lon="-70.93419"/><trkpt lat="-27.20866" lon="-70.93421"/><trkpt lat="-27.20890" lon="-70.93424"/><trkpt lat="-27.20913" lon="-70.93431"/><trkpt lat="-27.20939" lon="-70.93441"/><trkpt lat="-27.20966" lon="-70.93456"/><trkpt lat="-27.21133" lon="-70.93567"/><trkpt lat="-27.21207" lon="-70.93617"/><trkpt lat="-27.21234" lon="-70.93637"/><trkpt lat="-27.21256" lon="-70.93659"/><trkpt lat="-27.21271" lon="-70.93678"/><trkpt lat="-27.21318" lon="-70.93746"/><trkpt lat="-27.21336" lon="-70.93768"/><trkpt lat="-27.21351" lon="-70.93782"/><trkpt lat="-27.21374" lon="-70.93801"/><trkpt lat="-27.21393" lon="-70.93816"/><trkpt lat="-27.21410" lon="-70.93832"/><trkpt lat="-27.21454" lon="-70.93877"/><trkpt lat="-27.21483" lon="-70.93904"/><trkpt lat="-27.21509" lon="-70.93925"/><trkpt lat="-27.21539" lon="-70.93945"/><trkpt lat="-27.21579" lon="-70.93968"/><trkpt lat="-27.21620" lon="-70.93989"/><trkpt lat="-27.21657" lon="-70.94003"/><trkpt lat="-27.21691" lon="-70.94014"/><trkpt lat="-27.21724" lon="-70.94022"/><trkpt lat="-27.21757" lon="-70.94027"/><trkpt lat="-27.21865" lon="-70.94038"/><trkpt lat="-27.21912" lon="-70.94044"/><trkpt lat="-27.21945" lon="-70.94051"/><trkpt lat="-27.21977" lon="-70.94060"/><trkpt lat="-27.22043" lon="-70.94083"/><trkpt lat="-27.22078" lon="-70.94093"/><trkpt lat="-27.22196" lon="-70.94123"/><trkpt lat="-27.22258" lon="-70.94140"/><trkpt lat="-27.22315" lon="-70.94155"/><trkpt lat="-27.22354" lon="-70.94164"/><trkpt lat="-27.22394" lon="-70.94170"/><trkpt lat="-27.22434" lon="-70.94174"/><trkpt lat="-27.22531" lon="-70.94182"/><trkpt lat="-27.22554" lon="-70.94187"/><trkpt lat="-27.22574" lon="-70.94194"/><trkpt lat="-27.22595" lon="-70.94204"/><trkpt lat="-27.22617" lon="-70.94218"/><trkpt lat="-27.22653" lon="-70.94244"/><trkpt lat="-27.22695" lon="-70.94274"/><trkpt lat="-27.22729" lon="-70.94298"/><trkpt lat="-27.22783" lon="-70.94331"/><trkpt lat="-27.22832" lon="-70.94362"/><trkpt lat="-27.22871" lon="-70.94389"/><trkpt lat="-27.22911" lon="-70.94419"/><trkpt lat="-27.22955" lon="-70.94455"/><trkpt lat="-27.22998" lon="-70.94495"/><trkpt lat="-27.23040" lon="-70.94538"/><trkpt lat="-27.23157" lon="-70.94674"/><trkpt lat="-27.23185" lon="-70.94705"/><trkpt lat="-27.23214" lon="-70.94732"/><trkpt lat="-27.23242" lon="-70.94754"/><trkpt lat="-27.23271" lon="-70.94773"/><trkpt lat="-27.23308" lon="-70.94794"/><trkpt lat="-27.23345" lon="-70.94811"/><trkpt lat="-27.23372" lon="-70.94821"/><trkpt lat="-27.23411" lon="-70.94832"/><trkpt lat="-27.23436" lon="-70.94836"/><trkpt lat="-27.23491" lon="-70.94837"/><trkpt lat="-27.23522" lon="-70.94837"/><trkpt lat="-27.23558" lon="-70.94834"/><trkpt lat="-27.23635" lon="-70.94819"/><trkpt lat="-27.23663" lon="-70.94814"/><trkpt lat="-27.23695" lon="-70.94813"/><trkpt lat="-27.23727" lon="-70.94815"/><trkpt lat="-27.23757" lon="-70.94820"/><trkpt lat="-27.23791" lon="-70.94828"/><trkpt lat="-27.23862" lon="-70.94845"/><trkpt lat="-27.23924" lon="-70.94859"/><trkpt lat="-27.24167" lon="-70.94912"/><trkpt lat="-27.24337" lon="-70.94950"/><trkpt lat="-27.24605" lon="-70.95007"/><trkpt lat="-27.24909" lon="-70.95073"/><trkpt lat="-27.24995" lon="-70.95092"/><trkpt lat="-27.25028" lon="-70.95097"/><trkpt lat="-27.25055" lon="-70.95098"/><trkpt lat="-27.25088" lon="-70.95095"/><trkpt lat="-27.25260" lon="-70.95058"/><trkpt lat="-27.25371" lon="-70.95035"/><trkpt lat="-27.25392" lon="-70.95033"/><trkpt lat="-27.25412" lon="-70.95033"/><trkpt lat="-27.25434" lon="-70.95036"/><trkpt lat="-27.25452" lon="-70.95040"/><trkpt lat="-27.25494" lon="-70.95055"/><trkpt lat="-27.25518" lon="-70.95063"/><trkpt lat="-27.25538" lon="-70.95066"/><trkpt lat="-27.25563" lon="-70.95067"/><trkpt lat="-27.25599" lon="-70.95064"/><trkpt lat="-27.25636" lon="-70.95058"/><trkpt lat="-27.25721" lon="-70.95042"/><trkpt lat="-27.25745" lon="-70.95040"/><trkpt lat="-27.25767" lon="-70.95041"/><trkpt lat="-27.25789" lon="-70.95045"/><trkpt lat="-27.25837" lon="-70.95055"/><trkpt lat="-27.25890" lon="-70.95068"/><trkpt lat="-27.26012" lon="-70.95098"/><trkpt lat="-27.26218" lon="-70.95150"/><trkpt lat="-27.26332" lon="-70.95177"/><trkpt lat="-27.26360" lon="-70.95182"/><trkpt lat="-27.26390" lon="-70.95183"/><trkpt lat="-27.26423" lon="-70.95181"/><trkpt lat="-27.26555" lon="-70.95154"/><trkpt lat="-27.27022" lon="-70.95058"/><trkpt lat="-27.27045" lon="-70.95052"/><trkpt lat="-27.27064" lon="-70.95044"/><trkpt lat="-27.27084" lon="-70.95033"/><trkpt lat="-27.27102" lon="-70.95019"/><trkpt lat="-27.27118" lon="-70.95002"/><trkpt lat="-27.27141" lon="-70.94972"/><trkpt lat="-27.27371" lon="-70.94645"/><trkpt lat="-27.27433" lon="-70.94556"/><trkpt lat="-27.27441" lon="-70.94539"/><trkpt lat="-27.27447" lon="-70.94523"/><trkpt lat="-27.27452" lon="-70.94504"/><trkpt lat="-27.27456" lon="-70.94484"/><trkpt lat="-27.27467" lon="-70.94406"/><trkpt lat="-27.27472" lon="-70.94380"/><trkpt lat="-27.27478" lon="-70.94358"/><trkpt lat="-27.27488" lon="-70.94334"/><trkpt lat="-27.27503" lon="-70.94309"/><trkpt lat="-27.27520" lon="-70.94290"/><trkpt lat="-27.27539" lon="-70.94273"/><trkpt lat="-27.27645" lon="-70.94197"/><trkpt lat="-27.27706" lon="-70.94154"/><trkpt lat="-27.27791" lon="-70.94088"/><trkpt lat="-27.27870" lon="-70.94022"/><trkpt lat="-27.27991" lon="-70.93923"/><trkpt lat="-27.28061" lon="-70.93867"/><trkpt lat="-27.28105" lon="-70.93832"/><trkpt lat="-27.28209" lon="-70.93755"/><trkpt lat="-27.28284" lon="-70.93702"/><trkpt lat="-27.28304" lon="-70.93690"/><trkpt lat="-27.28326" lon="-70.93680"/><trkpt lat="-27.28346" lon="-70.93676"/><trkpt lat="-27.28366" lon="-70.93674"/><trkpt lat="-27.28421" lon="-70.93677"/><trkpt lat="-27.28441" lon="-70.93677"/><trkpt lat="-27.28462" lon="-70.93674"/><trkpt lat="-27.28482" lon="-70.93668"/><trkpt lat="-27.28499" lon="-70.93659"/><trkpt lat="-27.28836" lon="-70.93449"/><trkpt lat="-27.29309" lon="-70.93239"/><trkpt lat="-27.29759" lon="-70.93077"/><trkpt lat="-27.29869" lon="-70.93015"/><trkpt lat="-27.30235" lon="-70.92909"/><trkpt lat="-27.30310" lon="-70.92888"/><trkpt lat="-27.30383" lon="-70.92869"/><trkpt lat="-27.30473" lon="-70.92849"/><trkpt lat="-27.30571" lon="-70.92830"/><trkpt lat="-27.30667" lon="-70.92813"/><trkpt lat="-27.30753" lon="-70.92802"/><trkpt lat="-27.30823" lon="-70.92795"/><trkpt lat="-27.30871" lon="-70.92792"/><trkpt lat="-27.30924" lon="-70.92791"/><trkpt lat="-27.31023" lon="-70.92789"/><trkpt lat="-27.31062" lon="-70.92784"/><trkpt lat="-27.31099" lon="-70.92776"/><trkpt lat="-27.31175" lon="-70.92753"/><trkpt lat="-27.31191" lon="-70.92746"/><trkpt lat="-27.31205" lon="-70.92739"/><trkpt lat="-27.31217" lon="-70.92730"/><trkpt lat="-27.31229" lon="-70.92718"/><trkpt lat="-27.31238" lon="-70.92704"/><trkpt lat="-27.31270" lon="-70.92657"/><trkpt lat="-27.31299" lon="-70.92616"/><trkpt lat="-27.31420" lon="-70.92454"/><trkpt lat="-27.31433" lon="-70.92432"/><trkpt lat="-27.31452" lon="-70.92396"/><trkpt lat="-27.31479" lon="-70.92342"/><trkpt lat="-27.31509" lon="-70.92288"/><trkpt lat="-27.31561" lon="-70.92197"/><trkpt lat="-27.31580" lon="-70.92165"/><trkpt lat="-27.31596" lon="-70.92139"/><trkpt lat="-27.31630" lon="-70.92091"/><trkpt lat="-27.31672" lon="-70.92029"/><trkpt lat="-27.31711" lon="-70.91970"/><trkpt lat="-27.31720" lon="-70.91950"/><trkpt lat="-27.31739" lon="-70.91889"/><trkpt lat="-27.31747" lon="-70.91867"/><trkpt lat="-27.31754" lon="-70.91847"/><trkpt lat="-27.31779" lon="-70.91794"/><trkpt lat="-27.31790" lon="-70.91773"/><trkpt lat="-27.31804" lon="-70.91754"/><trkpt lat="-27.31817" lon="-70.91739"/><trkpt lat="-27.31829" lon="-70.91729"/><trkpt lat="-27.31844" lon="-70.91720"/><trkpt lat="-27.31862" lon="-70.91714"/><trkpt lat="-27.31897" lon="-70.91707"/><trkpt lat="-27.31911" lon="-70.91704"/><trkpt lat="-27.31924" lon="-70.91697"/><trkpt lat="-27.31937" lon="-70.91687"/><trkpt lat="-27.32003" lon="-70.91619"/><trkpt lat="-27.32056" lon="-70.91562"/><trkpt lat="-27.32079" lon="-70.91532"/><trkpt lat="-27.32096" lon="-70.91504"/><trkpt lat="-27.32111" lon="-70.91475"/><trkpt lat="-27.32177" lon="-70.91352"/><trkpt lat="-27.32205" lon="-70.91296"/><trkpt lat="-27.32216" lon="-70.91269"/><trkpt lat="-27.32225" lon="-70.91240"/><trkpt lat="-27.32233" lon="-70.91210"/><trkpt lat="-27.32250" lon="-70.91127"/><trkpt lat="-27.32256" lon="-70.91112"/><trkpt lat="-27.32263" lon="-70.91099"/><trkpt lat="-27.32279" lon="-70.91081"/><trkpt lat="-27.32319" lon="-70.91117"/><trkpt lat="-27.32343" lon="-70.91147"/><trkpt lat="-27.32361" lon="-70.91166"/><trkpt lat="-27.32384" lon="-70.91189"/><trkpt lat="-27.32413" lon="-70.91210"/><trkpt lat="-27.32438" lon="-70.91227"/><trkpt lat="-27.32463" lon="-70.91240"/><trkpt lat="-27.32488" lon="-70.91251"/><trkpt lat="-27.32515" lon="-70.91260"/><trkpt lat="-27.32540" lon="-70.91266"/><trkpt lat="-27.32568" lon="-70.91270"/><trkpt lat="-27.32599" lon="-70.91272"/><trkpt lat="-27.32632" lon="-70.91272"/><trkpt lat="-27.32744" lon="-70.91263"/><trkpt lat="-27.32930" lon="-70.91247"/><trkpt lat="-27.32963" lon="-70.91243"/><trkpt lat="-27.32995" lon="-70.91236"/><trkpt lat="-27.33024" lon="-70.91226"/><trkpt lat="-27.33055" lon="-70.91213"/><trkpt lat="-27.33086" lon="-70.91195"/><trkpt lat="-27.33118" lon="-70.91173"/><trkpt lat="-27.33149" lon="-70.91147"/><trkpt lat="-27.33651" lon="-70.90619"/><trkpt lat="-27.34208" lon="-70.90033"/><trkpt lat="-27.34277" lon="-70.89952"/><trkpt lat="-27.34334" lon="-70.89882"/><trkpt lat="-27.34389" lon="-70.89811"/><trkpt lat="-27.35022" lon="-70.88982"/><trkpt lat="-27.35711" lon="-70.88081"/><trkpt lat="-27.35865" lon="-70.87906"/><trkpt lat="-27.36267" lon="-70.87451"/><trkpt lat="-27.36666" lon="-70.86998"/><trkpt lat="-27.37175" lon="-70.86427"/><trkpt lat="-27.37282" lon="-70.86301"/><trkpt lat="-27.37412" lon="-70.86128"/><trkpt lat="-27.37796" lon="-70.85612"/><trkpt lat="-27.38336" lon="-70.84881"/><trkpt lat="-27.38377" lon="-70.84820"/><trkpt lat="-27.38414" lon="-70.84760"/><trkpt lat="-27.38447" lon="-70.84702"/><trkpt lat="-27.38479" lon="-70.84636"/><trkpt lat="-27.38511" lon="-70.84564"/><trkpt lat="-27.38537" lon="-70.84494"/><trkpt lat="-27.38561" lon="-70.84422"/><trkpt lat="-27.38579" lon="-70.84358"/><trkpt lat="-27.38595" lon="-70.84292"/><trkpt lat="-27.38683" lon="-70.83894"/><trkpt lat="-27.38696" lon="-70.83840"/><trkpt lat="-27.38708" lon="-70.83798"/><trkpt lat="-27.38723" lon="-70.83755"/><trkpt lat="-27.38745" lon="-70.83699"/><trkpt lat="-27.38769" lon="-70.83647"/><trkpt lat="-27.38797" lon="-70.83596"/><trkpt lat="-27.38827" lon="-70.83546"/><trkpt lat="-27.38858" lon="-70.83502"/><trkpt lat="-27.38889" lon="-70.83464"/><trkpt lat="-27.38991" lon="-70.83353"/><trkpt lat="-27.39260" lon="-70.83076"/><trkpt lat="-27.39534" lon="-70.82797"/><trkpt lat="-27.39592" lon="-70.82743"/><trkpt lat="-27.39643" lon="-70.82699"/><trkpt lat="-27.39701" lon="-70.82654"/><trkpt lat="-27.39772" lon="-70.82603"/><trkpt lat="-27.39838" lon="-70.82560"/><trkpt lat="-27.39903" lon="-70.82521"/><trkpt lat="-27.39964" lon="-70.82487"/><trkpt lat="-27.40026" lon="-70.82456"/><trkpt lat="-27.40092" lon="-70.82428"/><trkpt lat="-27.40159" lon="-70.82402"/><trkpt lat="-27.40228" lon="-70.82379"/><trkpt lat="-27.40301" lon="-70.82358"/><trkpt lat="-27.40371" lon="-70.82342"/><trkpt lat="-27.40437" lon="-70.82329"/><trkpt lat="-27.40515" lon="-70.82317"/><trkpt lat="-27.41490" lon="-70.82195"/><trkpt lat="-27.42287" lon="-70.82096"/><trkpt lat="-27.42506" lon="-70.82068"/><trkpt lat="-27.42571" lon="-70.82062"/><trkpt lat="-27.42637" lon="-70.82059"/><trkpt lat="-27.42681" lon="-70.82060"/><trkpt lat="-27.42767" lon="-70.82064"/><trkpt lat="-27.42851" lon="-70.82070"/><trkpt lat="-27.43140" lon="-70.82097"/><trkpt lat="-27.43508" lon="-70.82130"/><trkpt lat="-27.43951" lon="-70.82168"/><trkpt lat="-27.44343" lon="-70.82202"/><trkpt lat="-27.44462" lon="-70.82212"/><trkpt lat="-27.44522" lon="-70.82219"/><trkpt lat="-27.44573" lon="-70.82225"/><trkpt lat="-27.44635" lon="-70.82233"/><trkpt lat="-27.44727" lon="-70.82248"/><trkpt lat="-27.44823" lon="-70.82266"/><trkpt lat="-27.44910" lon="-70.82283"/><trkpt lat="-27.44997" lon="-70.82303"/><trkpt lat="-27.45062" lon="-70.82319"/><trkpt lat="-27.45153" lon="-70.82343"/><trkpt lat="-27.45386" lon="-70.82411"/><trkpt lat="-27.45658" lon="-70.82489"/><trkpt lat="-27.46026" lon="-70.82595"/><trkpt lat="-27.46419" lon="-70.82709"/><trkpt lat="-27.46506" lon="-70.82735"/><trkpt lat="-27.46601" lon="-70.82759"/><trkpt lat="-27.46705" lon="-70.82782"/><trkpt lat="-27.46902" lon="-70.82819"/><trkpt lat="-27.47331" lon="-70.82897"/><trkpt lat="-27.47693" lon="-70.82964"/><trkpt lat="-27.48018" lon="-70.83023"/><trkpt lat="-27.48361" lon="-70.83087"/><trkpt lat="-27.48452" lon="-70.83106"/><trkpt lat="-27.48558" lon="-70.83132"/><trkpt lat="-27.48839" lon="-70.83206"/><trkpt lat="-27.49263" lon="-70.83320"/><trkpt lat="-27.49749" lon="-70.83451"/><trkpt lat="-27.49994" lon="-70.83516"/><trkpt lat="-27.50064" lon="-70.83537"/><trkpt lat="-27.50139" lon="-70.83564"/><trkpt lat="-27.50222" lon="-70.83596"/><trkpt lat="-27.50307" lon="-70.83633"/><trkpt lat="-27.50953" lon="-70.83935"/><trkpt lat="-27.51523" lon="-70.84204"/><trkpt lat="-27.51919" lon="-70.84391"/><trkpt lat="-27.51993" lon="-70.84428"/><trkpt lat="-27.52065" lon="-70.84467"/><trkpt lat="-27.52124" lon="-70.84502"/><trkpt lat="-27.52182" lon="-70.84540"/><trkpt lat="-27.52491" lon="-70.84755"/><trkpt lat="-27.52522" lon="-70.84777"/><trkpt lat="-27.52551" lon="-70.84795"/><trkpt lat="-27.52583" lon="-70.84812"/><trkpt lat="-27.52620" lon="-70.84827"/><trkpt lat="-27.52661" lon="-70.84840"/><trkpt lat="-27.52701" lon="-70.84849"/><trkpt lat="-27.52738" lon="-70.84854"/><trkpt lat="-27.52775" lon="-70.84856"/><trkpt lat="-27.52978" lon="-70.84858"/><trkpt lat="-27.53091" lon="-70.84858"/><trkpt lat="-27.53211" lon="-70.84859"/><trkpt lat="-27.53371" lon="-70.84861"/><trkpt lat="-27.53367" lon="-70.84882"/><trkpt lat="-27.53360" lon="-70.84908"/><trkpt lat="-27.53351" lon="-70.84933"/><trkpt lat="-27.53339" lon="-70.84963"/><trkpt lat="-27.53323" lon="-70.84996"/><trkpt lat="-27.53259" lon="-70.85132"/><trkpt lat="-27.53229" lon="-70.85197"/><trkpt lat="-27.53220" lon="-70.85221"/><trkpt lat="-27.53214" lon="-70.85244"/><trkpt lat="-27.53203" lon="-70.85307"/><trkpt lat="-27.53198" lon="-70.85333"/><trkpt lat="-27.53189" lon="-70.85361"/><trkpt lat="-27.53178" lon="-70.85387"/><trkpt lat="-27.53167" lon="-70.85407"/><trkpt lat="-27.53142" lon="-70.85443"/><trkpt lat="-27.53130" lon="-70.85463"/><trkpt lat="-27.53119" lon="-70.85486"/><trkpt lat="-27.53075" lon="-70.85611"/><trkpt lat="-27.53052" lon="-70.85687"/><trkpt lat="-27.53044" lon="-70.85704"/><trkpt lat="-27.53033" lon="-70.85718"/><trkpt lat="-27.53023" lon="-70.85729"/><trkpt lat="-27.53008" lon="-70.85740"/><trkpt lat="-27.52988" lon="-70.85751"/><trkpt lat="-27.52965" lon="-70.85761"/><trkpt lat="-27.52907" lon="-70.85783"/><trkpt lat="-27.52827" lon="-70.85816"/><trkpt lat="-27.52787" lon="-70.85835"/><trkpt lat="-27.52765" lon="-70.85843"/><trkpt lat="-27.52737" lon="-70.85850"/><trkpt lat="-27.52725" lon="-70.85855"/><trkpt lat="-27.52712" lon="-70.85863"/><trkpt lat="-27.52700" lon="-70.85873"/><trkpt lat="-27.52660" lon="-70.85919"/><trkpt lat="-27.52581" lon="-70.85973"/><trkpt lat="-27.52528" lon="-70.86005"/><trkpt lat="-27.52448" lon="-70.86076"/><trkpt lat="-27.52328" lon="-70.86197"/><trkpt lat="-27.52244" lon="-70.86282"/><trkpt lat="-27.52135" lon="-70.86361"/><trkpt lat="-27.52069" lon="-70.86420"/><trkpt lat="-27.51925" lon="-70.86599"/><trkpt lat="-27.51736" lon="-70.86836"/><trkpt lat="-27.51695" lon="-70.86875"/><trkpt lat="-27.51580" lon="-70.86940"/><trkpt lat="-27.51485" lon="-70.86977"/><trkpt lat="-27.51454" lon="-70.86995"/><trkpt lat="-27.51428" lon="-70.87012"/><trkpt lat="-27.51410" lon="-70.87028"/><trkpt lat="-27.51389" lon="-70.87049"/><trkpt lat="-27.51375" lon="-70.87067"/><trkpt lat="-27.51366" lon="-70.87082"/><trkpt lat="-27.51359" lon="-70.87099"/><trkpt lat="-27.51347" lon="-70.87133"/><trkpt lat="-27.51337" lon="-70.87152"/><trkpt lat="-27.51324" lon="-70.87170"/><trkpt lat="-27.51310" lon="-70.87183"/><trkpt lat="-27.51297" lon="-70.87192"/><trkpt lat="-27.51241" lon="-70.87218"/><trkpt lat="-27.51226" lon="-70.87226"/><trkpt lat="-27.51217" lon="-70.87234"/><trkpt lat="-27.51210" lon="-70.87244"/><trkpt lat="-27.51206" lon="-70.87254"/><trkpt lat="-27.51204" lon="-70.87263"/><trkpt lat="-27.51203" lon="-70.87278"/><trkpt lat="-27.51207" lon="-70.87330"/><trkpt lat="-27.51215" lon="-70.87439"/><trkpt lat="-27.51210" lon="-70.87491"/><trkpt lat="-27.51206" lon="-70.87512"/><trkpt lat="-27.51199" lon="-70.87533"/><trkpt lat="-27.51183" lon="-70.87565"/><trkpt lat="-27.51110" lon="-70.87712"/><trkpt lat="-27.51091" lon="-70.87747"/><trkpt lat="-27.51072" lon="-70.87775"/><trkpt lat="-27.50963" lon="-70.87924"/><trkpt lat="-27.50948" lon="-70.87949"/><trkpt lat="-27.50936" lon="-70.87972"/><trkpt lat="-27.50926" lon="-70.87995"/><trkpt lat="-27.50897" lon="-70.88067"/><trkpt lat="-27.50838" lon="-70.88221"/><trkpt lat="-27.50832" lon="-70.88239"/><trkpt lat="-27.50830" lon="-70.88253"/><trkpt lat="-27.50830" lon="-70.88262"/><trkpt lat="-27.50833" lon="-70.88273"/><trkpt lat="-27.50840" lon="-70.88285"/><trkpt lat="-27.50848" lon="-70.88293"/><trkpt lat="-27.50865" lon="-70.88305"/><trkpt lat="-27.50910" lon="-70.88338"/><trkpt lat="-27.50945" lon="-70.88365"/><trkpt lat="-27.50970" lon="-70.88386"/><trkpt lat="-27.50985" lon="-70.88400"/><trkpt lat="-27.50997" lon="-70.88415"/><trkpt lat="-27.51005" lon="-70.88431"/><trkpt lat="-27.51013" lon="-70.88453"/><trkpt lat="-27.51017" lon="-70.88474"/><trkpt lat="-27.51019" lon="-70.88496"/><trkpt lat="-27.51019" lon="-70.88519"/><trkpt lat="-27.51011" lon="-70.88641"/><trkpt lat="-27.51010" lon="-70.88658"/><trkpt lat="-27.51012" lon="-70.88672"/><trkpt lat="-27.51017" lon="-70.88684"/><trkpt lat="-27.51022" lon="-70.88694"/><trkpt lat="-27.51032" lon="-70.88706"/><trkpt lat="-27.51069" lon="-70.88737"/><trkpt lat="-27.51107" lon="-70.88766"/><trkpt lat="-27.51238" lon="-70.88862"/><trkpt lat="-27.51272" lon="-70.88886"/><trkpt lat="-27.51296" lon="-70.88901"/><trkpt lat="-27.51341" lon="-70.88926"/><trkpt lat="-27.51370" lon="-70.88943"/><trkpt lat="-27.51388" lon="-70.88957"/><trkpt lat="-27.51404" lon="-70.88976"/><trkpt lat="-27.51440" lon="-70.89016"/><trkpt lat="-27.51452" lon="-70.89031"/><trkpt lat="-27.51462" lon="-70.89045"/><trkpt lat="-27.51470" lon="-70.89062"/><trkpt lat="-27.51486" lon="-70.89117"/><trkpt lat="-27.51494" lon="-70.89168"/><trkpt lat="-27.51504" lon="-70.89199"/><trkpt lat="-27.51513" lon="-70.89223"/><trkpt lat="-27.51527" lon="-70.89250"/><trkpt lat="-27.51539" lon="-70.89267"/><trkpt lat="-27.51548" lon="-70.89292"/><trkpt lat="-27.51554" lon="-70.89321"/><trkpt lat="-27.51559" lon="-70.89353"/><trkpt lat="-27.51544" lon="-70.89369"/><trkpt lat="-27.51504" lon="-70.89374"/><trkpt lat="-27.51498" lon="-70.89346"/><trkpt lat="-27.51493" lon="-70.89319"/><trkpt lat="-27.51486" lon="-70.89293"/><trkpt lat="-27.51482" lon="-70.89281"/><trkpt lat="-27.51475" lon="-70.89268"/><trkpt lat="-27.51484" lon="-70.89203"/><trkpt lat="-27.51494" lon="-70.89168"/><trkpt lat="-27.51486" lon="-70.89117"/><trkpt lat="-27.51470" lon="-70.89062"/><trkpt lat="-27.51462" lon="-70.89045"/><trkpt lat="-27.51452" lon="-70.89031"/><trkpt lat="-27.51440" lon="-70.89016"/><trkpt lat="-27.51404" lon="-70.88976"/><trkpt lat="-27.51388" lon="-70.88957"/><trkpt lat="-27.51370" lon="-70.88943"/><trkpt lat="-27.51341" lon="-70.88926"/><trkpt lat="-27.51296" lon="-70.88901"/><trkpt lat="-27.51272" lon="-70.88886"/><trkpt lat="-27.51238" lon="-70.88862"/><trkpt lat="-27.51107" lon="-70.88766"/><trkpt lat="-27.51069" lon="-70.88737"/><trkpt lat="-27.51032" lon="-70.88706"/><trkpt lat="-27.51022" lon="-70.88694"/><trkpt lat="-27.51017" lon="-70.88684"/><trkpt lat="-27.51012" lon="-70.88672"/><trkpt lat="-27.51010" lon="-70.88658"/><trkpt lat="-27.51011" lon="-70.88641"/><trkpt lat="-27.51019" lon="-70.88519"/><trkpt lat="-27.51019" lon="-70.88496"/><trkpt lat="-27.51017" lon="-70.88474"/><trkpt lat="-27.51013" lon="-70.88453"/><trkpt lat="-27.51005" lon="-70.88431"/><trkpt lat="-27.50997" lon="-70.88415"/><trkpt lat="-27.50985" lon="-70.88400"/><trkpt lat="-27.50970" lon="-70.88386"/><trkpt lat="-27.50945" lon="-70.88365"/><trkpt lat="-27.50910" lon="-70.88338"/><trkpt lat="-27.50865" lon="-70.88305"/><trkpt lat="-27.50848" lon="-70.88293"/><trkpt lat="-27.50840" lon="-70.88285"/><trkpt lat="-27.50833" lon="-70.88273"/><trkpt lat="-27.50830" lon="-70.88262"/><trkpt lat="-27.50830" lon="-70.88253"/><trkpt lat="-27.50832" lon="-70.88239"/><trkpt lat="-27.50838" lon="-70.88221"/><trkpt lat="-27.50897" lon="-70.88067"/><trkpt lat="-27.50926" lon="-70.87995"/><trkpt lat="-27.50936" lon="-70.87972"/><trkpt lat="-27.50948" lon="-70.87949"/><trkpt lat="-27.50963" lon="-70.87924"/><trkpt lat="-27.51072" lon="-70.87775"/><trkpt lat="-27.51091" lon="-70.87747"/><trkpt lat="-27.51110" lon="-70.87712"/><trkpt lat="-27.51183" lon="-70.87565"/><trkpt lat="-27.51199" lon="-70.87533"/><trkpt lat="-27.51206" lon="-70.87512"/><trkpt lat="-27.51210" lon="-70.87491"/><trkpt lat="-27.51215" lon="-70.87439"/><trkpt lat="-27.51207" lon="-70.87330"/><trkpt lat="-27.51203" lon="-70.87278"/><trkpt lat="-27.51204" lon="-70.87263"/><trkpt lat="-27.51206" lon="-70.87254"/><trkpt lat="-27.51210" lon="-70.87244"/><trkpt lat="-27.51217" lon="-70.87234"/><trkpt lat="-27.51226" lon="-70.87226"/><trkpt lat="-27.51241" lon="-70.87218"/><trkpt lat="-27.51297" lon="-70.87192"/><trkpt lat="-27.51310" lon="-70.87183"/><trkpt lat="-27.51324" lon="-70.87170"/><trkpt lat="-27.51337" lon="-70.87152"/><trkpt lat="-27.51347" lon="-70.87133"/><trkpt lat="-27.51359" lon="-70.87099"/><trkpt lat="-27.51366" lon="-70.87082"/><trkpt lat="-27.51375" lon="-70.87067"/><trkpt lat="-27.51389" lon="-70.87049"/><trkpt lat="-27.51410" lon="-70.87028"/><trkpt lat="-27.51428" lon="-70.87012"/><trkpt lat="-27.51454" lon="-70.86995"/><trkpt lat="-27.51485" lon="-70.86977"/><trkpt lat="-27.51580" lon="-70.86940"/><trkpt lat="-27.51695" lon="-70.86875"/><trkpt lat="-27.51736" lon="-70.86836"/><trkpt lat="-27.51925" lon="-70.86599"/><trkpt lat="-27.52069" lon="-70.86420"/><trkpt lat="-27.52135" lon="-70.86361"/><trkpt lat="-27.52244" lon="-70.86282"/><trkpt lat="-27.52328" lon="-70.86197"/><trkpt lat="-27.52448" lon="-70.86076"/><trkpt lat="-27.52528" lon="-70.86005"/><trkpt lat="-27.52581" lon="-70.85973"/><trkpt lat="-27.52660" lon="-70.85919"/><trkpt lat="-27.52700" lon="-70.85873"/><trkpt lat="-27.52712" lon="-70.85863"/><trkpt lat="-27.52725" lon="-70.85855"/><trkpt lat="-27.52737" lon="-70.85850"/><trkpt lat="-27.52765" lon="-70.85843"/><trkpt lat="-27.52787" lon="-70.85835"/><trkpt lat="-27.52827" lon="-70.85816"/><trkpt lat="-27.52907" lon="-70.85783"/><trkpt lat="-27.52965" lon="-70.85761"/><trkpt lat="-27.52988" lon="-70.85751"/><trkpt lat="-27.53008" lon="-70.85740"/><trkpt lat="-27.53023" lon="-70.85729"/><trkpt lat="-27.53033" lon="-70.85718"/><trkpt lat="-27.53044" lon="-70.85704"/><trkpt lat="-27.53052" lon="-70.85687"/><trkpt lat="-27.53075" lon="-70.85611"/><trkpt lat="-27.53119" lon="-70.85486"/><trkpt lat="-27.53130" lon="-70.85463"/><trkpt lat="-27.53142" lon="-70.85443"/><trkpt lat="-27.53167" lon="-70.85407"/><trkpt lat="-27.53178" lon="-70.85387"/><trkpt lat="-27.53189" lon="-70.85361"/><trkpt lat="-27.53198" lon="-70.85333"/><trkpt lat="-27.53203" lon="-70.85307"/><trkpt lat="-27.53214" lon="-70.85244"/><trkpt lat="-27.53220" lon="-70.85221"/><trkpt lat="-27.53229" lon="-70.85197"/><trkpt lat="-27.53259" lon="-70.85132"/><trkpt lat="-27.53323" lon="-70.84996"/><trkpt lat="-27.53339" lon="-70.84963"/><trkpt lat="-27.53351" lon="-70.84933"/><trkpt lat="-27.53360" lon="-70.84908"/><trkpt lat="-27.53367" lon="-70.84882"/><trkpt lat="-27.53371" lon="-70.84861"/><trkpt lat="-27.53413" lon="-70.84862"/><trkpt lat="-27.53451" lon="-70.84865"/><trkpt lat="-27.53489" lon="-70.84869"/><trkpt lat="-27.53547" lon="-70.84877"/><trkpt lat="-27.53644" lon="-70.84893"/><trkpt lat="-27.53882" lon="-70.84940"/><trkpt lat="-27.54128" lon="-70.84985"/><trkpt lat="-27.54415" lon="-70.85039"/><trkpt lat="-27.54622" lon="-70.85079"/><trkpt lat="-27.54901" lon="-70.85132"/><trkpt lat="-27.55105" lon="-70.85171"/><trkpt lat="-27.55311" lon="-70.85216"/><trkpt lat="-27.55597" lon="-70.85282"/><trkpt lat="-27.56147" lon="-70.85408"/><trkpt lat="-27.56631" lon="-70.85519"/><trkpt lat="-27.57016" lon="-70.85606"/><trkpt lat="-27.57129" lon="-70.85629"/><trkpt lat="-27.57403" lon="-70.85679"/><trkpt lat="-27.57741" lon="-70.85740"/><trkpt lat="-27.57966" lon="-70.85782"/><trkpt lat="-27.58260" lon="-70.85837"/><trkpt lat="-27.58640" lon="-70.85904"/><trkpt lat="-27.58770" lon="-70.85928"/><trkpt lat="-27.58807" lon="-70.85937"/><trkpt lat="-27.58845" lon="-70.85949"/><trkpt lat="-27.58884" lon="-70.85965"/><trkpt lat="-27.58922" lon="-70.85983"/><trkpt lat="-27.59248" lon="-70.86147"/><trkpt lat="-27.59281" lon="-70.86160"/><trkpt lat="-27.59309" lon="-70.86169"/><trkpt lat="-27.59340" lon="-70.86176"/><trkpt lat="-27.59378" lon="-70.86181"/><trkpt lat="-27.59412" lon="-70.86183"/><trkpt lat="-27.59511" lon="-70.86180"/><trkpt lat="-27.59760" lon="-70.86168"/><trkpt lat="-27.59802" lon="-70.86168"/><trkpt lat="-27.59847" lon="-70.86171"/><trkpt lat="-27.59885" lon="-70.86176"/><trkpt lat="-27.59928" lon="-70.86185"/><trkpt lat="-27.60096" lon="-70.86223"/><trkpt lat="-27.60458" lon="-70.86307"/><trkpt lat="-27.60929" lon="-70.86410"/><trkpt lat="-27.61396" lon="-70.86495"/><trkpt lat="-27.61840" lon="-70.86577"/><trkpt lat="-27.62236" lon="-70.86651"/><trkpt lat="-27.62435" lon="-70.86688"/><trkpt lat="-27.62662" lon="-70.86736"/><trkpt lat="-27.63039" lon="-70.86816"/><trkpt lat="-27.63551" lon="-70.86926"/><trkpt lat="-27.63902" lon="-70.87003"/><trkpt lat="-27.63969" lon="-70.87019"/><trkpt lat="-27.64015" lon="-70.87031"/><trkpt lat="-27.64072" lon="-70.87047"/><trkpt lat="-27.64131" lon="-70.87067"/><trkpt lat="-27.64192" lon="-70.87090"/><trkpt lat="-27.64255" lon="-70.87118"/><trkpt lat="-27.64322" lon="-70.87151"/><trkpt lat="-27.64383" lon="-70.87183"/><trkpt lat="-27.64560" lon="-70.87281"/><trkpt lat="-27.64931" lon="-70.87486"/><trkpt lat="-27.65224" lon="-70.87647"/><trkpt lat="-27.65298" lon="-70.87688"/><trkpt lat="-27.65379" lon="-70.87729"/><trkpt lat="-27.65742" lon="-70.87901"/><trkpt lat="-27.66102" lon="-70.88072"/><trkpt lat="-27.66488" lon="-70.88254"/><trkpt lat="-27.66523" lon="-70.88271"/><trkpt lat="-27.66481" lon="-70.88908"/><trkpt lat="-27.66463" lon="-70.89091"/><trkpt lat="-27.66458" lon="-70.89126"/><trkpt lat="-27.66450" lon="-70.89159"/><trkpt lat="-27.66416" lon="-70.89284"/><trkpt lat="-27.66408" lon="-70.89307"/><trkpt lat="-27.66398" lon="-70.89329"/><trkpt lat="-27.66386" lon="-70.89351"/><trkpt lat="-27.66260" lon="-70.89564"/><trkpt lat="-27.66203" lon="-70.89670"/><trkpt lat="-27.66142" lon="-70.89789"/><trkpt lat="-27.66122" lon="-70.89823"/><trkpt lat="-27.66102" lon="-70.89852"/><trkpt lat="-27.66073" lon="-70.89885"/><trkpt lat="-27.66028" lon="-70.89933"/><trkpt lat="-27.66002" lon="-70.89965"/><trkpt lat="-27.65976" lon="-70.90001"/><trkpt lat="-27.65912" lon="-70.90092"/><trkpt lat="-27.65839" lon="-70.90203"/><trkpt lat="-27.65825" lon="-70.90225"/><trkpt lat="-27.65808" lon="-70.90246"/><trkpt lat="-27.65790" lon="-70.90264"/><trkpt lat="-27.65770" lon="-70.90278"/><trkpt lat="-27.65726" lon="-70.90305"/><trkpt lat="-27.65674" lon="-70.90334"/><trkpt lat="-27.65624" lon="-70.90365"/><trkpt lat="-27.65576" lon="-70.90398"/><trkpt lat="-27.65506" lon="-70.90452"/><trkpt lat="-27.65484" lon="-70.90466"/><trkpt lat="-27.65459" lon="-70.90478"/><trkpt lat="-27.65434" lon="-70.90486"/><trkpt lat="-27.65413" lon="-70.90490"/><trkpt lat="-27.65391" lon="-70.90492"/><trkpt lat="-27.65346" lon="-70.90493"/><trkpt lat="-27.65130" lon="-70.90487"/><trkpt lat="-27.65075" lon="-70.90485"/><trkpt lat="-27.65051" lon="-70.90487"/><trkpt lat="-27.65030" lon="-70.90492"/><trkpt lat="-27.65010" lon="-70.90500"/><trkpt lat="-27.64929" lon="-70.90537"/><trkpt lat="-27.64746" lon="-70.90627"/><trkpt lat="-27.64426" lon="-70.90791"/><trkpt lat="-27.64238" lon="-70.90938"/><trkpt lat="-27.64312" lon="-70.91488"/><trkpt lat="-27.64408" lon="-70.91845"/><trkpt lat="-27.64450" lon="-70.92100"/><trkpt lat="-27.64503" lon="-70.92281"/><trkpt lat="-27.64525" lon="-70.92472"/><trkpt lat="-27.64464" lon="-70.92689"/><trkpt lat="-27.64372" lon="-70.92888"/><trkpt lat="-27.64363" lon="-70.92944"/><trkpt lat="-27.64425" lon="-70.93165"/><trkpt lat="-27.64539" lon="-70.93285"/><trkpt lat="-27.64571" lon="-70.93308"/><trkpt lat="-27.64539" lon="-70.93285"/><trkpt lat="-27.64425" lon="-70.93165"/><trkpt lat="-27.64363" lon="-70.92944"/><trkpt lat="-27.64372" lon="-70.92888"/><trkpt lat="-27.64464" lon="-70.92689"/><trkpt lat="-27.64525" lon="-70.92472"/><trkpt lat="-27.64503" lon="-70.92281"/><trkpt lat="-27.64450" lon="-70.92100"/><trkpt lat="-27.64408" lon="-70.91845"/><trkpt lat="-27.64339" lon="-70.91586"/><trkpt lat="-27.64283" lon="-70.91378"/><trkpt lat="-27.64249" lon="-70.90881"/><trkpt lat="-27.64645" lon="-70.90680"/><trkpt lat="-27.64870" lon="-70.90566"/><trkpt lat="-27.64984" lon="-70.90511"/><trkpt lat="-27.65020" lon="-70.90496"/><trkpt lat="-27.65041" lon="-70.90489"/><trkpt lat="-27.65063" lon="-70.90486"/><trkpt lat="-27.65087" lon="-70.90485"/><trkpt lat="-27.65252" lon="-70.90489"/><trkpt lat="-27.65379" lon="-70.90493"/><trkpt lat="-27.65402" lon="-70.90491"/><trkpt lat="-27.65423" lon="-70.90488"/><trkpt lat="-27.65445" lon="-70.90483"/><trkpt lat="-27.65472" lon="-70.90472"/><trkpt lat="-27.65495" lon="-70.90459"/><trkpt lat="-27.65546" lon="-70.90421"/><trkpt lat="-27.65600" lon="-70.90381"/><trkpt lat="-27.65648" lon="-70.90350"/><trkpt lat="-27.65700" lon="-70.90319"/><trkpt lat="-27.65753" lon="-70.90290"/><trkpt lat="-27.65781" lon="-70.90272"/><trkpt lat="-27.65799" lon="-70.90255"/><trkpt lat="-27.65817" lon="-70.90236"/><trkpt lat="-27.65832" lon="-70.90214"/><trkpt lat="-27.65882" lon="-70.90135"/><trkpt lat="-27.65963" lon="-70.90019"/><trkpt lat="-27.65989" lon="-70.89983"/><trkpt lat="-27.66015" lon="-70.89949"/><trkpt lat="-27.66042" lon="-70.89917"/><trkpt lat="-27.66091" lon="-70.89865"/><trkpt lat="-27.66112" lon="-70.89838"/><trkpt lat="-27.66133" lon="-70.89807"/><trkpt lat="-27.66152" lon="-70.89771"/><trkpt lat="-27.66237" lon="-70.89607"/><trkpt lat="-27.66320" lon="-70.89460"/><trkpt lat="-27.66392" lon="-70.89340"/><trkpt lat="-27.66403" lon="-70.89318"/><trkpt lat="-27.66412" lon="-70.89296"/><trkpt lat="-27.66446" lon="-70.89175"/><trkpt lat="-27.66454" lon="-70.89143"/><trkpt lat="-27.66461" lon="-70.89109"/><trkpt lat="-27.66465" lon="-70.89074"/><trkpt lat="-27.66505" lon="-70.88666"/><trkpt lat="-27.66538" lon="-70.88280"/><trkpt lat="-27.66567" lon="-70.88298"/><trkpt lat="-27.66595" lon="-70.88318"/><trkpt lat="-27.66624" lon="-70.88344"/><trkpt lat="-27.66655" lon="-70.88375"/><trkpt lat="-27.66693" lon="-70.88419"/><trkpt lat="-27.66968" lon="-70.88791"/><trkpt lat="-27.67342" lon="-70.89302"/><trkpt lat="-27.67542" lon="-70.89575"/><trkpt lat="-27.67773" lon="-70.89889"/><trkpt lat="-27.67946" lon="-70.90125"/><trkpt lat="-27.67989" lon="-70.90179"/><trkpt lat="-27.68034" lon="-70.90230"/><trkpt lat="-27.68318" lon="-70.90535"/><trkpt lat="-27.68546" lon="-70.90781"/><trkpt lat="-27.68568" lon="-70.90806"/><trkpt lat="-27.68588" lon="-70.90833"/><trkpt lat="-27.68611" lon="-70.90869"/><trkpt lat="-27.68637" lon="-70.90922"/><trkpt lat="-27.68760" lon="-70.91187"/><trkpt lat="-27.68775" lon="-70.91221"/><trkpt lat="-27.68787" lon="-70.91256"/><trkpt lat="-27.68796" lon="-70.91290"/><trkpt lat="-27.68802" lon="-70.91324"/><trkpt lat="-27.68807" lon="-70.91359"/><trkpt lat="-27.68809" lon="-70.91394"/><trkpt lat="-27.68809" lon="-70.91431"/><trkpt lat="-27.68805" lon="-70.91468"/><trkpt lat="-27.68798" lon="-70.91507"/><trkpt lat="-27.68789" lon="-70.91546"/><trkpt lat="-27.68776" lon="-70.91586"/><trkpt lat="-27.68733" lon="-70.91709"/><trkpt lat="-27.68702" lon="-70.91796"/><trkpt lat="-27.68629" lon="-70.92005"/><trkpt lat="-27.68573" lon="-70.92162"/><trkpt lat="-27.68553" lon="-70.92223"/><trkpt lat="-27.68546" lon="-70.92252"/><trkpt lat="-27.68539" lon="-70.92290"/><trkpt lat="-27.68535" lon="-70.92329"/><trkpt lat="-27.68534" lon="-70.92368"/><trkpt lat="-27.68537" lon="-70.92410"/><trkpt lat="-27.68542" lon="-70.92446"/><trkpt lat="-27.68549" lon="-70.92483"/><trkpt lat="-27.68580" lon="-70.92612"/><trkpt lat="-27.68625" lon="-70.92792"/><trkpt lat="-27.68673" lon="-70.92989"/><trkpt lat="-27.68689" lon="-70.93050"/><trkpt lat="-27.68710" lon="-70.93118"/><trkpt lat="-27.68766" lon="-70.93274"/><trkpt lat="-27.68865" lon="-70.93538"/><trkpt lat="-27.68904" lon="-70.93633"/><trkpt lat="-27.68929" lon="-70.93689"/><trkpt lat="-27.68959" lon="-70.93751"/><trkpt lat="-27.68983" lon="-70.93796"/><trkpt lat="-27.69008" lon="-70.93838"/><trkpt lat="-27.69034" lon="-70.93877"/><trkpt lat="-27.69104" lon="-70.93974"/><trkpt lat="-27.69236" lon="-70.94145"/><trkpt lat="-27.69336" lon="-70.94279"/><trkpt lat="-27.69368" lon="-70.94324"/><trkpt lat="-27.69396" lon="-70.94370"/><trkpt lat="-27.69446" lon="-70.94450"/><trkpt lat="-27.69469" lon="-70.94491"/><trkpt lat="-27.69515" lon="-70.94587"/><trkpt lat="-27.69613" lon="-70.94792"/><trkpt lat="-27.69820" lon="-70.95208"/><trkpt lat="-27.69937" lon="-70.95426"/><trkpt lat="-27.70152" lon="-70.95819"/><trkpt lat="-27.70391" lon="-70.96251"/><trkpt lat="-27.70423" lon="-70.96304"/><trkpt lat="-27.70456" lon="-70.96354"/><trkpt lat="-27.70478" lon="-70.96384"/><trkpt lat="-27.70523" lon="-70.96441"/><trkpt lat="-27.70569" lon="-70.96495"/><trkpt lat="-27.70619" lon="-70.96548"/><trkpt lat="-27.70672" lon="-70.96599"/><trkpt lat="-27.70731" lon="-70.96650"/><trkpt lat="-27.70785" lon="-70.96691"/><trkpt lat="-27.70831" lon="-70.96724"/><trkpt lat="-27.70883" lon="-70.96757"/><trkpt lat="-27.71024" lon="-70.96833"/><trkpt lat="-27.71382" lon="-70.97017"/><trkpt lat="-27.71821" lon="-70.97234"/><trkpt lat="-27.71874" lon="-70.97262"/><trkpt lat="-27.71928" lon="-70.97295"/><trkpt lat="-27.71983" lon="-70.97334"/><trkpt lat="-27.72039" lon="-70.97377"/><trkpt lat="-27.72142" lon="-70.97461"/><trkpt lat="-27.72225" lon="-70.97529"/><trkpt lat="-27.72285" lon="-70.97577"/><trkpt lat="-27.72334" lon="-70.97611"/><trkpt lat="-27.72382" lon="-70.97641"/><trkpt lat="-27.72434" lon="-70.97670"/><trkpt lat="-27.72494" lon="-70.97700"/><trkpt lat="-27.72682" lon="-70.97791"/><trkpt lat="-27.72987" lon="-70.97941"/><trkpt lat="-27.73324" lon="-70.98104"/><trkpt lat="-27.73543" lon="-70.98210"/><trkpt lat="-27.73777" lon="-70.98324"/><trkpt lat="-27.73945" lon="-70.98404"/><trkpt lat="-27.74168" lon="-70.98517"/><trkpt lat="-27.74419" lon="-70.98648"/><trkpt lat="-27.74738" lon="-70.98814"/><trkpt lat="-27.75179" lon="-70.99046"/><trkpt lat="-27.75577" lon="-70.99251"/><trkpt lat="-27.76194" lon="-70.99569"/><trkpt lat="-27.76593" lon="-70.99774"/><trkpt lat="-27.76894" lon="-70.99930"/><trkpt lat="-27.77224" lon="-71.00098"/><trkpt lat="-27.77478" lon="-71.00229"/><trkpt lat="-27.77732" lon="-71.00357"/><trkpt lat="-27.77776" lon="-71.00381"/><trkpt lat="-27.77811" lon="-71.00403"/><trkpt lat="-27.77841" lon="-71.00425"/><trkpt lat="-27.77868" lon="-71.00448"/><trkpt lat="-27.77892" lon="-71.00473"/><trkpt lat="-27.77913" lon="-71.00499"/><trkpt lat="-27.77932" lon="-71.00526"/><trkpt lat="-27.77952" lon="-71.00557"/><trkpt lat="-27.77969" lon="-71.00589"/><trkpt lat="-27.77987" lon="-71.00629"/><trkpt lat="-27.78002" lon="-71.00670"/><trkpt lat="-27.78061" lon="-71.00869"/><trkpt lat="-27.78258" lon="-71.01518"/><trkpt lat="-27.78374" lon="-71.01906"/><trkpt lat="-27.78412" lon="-71.02042"/><trkpt lat="-27.78506" lon="-71.02390"/><trkpt lat="-27.78521" lon="-71.02450"/><trkpt lat="-27.78537" lon="-71.02506"/><trkpt lat="-27.78555" lon="-71.02553"/><trkpt lat="-27.78575" lon="-71.02598"/><trkpt lat="-27.78597" lon="-71.02636"/><trkpt lat="-27.78622" lon="-71.02671"/><trkpt lat="-27.78647" lon="-71.02704"/><trkpt lat="-27.78674" lon="-71.02733"/><trkpt lat="-27.78702" lon="-71.02758"/><trkpt lat="-27.78733" lon="-71.02781"/><trkpt lat="-27.78762" lon="-71.02801"/><trkpt lat="-27.78791" lon="-71.02817"/><trkpt lat="-27.78825" lon="-71.02834"/><trkpt lat="-27.78918" lon="-71.02871"/><trkpt lat="-27.79058" lon="-71.02928"/><trkpt lat="-27.79093" lon="-71.02945"/><trkpt lat="-27.79123" lon="-71.02964"/><trkpt lat="-27.79148" lon="-71.02983"/><trkpt lat="-27.79171" lon="-71.03002"/><trkpt lat="-27.79191" lon="-71.03023"/><trkpt lat="-27.79211" lon="-71.03046"/><trkpt lat="-27.79229" lon="-71.03071"/><trkpt lat="-27.79249" lon="-71.03103"/><trkpt lat="-27.79269" lon="-71.03141"/><trkpt lat="-27.79316" lon="-71.03239"/><trkpt lat="-27.79402" lon="-71.03419"/><trkpt lat="-27.79490" lon="-71.03608"/><trkpt lat="-27.79521" lon="-71.03679"/><trkpt lat="-27.79548" lon="-71.03745"/><trkpt lat="-27.79575" lon="-71.03821"/><trkpt lat="-27.79599" lon="-71.03892"/><trkpt lat="-27.79653" lon="-71.04081"/><trkpt lat="-27.79674" lon="-71.04163"/><trkpt lat="-27.79680" lon="-71.04193"/><trkpt lat="-27.79684" lon="-71.04229"/><trkpt lat="-27.79686" lon="-71.04270"/><trkpt lat="-27.79685" lon="-71.04316"/><trkpt lat="-27.79674" lon="-71.04471"/><trkpt lat="-27.79642" lon="-71.04904"/><trkpt lat="-27.79636" lon="-71.04968"/><trkpt lat="-27.79627" lon="-71.05034"/><trkpt lat="-27.79581" lon="-71.05311"/><trkpt lat="-27.79556" lon="-71.05457"/><trkpt lat="-27.79551" lon="-71.05500"/><trkpt lat="-27.79549" lon="-71.05545"/><trkpt lat="-27.79549" lon="-71.05588"/><trkpt lat="-27.79552" lon="-71.05629"/><trkpt lat="-27.79558" lon="-71.05669"/><trkpt lat="-27.79567" lon="-71.05707"/><trkpt lat="-27.79580" lon="-71.05746"/><trkpt lat="-27.79597" lon="-71.05787"/><trkpt lat="-27.79615" lon="-71.05824"/><trkpt lat="-27.79636" lon="-71.05857"/><trkpt lat="-27.79658" lon="-71.05890"/><trkpt lat="-27.79683" lon="-71.05921"/><trkpt lat="-27.79706" lon="-71.05944"/><trkpt lat="-27.79730" lon="-71.05965"/><trkpt lat="-27.79804" lon="-71.06024"/><trkpt lat="-27.79862" lon="-71.06074"/><trkpt lat="-27.79898" lon="-71.06110"/><trkpt lat="-27.79938" lon="-71.06153"/><trkpt lat="-27.79984" lon="-71.06206"/><trkpt lat="-27.80031" lon="-71.06265"/><trkpt lat="-27.80078" lon="-71.06325"/><trkpt lat="-27.80126" lon="-71.06391"/><trkpt lat="-27.80287" lon="-71.06622"/><trkpt lat="-27.80492" lon="-71.06918"/><trkpt lat="-27.80636" lon="-71.07122"/><trkpt lat="-27.80771" lon="-71.07300"/><trkpt lat="-27.80951" lon="-71.07536"/><trkpt lat="-27.81074" lon="-71.07693"/><trkpt lat="-27.81213" lon="-71.07874"/><trkpt lat="-27.81255" lon="-71.07924"/><trkpt lat="-27.81294" lon="-71.07966"/><trkpt lat="-27.81332" lon="-71.08001"/><trkpt lat="-27.81374" lon="-71.08034"/><trkpt lat="-27.81411" lon="-71.08060"/><trkpt lat="-27.81448" lon="-71.08083"/><trkpt lat="-27.81602" lon="-71.08170"/><trkpt lat="-27.81784" lon="-71.08272"/><trkpt lat="-27.81968" lon="-71.08375"/><trkpt lat="-27.82006" lon="-71.08394"/><trkpt lat="-27.82043" lon="-71.08410"/><trkpt lat="-27.82077" lon="-71.08422"/><trkpt lat="-27.82111" lon="-71.08430"/><trkpt lat="-27.82152" lon="-71.08436"/><trkpt lat="-27.82192" lon="-71.08439"/><trkpt lat="-27.82225" lon="-71.08437"/><trkpt lat="-27.82261" lon="-71.08434"/><trkpt lat="-27.82312" lon="-71.08425"/><trkpt lat="-27.82368" lon="-71.08413"/><trkpt lat="-27.82610" lon="-71.08352"/><trkpt lat="-27.82656" lon="-71.08343"/><trkpt lat="-27.82698" lon="-71.08337"/><trkpt lat="-27.82732" lon="-71.08336"/><trkpt lat="-27.82766" lon="-71.08338"/><trkpt lat="-27.82800" lon="-71.08342"/><trkpt lat="-27.82841" lon="-71.08350"/><trkpt lat="-27.83294" lon="-71.08444"/><trkpt lat="-27.83545" lon="-71.08497"/><trkpt lat="-27.83910" lon="-71.08574"/><trkpt lat="-27.83971" lon="-71.08585"/><trkpt lat="-27.84031" lon="-71.08592"/><trkpt lat="-27.84297" lon="-71.08617"/><trkpt lat="-27.84417" lon="-71.08628"/><trkpt lat="-27.84455" lon="-71.08628"/><trkpt lat="-27.84487" lon="-71.08625"/><trkpt lat="-27.84519" lon="-71.08620"/><trkpt lat="-27.84552" lon="-71.08611"/><trkpt lat="-27.84586" lon="-71.08598"/><trkpt lat="-27.84787" lon="-71.08494"/><trkpt lat="-27.84836" lon="-71.08467"/><trkpt lat="-27.84868" lon="-71.08447"/><trkpt lat="-27.84895" lon="-71.08426"/><trkpt lat="-27.84921" lon="-71.08404"/><trkpt lat="-27.84945" lon="-71.08380"/><trkpt lat="-27.84966" lon="-71.08354"/><trkpt lat="-27.85067" lon="-71.08222"/><trkpt lat="-27.85107" lon="-71.08173"/><trkpt lat="-27.85142" lon="-71.08133"/><trkpt lat="-27.85176" lon="-71.08099"/><trkpt lat="-27.85207" lon="-71.08070"/><trkpt lat="-27.85237" lon="-71.08043"/><trkpt lat="-27.85271" lon="-71.08017"/><trkpt lat="-27.85359" lon="-71.07954"/><trkpt lat="-27.85417" lon="-71.07911"/><trkpt lat="-27.85472" lon="-71.07868"/><trkpt lat="-27.85530" lon="-71.07817"/><trkpt lat="-27.85617" lon="-71.07730"/><trkpt lat="-27.85705" lon="-71.07641"/><trkpt lat="-27.85733" lon="-71.07615"/><trkpt lat="-27.85766" lon="-71.07589"/><trkpt lat="-27.85802" lon="-71.07563"/><trkpt lat="-27.85840" lon="-71.07540"/><trkpt lat="-27.85876" lon="-71.07520"/><trkpt lat="-27.85912" lon="-71.07505"/><trkpt lat="-27.85955" lon="-71.07489"/><trkpt lat="-27.85999" lon="-71.07477"/><trkpt lat="-27.86047" lon="-71.07468"/><trkpt lat="-27.86209" lon="-71.07453"/><trkpt lat="-27.86391" lon="-71.07435"/><trkpt lat="-27.86544" lon="-71.07422"/><trkpt lat="-27.86610" lon="-71.07418"/><trkpt lat="-27.86680" lon="-71.07417"/><trkpt lat="-27.86748" lon="-71.07420"/><trkpt lat="-27.86809" lon="-71.07425"/><trkpt lat="-27.86867" lon="-71.07433"/><trkpt lat="-27.86998" lon="-71.07454"/><trkpt lat="-27.87440" lon="-71.07521"/><trkpt lat="-27.87934" lon="-71.07596"/><trkpt lat="-27.88230" lon="-71.07642"/><trkpt lat="-27.88415" lon="-71.07670"/><trkpt lat="-27.88441" lon="-71.07676"/><trkpt lat="-27.88468" lon="-71.07685"/><trkpt lat="-27.88491" lon="-71.07696"/><trkpt lat="-27.88513" lon="-71.07710"/><trkpt lat="-27.88538" lon="-71.07727"/><trkpt lat="-27.88559" lon="-71.07745"/><trkpt lat="-27.88577" lon="-71.07763"/><trkpt lat="-27.88598" lon="-71.07789"/><trkpt lat="-27.88617" lon="-71.07819"/><trkpt lat="-27.88636" lon="-71.07854"/><trkpt lat="-27.88653" lon="-71.07892"/><trkpt lat="-27.88699" lon="-71.08007"/><trkpt lat="-27.88721" lon="-71.08064"/><trkpt lat="-27.88733" lon="-71.08089"/><trkpt lat="-27.88747" lon="-71.08111"/><trkpt lat="-27.88765" lon="-71.08134"/><trkpt lat="-27.88787" lon="-71.08155"/><trkpt lat="-27.88810" lon="-71.08172"/><trkpt lat="-27.88836" lon="-71.08188"/><trkpt lat="-27.88858" lon="-71.08198"/><trkpt lat="-27.88927" lon="-71.08222"/><trkpt lat="-27.88955" lon="-71.08228"/><trkpt lat="-27.88982" lon="-71.08231"/><trkpt lat="-27.89008" lon="-71.08231"/><trkpt lat="-27.89028" lon="-71.08228"/><trkpt lat="-27.89049" lon="-71.08223"/><trkpt lat="-27.89069" lon="-71.08216"/><trkpt lat="-27.89133" lon="-71.08190"/><trkpt lat="-27.89161" lon="-71.08180"/><trkpt lat="-27.89193" lon="-71.08172"/><trkpt lat="-27.89234" lon="-71.08164"/><trkpt lat="-27.89278" lon="-71.08158"/><trkpt lat="-27.89311" lon="-71.08156"/><trkpt lat="-27.89353" lon="-71.08155"/><trkpt lat="-27.89367" lon="-71.08156"/><trkpt lat="-27.89380" lon="-71.08159"/><trkpt lat="-27.89393" lon="-71.08164"/><trkpt lat="-27.89404" lon="-71.08172"/><trkpt lat="-27.89413" lon="-71.08181"/><trkpt lat="-27.89422" lon="-71.08195"/><trkpt lat="-27.89441" lon="-71.08242"/><trkpt lat="-27.89447" lon="-71.08260"/><trkpt lat="-27.89450" lon="-71.08278"/><trkpt lat="-27.89450" lon="-71.08297"/><trkpt lat="-27.89448" lon="-71.08316"/><trkpt lat="-27.89442" lon="-71.08340"/><trkpt lat="-27.89403" lon="-71.08446"/><trkpt lat="-27.89399" lon="-71.08507"/><trkpt lat="-27.89416" lon="-71.08545"/><trkpt lat="-27.89566" lon="-71.08636"/><trkpt lat="-27.89843" lon="-71.08909"/><trkpt lat="-27.90003" lon="-71.09015"/><trkpt lat="-27.90223" lon="-71.09089"/><trkpt lat="-27.90378" lon="-71.09119"/><trkpt lat="-27.90652" lon="-71.09167"/><trkpt lat="-27.91000" lon="-71.09154"/><trkpt lat="-27.91074" lon="-71.09146"/><trkpt lat="-27.91135" lon="-71.09136"/><trkpt lat="-27.91184" lon="-71.09126"/><trkpt lat="-27.91230" lon="-71.09114"/><trkpt lat="-27.91271" lon="-71.09102"/><trkpt lat="-27.91321" lon="-71.09084"/><trkpt lat="-27.91385" lon="-71.09057"/><trkpt lat="-27.91467" lon="-71.09017"/><trkpt lat="-27.91669" lon="-71.08914"/><trkpt lat="-27.91917" lon="-71.08787"/><trkpt lat="-27.92118" lon="-71.08684"/><trkpt lat="-27.92316" lon="-71.08582"/><trkpt lat="-27.92414" lon="-71.08532"/><trkpt lat="-27.92439" lon="-71.08521"/><trkpt lat="-27.92466" lon="-71.08510"/><trkpt lat="-27.92497" lon="-71.08501"/><trkpt lat="-27.92528" lon="-71.08495"/><trkpt lat="-27.92558" lon="-71.08491"/><trkpt lat="-27.92589" lon="-71.08490"/><trkpt lat="-27.92621" lon="-71.08492"/><trkpt lat="-27.92654" lon="-71.08497"/><trkpt lat="-27.92682" lon="-71.08503"/><trkpt lat="-27.92709" lon="-71.08512"/><trkpt lat="-27.92739" lon="-71.08525"/><trkpt lat="-27.92770" lon="-71.08542"/><trkpt lat="-27.92801" lon="-71.08563"/><trkpt lat="-27.92825" lon="-71.08582"/><trkpt lat="-27.92845" lon="-71.08602"/><trkpt lat="-27.92870" lon="-71.08630"/><trkpt lat="-27.92891" lon="-71.08659"/><trkpt lat="-27.92923" lon="-71.08705"/><trkpt lat="-27.93060" lon="-71.08925"/><trkpt lat="-27.93171" lon="-71.09098"/><trkpt lat="-27.93300" lon="-71.09303"/><trkpt lat="-27.93388" lon="-71.09440"/><trkpt lat="-27.93419" lon="-71.09485"/><trkpt lat="-27.93442" lon="-71.09512"/><trkpt lat="-27.93466" lon="-71.09538"/><trkpt lat="-27.93495" lon="-71.09564"/><trkpt lat="-27.93525" lon="-71.09587"/><trkpt lat="-27.93551" lon="-71.09605"/><trkpt lat="-27.93581" lon="-71.09623"/><trkpt lat="-27.93612" lon="-71.09638"/><trkpt lat="-27.93645" lon="-71.09652"/><trkpt lat="-27.93745" lon="-71.09692"/><trkpt lat="-27.93965" lon="-71.09780"/><trkpt lat="-27.94205" lon="-71.09876"/><trkpt lat="-27.94439" lon="-71.09970"/><trkpt lat="-27.94613" lon="-71.10041"/><trkpt lat="-27.94694" lon="-71.10076"/><trkpt lat="-27.94756" lon="-71.10104"/><trkpt lat="-27.94820" lon="-71.10135"/><trkpt lat="-27.94930" lon="-71.10190"/><trkpt lat="-27.95160" lon="-71.10309"/><trkpt lat="-27.95415" lon="-71.10431"/><trkpt lat="-27.95708" lon="-71.10564"/><trkpt lat="-27.95915" lon="-71.10655"/><trkpt lat="-27.96070" lon="-71.10728"/><trkpt lat="-27.96164" lon="-71.10747"/><trkpt lat="-27.96318" lon="-71.10772"/><trkpt lat="-27.96362" lon="-71.10780"/><trkpt lat="-27.96396" lon="-71.10788"/><trkpt lat="-27.96429" lon="-71.10800"/><trkpt lat="-27.96463" lon="-71.10814"/><trkpt lat="-27.96495" lon="-71.10831"/><trkpt lat="-27.96640" lon="-71.10917"/><trkpt lat="-27.96798" lon="-71.11012"/><trkpt lat="-27.96840" lon="-71.11036"/><trkpt lat="-27.96884" lon="-71.11058"/><trkpt lat="-27.96925" lon="-71.11073"/><trkpt lat="-27.96954" lon="-71.11081"/><trkpt lat="-27.97086" lon="-71.11105"/><trkpt lat="-27.97122" lon="-71.11113"/><trkpt lat="-27.97154" lon="-71.11123"/><trkpt lat="-27.97181" lon="-71.11134"/><trkpt lat="-27.97212" lon="-71.11151"/><trkpt lat="-27.97246" lon="-71.11173"/><trkpt lat="-27.97281" lon="-71.11200"/><trkpt lat="-27.97442" lon="-71.11341"/><trkpt lat="-27.97654" lon="-71.11527"/><trkpt lat="-27.97695" lon="-71.11564"/><trkpt lat="-27.97721" lon="-71.11590"/><trkpt lat="-27.97746" lon="-71.11619"/><trkpt lat="-27.97770" lon="-71.11651"/><trkpt lat="-27.97889" lon="-71.11814"/><trkpt lat="-27.97927" lon="-71.11864"/><trkpt lat="-27.97956" lon="-71.11901"/><trkpt lat="-27.97992" lon="-71.11942"/><trkpt lat="-27.98032" lon="-71.11984"/><trkpt lat="-27.98077" lon="-71.12027"/><trkpt lat="-27.98125" lon="-71.12067"/><trkpt lat="-27.98173" lon="-71.12102"/><trkpt lat="-27.98223" lon="-71.12135"/><trkpt lat="-27.98278" lon="-71.12165"/><trkpt lat="-27.98330" lon="-71.12189"/><trkpt lat="-27.98379" lon="-71.12209"/><trkpt lat="-27.98434" lon="-71.12228"/><trkpt lat="-27.98473" lon="-71.12239"/><trkpt lat="-27.98521" lon="-71.12249"/><trkpt lat="-27.98590" lon="-71.12259"/><trkpt lat="-27.98995" lon="-71.12309"/><trkpt lat="-27.99262" lon="-71.12340"/><trkpt lat="-27.99887" lon="-71.12417"/><trkpt lat="-28.00028" lon="-71.12435"/><trkpt lat="-28.00080" lon="-71.12440"/><trkpt lat="-28.00189" lon="-71.12449"/><trkpt lat="-28.00240" lon="-71.12452"/><trkpt lat="-28.00293" lon="-71.12451"/><trkpt lat="-28.00419" lon="-71.12448"/><trkpt lat="-28.00611" lon="-71.12441"/><trkpt lat="-28.00682" lon="-71.12437"/><trkpt lat="-28.00773" lon="-71.12432"/><trkpt lat="-28.00820" lon="-71.12432"/><trkpt lat="-28.00857" lon="-71.12434"/><trkpt lat="-28.00889" lon="-71.12439"/><trkpt lat="-28.00927" lon="-71.12446"/><trkpt lat="-28.00965" lon="-71.12454"/><trkpt lat="-28.01046" lon="-71.12479"/><trkpt lat="-28.01253" lon="-71.12534"/><trkpt lat="-28.01527" lon="-71.12608"/><trkpt lat="-28.01864" lon="-71.12699"/><trkpt lat="-28.02187" lon="-71.12787"/><trkpt lat="-28.02390" lon="-71.12843"/><trkpt lat="-28.02613" lon="-71.12903"/><trkpt lat="-28.02848" lon="-71.12967"/><trkpt lat="-28.02963" lon="-71.12998"/><trkpt lat="-28.03011" lon="-71.13010"/><trkpt lat="-28.03058" lon="-71.13020"/><trkpt lat="-28.03136" lon="-71.13031"/><trkpt lat="-28.03183" lon="-71.13035"/><trkpt lat="-28.03231" lon="-71.13037"/><trkpt lat="-28.03356" lon="-71.13037"/><trkpt lat="-28.03383" lon="-71.13035"/><trkpt lat="-28.03407" lon="-71.13031"/><trkpt lat="-28.03432" lon="-71.13025"/><trkpt lat="-28.03458" lon="-71.13015"/><trkpt lat="-28.03484" lon="-71.13002"/><trkpt lat="-28.03509" lon="-71.12985"/><trkpt lat="-28.03526" lon="-71.12970"/><trkpt lat="-28.03543" lon="-71.12953"/><trkpt lat="-28.03558" lon="-71.12935"/><trkpt lat="-28.03571" lon="-71.12916"/><trkpt lat="-28.03588" lon="-71.12887"/><trkpt lat="-28.03824" lon="-71.12409"/><trkpt lat="-28.03836" lon="-71.12384"/><trkpt lat="-28.03851" lon="-71.12360"/><trkpt lat="-28.03868" lon="-71.12337"/><trkpt lat="-28.03882" lon="-71.12320"/><trkpt lat="-28.03899" lon="-71.12305"/><trkpt lat="-28.03919" lon="-71.12291"/><trkpt lat="-28.03943" lon="-71.12279"/><trkpt lat="-28.03967" lon="-71.12270"/><trkpt lat="-28.03992" lon="-71.12265"/><trkpt lat="-28.04015" lon="-71.12264"/><trkpt lat="-28.04038" lon="-71.12266"/><trkpt lat="-28.04061" lon="-71.12270"/><trkpt lat="-28.04083" lon="-71.12277"/><trkpt lat="-28.04103" lon="-71.12287"/><trkpt lat="-28.04123" lon="-71.12299"/><trkpt lat="-28.04143" lon="-71.12315"/><trkpt lat="-28.04158" lon="-71.12333"/><trkpt lat="-28.04172" lon="-71.12352"/><trkpt lat="-28.04185" lon="-71.12374"/><trkpt lat="-28.04197" lon="-71.12399"/><trkpt lat="-28.04206" lon="-71.12426"/><trkpt lat="-28.04212" lon="-71.12452"/><trkpt lat="-28.04215" lon="-71.12478"/><trkpt lat="-28.04222" lon="-71.12600"/><trkpt lat="-28.04224" lon="-71.12639"/><trkpt lat="-28.04229" lon="-71.12673"/><trkpt lat="-28.04237" lon="-71.12706"/><trkpt lat="-28.04247" lon="-71.12732"/><trkpt lat="-28.04259" lon="-71.12758"/><trkpt lat="-28.04274" lon="-71.12783"/><trkpt lat="-28.04293" lon="-71.12807"/><trkpt lat="-28.04315" lon="-71.12830"/><trkpt lat="-28.04366" lon="-71.12868"/><trkpt lat="-28.04480" lon="-71.12947"/><trkpt lat="-28.04540" lon="-71.12990"/><trkpt lat="-28.04566" lon="-71.13011"/><trkpt lat="-28.04583" lon="-71.13027"/><trkpt lat="-28.04599" lon="-71.13045"/><trkpt lat="-28.04614" lon="-71.13066"/><trkpt lat="-28.04626" lon="-71.13086"/><trkpt lat="-28.04636" lon="-71.13107"/><trkpt lat="-28.04656" lon="-71.13158"/><trkpt lat="-28.04669" lon="-71.13186"/><trkpt lat="-28.04683" lon="-71.13209"/><trkpt lat="-28.04698" lon="-71.13230"/><trkpt lat="-28.04714" lon="-71.13247"/><trkpt lat="-28.04733" lon="-71.13263"/><trkpt lat="-28.04751" lon="-71.13276"/><trkpt lat="-28.04770" lon="-71.13287"/><trkpt lat="-28.04792" lon="-71.13296"/><trkpt lat="-28.04817" lon="-71.13304"/><trkpt lat="-28.04843" lon="-71.13308"/><trkpt lat="-28.04963" lon="-71.13310"/><trkpt lat="-28.05001" lon="-71.13309"/><trkpt lat="-28.05043" lon="-71.13304"/><trkpt lat="-28.05074" lon="-71.13299"/><trkpt lat="-28.05110" lon="-71.13290"/><trkpt lat="-28.05146" lon="-71.13276"/><trkpt lat="-28.05204" lon="-71.13249"/><trkpt lat="-28.05343" lon="-71.13182"/><trkpt lat="-28.05389" lon="-71.13160"/><trkpt lat="-28.05422" lon="-71.13145"/><trkpt lat="-28.05453" lon="-71.13133"/><trkpt lat="-28.05483" lon="-71.13124"/><trkpt lat="-28.05513" lon="-71.13118"/><trkpt lat="-28.05549" lon="-71.13114"/><trkpt lat="-28.05587" lon="-71.13112"/><trkpt lat="-28.05627" lon="-71.13114"/><trkpt lat="-28.05669" lon="-71.13119"/><trkpt lat="-28.05755" lon="-71.13138"/><trkpt lat="-28.05802" lon="-71.13148"/><trkpt lat="-28.05844" lon="-71.13159"/><trkpt lat="-28.05894" lon="-71.13174"/><trkpt lat="-28.05961" lon="-71.13196"/><trkpt lat="-28.06040" lon="-71.13224"/><trkpt lat="-28.06080" lon="-71.13239"/><trkpt lat="-28.06121" lon="-71.13256"/><trkpt lat="-28.06168" lon="-71.13278"/><trkpt lat="-28.06215" lon="-71.13304"/><trkpt lat="-28.06279" lon="-71.13340"/><trkpt lat="-28.06363" lon="-71.13390"/><trkpt lat="-28.06408" lon="-71.13415"/><trkpt lat="-28.06456" lon="-71.13438"/><trkpt lat="-28.06508" lon="-71.13458"/><trkpt lat="-28.06550" lon="-71.13472"/><trkpt lat="-28.06594" lon="-71.13483"/><trkpt lat="-28.06743" lon="-71.13516"/><trkpt lat="-28.06933" lon="-71.13556"/><trkpt lat="-28.07160" lon="-71.13606"/><trkpt lat="-28.07205" lon="-71.13613"/><trkpt lat="-28.07223" lon="-71.13616"/><trkpt lat="-28.07258" lon="-71.13618"/><trkpt lat="-28.07293" lon="-71.13617"/><trkpt lat="-28.07329" lon="-71.13613"/><trkpt lat="-28.07364" lon="-71.13605"/><trkpt lat="-28.07400" lon="-71.13595"/><trkpt lat="-28.07433" lon="-71.13582"/><trkpt lat="-28.07465" lon="-71.13567"/><trkpt lat="-28.07498" lon="-71.13547"/><trkpt lat="-28.07532" lon="-71.13521"/><trkpt lat="-28.07562" lon="-71.13493"/><trkpt lat="-28.07591" lon="-71.13463"/><trkpt lat="-28.07621" lon="-71.13425"/><trkpt lat="-28.07691" lon="-71.13330"/><trkpt lat="-28.07723" lon="-71.13291"/><trkpt lat="-28.07753" lon="-71.13259"/><trkpt lat="-28.07779" lon="-71.13236"/><trkpt lat="-28.07805" lon="-71.13216"/><trkpt lat="-28.07832" lon="-71.13198"/><trkpt lat="-28.07861" lon="-71.13182"/><trkpt lat="-28.07894" lon="-71.13168"/><trkpt lat="-28.07930" lon="-71.13156"/><trkpt lat="-28.07968" lon="-71.13147"/><trkpt lat="-28.08001" lon="-71.13143"/><trkpt lat="-28.08037" lon="-71.13141"/><trkpt lat="-28.08221" lon="-71.13140"/><trkpt lat="-28.08256" lon="-71.13143"/><trkpt lat="-28.08288" lon="-71.13148"/><trkpt lat="-28.08317" lon="-71.13155"/><trkpt lat="-28.08346" lon="-71.13164"/><trkpt lat="-28.08375" lon="-71.13176"/><trkpt lat="-28.08403" lon="-71.13191"/><trkpt lat="-28.08432" lon="-71.13209"/><trkpt lat="-28.08460" lon="-71.13232"/><trkpt lat="-28.08488" lon="-71.13258"/><trkpt lat="-28.08513" lon="-71.13286"/><trkpt lat="-28.08534" lon="-71.13315"/><trkpt lat="-28.08552" lon="-71.13345"/><trkpt lat="-28.08568" lon="-71.13378"/><trkpt lat="-28.08586" lon="-71.13418"/><trkpt lat="-28.08603" lon="-71.13468"/><trkpt lat="-28.08645" lon="-71.13606"/><trkpt lat="-28.08706" lon="-71.13800"/><trkpt lat="-28.08770" lon="-71.13988"/><trkpt lat="-28.08843" lon="-71.14186"/><trkpt lat="-28.08874" lon="-71.14271"/><trkpt lat="-28.08892" lon="-71.14329"/><trkpt lat="-28.08912" lon="-71.14379"/><trkpt lat="-28.08932" lon="-71.14421"/><trkpt lat="-28.08949" lon="-71.14449"/><trkpt lat="-28.08970" lon="-71.14477"/><trkpt lat="-28.08992" lon="-71.14503"/><trkpt lat="-28.09011" lon="-71.14520"/><trkpt lat="-28.09030" lon="-71.14537"/><trkpt lat="-28.09058" lon="-71.14557"/><trkpt lat="-28.09086" lon="-71.14574"/><trkpt lat="-28.09120" lon="-71.14590"/><trkpt lat="-28.09147" lon="-71.14601"/><trkpt lat="-28.09179" lon="-71.14610"/><trkpt lat="-28.09231" lon="-71.14620"/><trkpt lat="-28.09343" lon="-71.14643"/><trkpt lat="-28.09433" lon="-71.14660"/><trkpt lat="-28.09503" lon="-71.14677"/><trkpt lat="-28.09633" lon="-71.14706"/><trkpt lat="-28.09924" lon="-71.14767"/><trkpt lat="-28.10092" lon="-71.14799"/><trkpt lat="-28.10124" lon="-71.14808"/><trkpt lat="-28.10171" lon="-71.14819"/><trkpt lat="-28.10208" lon="-71.14829"/><trkpt lat="-28.10253" lon="-71.14846"/><trkpt lat="-28.10301" lon="-71.14868"/><trkpt lat="-28.10375" lon="-71.14903"/><trkpt lat="-28.10424" lon="-71.14925"/><trkpt lat="-28.10586" lon="-71.15004"/><trkpt lat="-28.10654" lon="-71.15041"/><trkpt lat="-28.10782" lon="-71.15115"/><trkpt lat="-28.10951" lon="-71.15211"/><trkpt lat="-28.11046" lon="-71.15266"/><trkpt lat="-28.11288" lon="-71.15407"/><trkpt lat="-28.11437" lon="-71.15488"/><trkpt lat="-28.11530" lon="-71.15537"/><trkpt lat="-28.11584" lon="-71.15563"/><trkpt lat="-28.11923" lon="-71.15702"/><trkpt lat="-28.12285" lon="-71.15849"/><trkpt lat="-28.12462" lon="-71.15920"/><trkpt lat="-28.12951" lon="-71.16124"/><trkpt lat="-28.12982" lon="-71.16136"/><trkpt lat="-28.13016" lon="-71.16145"/><trkpt lat="-28.13051" lon="-71.16151"/><trkpt lat="-28.13086" lon="-71.16154"/><trkpt lat="-28.13122" lon="-71.16154"/><trkpt lat="-28.13155" lon="-71.16151"/><trkpt lat="-28.13188" lon="-71.16146"/><trkpt lat="-28.13219" lon="-71.16137"/><trkpt lat="-28.13353" lon="-71.16090"/><trkpt lat="-28.13821" lon="-71.15929"/><trkpt lat="-28.14419" lon="-71.15724"/><trkpt lat="-28.14620" lon="-71.15655"/><trkpt lat="-28.14877" lon="-71.15566"/><trkpt lat="-28.15038" lon="-71.15511"/><trkpt lat="-28.15080" lon="-71.15499"/><trkpt lat="-28.15128" lon="-71.15488"/><trkpt lat="-28.15182" lon="-71.15480"/><trkpt lat="-28.15235" lon="-71.15474"/><trkpt lat="-28.15388" lon="-71.15462"/><trkpt lat="-28.15850" lon="-71.15418"/><trkpt lat="-28.15908" lon="-71.15414"/><trkpt lat="-28.15942" lon="-71.15413"/><trkpt lat="-28.15980" lon="-71.15415"/><trkpt lat="-28.16020" lon="-71.15420"/><trkpt lat="-28.16061" lon="-71.15430"/><trkpt lat="-28.16238" lon="-71.15490"/><trkpt lat="-28.16308" lon="-71.15514"/><trkpt lat="-28.16421" lon="-71.15557"/><trkpt lat="-28.16579" lon="-71.15621"/><trkpt lat="-28.16718" lon="-71.15681"/><trkpt lat="-28.16929" lon="-71.15775"/><trkpt lat="-28.17012" lon="-71.15813"/><trkpt lat="-28.17036" lon="-71.15821"/><trkpt lat="-28.17060" lon="-71.15826"/><trkpt lat="-28.17084" lon="-71.15829"/><trkpt lat="-28.17777" lon="-71.15844"/><trkpt lat="-28.17887" lon="-71.15844"/><trkpt lat="-28.18004" lon="-71.15840"/><trkpt lat="-28.18237" lon="-71.15830"/><trkpt lat="-28.18272" lon="-71.15827"/><trkpt lat="-28.18310" lon="-71.15820"/><trkpt lat="-28.18347" lon="-71.15809"/><trkpt lat="-28.18678" lon="-71.15704"/><trkpt lat="-28.19150" lon="-71.15555"/><trkpt lat="-28.19700" lon="-71.15381"/><trkpt lat="-28.20027" lon="-71.15278"/><trkpt lat="-28.20589" lon="-71.15090"/><trkpt lat="-28.20661" lon="-71.15061"/><trkpt lat="-28.20734" lon="-71.15029"/><trkpt lat="-28.20839" lon="-71.14978"/><trkpt lat="-28.20978" lon="-71.14904"/><trkpt lat="-28.21022" lon="-71.14884"/><trkpt lat="-28.21069" lon="-71.14865"/><trkpt lat="-28.21119" lon="-71.14849"/><trkpt lat="-28.21145" lon="-71.14842"/><trkpt lat="-28.21183" lon="-71.14835"/><trkpt lat="-28.21223" lon="-71.14832"/><trkpt lat="-28.21262" lon="-71.14833"/><trkpt lat="-28.21319" lon="-71.14839"/><trkpt lat="-28.21376" lon="-71.14849"/><trkpt lat="-28.21441" lon="-71.14865"/><trkpt lat="-28.21763" lon="-71.14955"/><trkpt lat="-28.21878" lon="-71.14986"/><trkpt lat="-28.21913" lon="-71.14992"/><trkpt lat="-28.21950" lon="-71.14997"/><trkpt lat="-28.21990" lon="-71.14999"/><trkpt lat="-28.22035" lon="-71.14998"/><trkpt lat="-28.22071" lon="-71.14995"/><trkpt lat="-28.22107" lon="-71.14989"/><trkpt lat="-28.22141" lon="-71.14980"/><trkpt lat="-28.22181" lon="-71.14966"/><trkpt lat="-28.22226" lon="-71.14946"/><trkpt lat="-28.22267" lon="-71.14923"/><trkpt lat="-28.22302" lon="-71.14900"/><trkpt lat="-28.22336" lon="-71.14875"/><trkpt lat="-28.22425" lon="-71.14800"/><trkpt lat="-28.22455" lon="-71.14776"/><trkpt lat="-28.22487" lon="-71.14755"/><trkpt lat="-28.22520" lon="-71.14738"/><trkpt lat="-28.22559" lon="-71.14723"/><trkpt lat="-28.22595" lon="-71.14713"/><trkpt lat="-28.22625" lon="-71.14708"/><trkpt lat="-28.22652" lon="-71.14705"/><trkpt lat="-28.22695" lon="-71.14706"/><trkpt lat="-28.22739" lon="-71.14707"/><trkpt lat="-28.22783" lon="-71.14705"/><trkpt lat="-28.22825" lon="-71.14700"/><trkpt lat="-28.22865" lon="-71.14693"/><trkpt lat="-28.22905" lon="-71.14681"/><trkpt lat="-28.22946" lon="-71.14668"/><trkpt lat="-28.22991" lon="-71.14650"/><trkpt lat="-28.23034" lon="-71.14627"/><trkpt lat="-28.23074" lon="-71.14603"/><trkpt lat="-28.23108" lon="-71.14579"/><trkpt lat="-28.23254" lon="-71.14463"/><trkpt lat="-28.23294" lon="-71.14433"/><trkpt lat="-28.23319" lon="-71.14417"/><trkpt lat="-28.23347" lon="-71.14402"/><trkpt lat="-28.23377" lon="-71.14389"/><trkpt lat="-28.23411" lon="-71.14377"/><trkpt lat="-28.23443" lon="-71.14370"/><trkpt lat="-28.23471" lon="-71.14365"/><trkpt lat="-28.23831" lon="-71.14329"/><trkpt lat="-28.23977" lon="-71.14314"/><trkpt lat="-28.24181" lon="-71.14297"/><trkpt lat="-28.24218" lon="-71.14294"/><trkpt lat="-28.24258" lon="-71.14295"/><trkpt lat="-28.24301" lon="-71.14298"/><trkpt lat="-28.24338" lon="-71.14304"/><trkpt lat="-28.24377" lon="-71.14313"/><trkpt lat="-28.24425" lon="-71.14328"/><trkpt lat="-28.24476" lon="-71.14347"/><trkpt lat="-28.24595" lon="-71.14395"/><trkpt lat="-28.24668" lon="-71.14420"/><trkpt lat="-28.25120" lon="-71.14557"/><trkpt lat="-28.25626" lon="-71.14710"/><trkpt lat="-28.25943" lon="-71.14805"/><trkpt lat="-28.26107" lon="-71.14856"/><trkpt lat="-28.26182" lon="-71.14881"/><trkpt lat="-28.26245" lon="-71.14905"/><trkpt lat="-28.26292" lon="-71.14924"/><trkpt lat="-28.26332" lon="-71.14945"/><trkpt lat="-28.26412" lon="-71.14988"/><trkpt lat="-28.26483" lon="-71.15031"/><trkpt lat="-28.26703" lon="-71.15174"/><trkpt lat="-28.26893" lon="-71.15300"/><trkpt lat="-28.27014" lon="-71.15378"/><trkpt lat="-28.27128" lon="-71.15451"/><trkpt lat="-28.27193" lon="-71.15489"/><trkpt lat="-28.27249" lon="-71.15519"/><trkpt lat="-28.27311" lon="-71.15548"/><trkpt lat="-28.27382" lon="-71.15578"/><trkpt lat="-28.27447" lon="-71.15603"/><trkpt lat="-28.27502" lon="-71.15621"/><trkpt lat="-28.27563" lon="-71.15638"/><trkpt lat="-28.27644" lon="-71.15657"/><trkpt lat="-28.27722" lon="-71.15672"/><trkpt lat="-28.27799" lon="-71.15682"/><trkpt lat="-28.27869" lon="-71.15689"/><trkpt lat="-28.27933" lon="-71.15693"/><trkpt lat="-28.28631" lon="-71.15705"/><trkpt lat="-28.28947" lon="-71.15710"/><trkpt lat="-28.29066" lon="-71.15710"/><trkpt lat="-28.29183" lon="-71.15708"/><trkpt lat="-28.29488" lon="-71.15712"/><trkpt lat="-28.29644" lon="-71.15718"/><trkpt lat="-28.29707" lon="-71.15717"/><trkpt lat="-28.29768" lon="-71.15712"/><trkpt lat="-28.29826" lon="-71.15703"/><trkpt lat="-28.29883" lon="-71.15689"/><trkpt lat="-28.29949" lon="-71.15668"/><trkpt lat="-28.30005" lon="-71.15645"/><trkpt lat="-28.30064" lon="-71.15614"/><trkpt lat="-28.30172" lon="-71.15551"/><trkpt lat="-28.30327" lon="-71.15462"/><trkpt lat="-28.30398" lon="-71.15422"/><trkpt lat="-28.30434" lon="-71.15406"/><trkpt lat="-28.30507" lon="-71.15380"/><trkpt lat="-28.30671" lon="-71.15329"/><trkpt lat="-28.30718" lon="-71.15317"/><trkpt lat="-28.30770" lon="-71.15309"/><trkpt lat="-28.30824" lon="-71.15304"/><trkpt lat="-28.30871" lon="-71.15303"/><trkpt lat="-28.30951" lon="-71.15310"/><trkpt lat="-28.31105" lon="-71.15327"/><trkpt lat="-28.31266" lon="-71.15348"/><trkpt lat="-28.31422" lon="-71.15368"/><trkpt lat="-28.31459" lon="-71.15372"/><trkpt lat="-28.31490" lon="-71.15372"/><trkpt lat="-28.31523" lon="-71.15371"/><trkpt lat="-28.31554" lon="-71.15367"/><trkpt lat="-28.31578" lon="-71.15361"/><trkpt lat="-28.31606" lon="-71.15351"/><trkpt lat="-28.31634" lon="-71.15339"/><trkpt lat="-28.31661" lon="-71.15325"/><trkpt lat="-28.31688" lon="-71.15308"/><trkpt lat="-28.31753" lon="-71.15259"/><trkpt lat="-28.31854" lon="-71.15179"/><trkpt lat="-28.31926" lon="-71.15125"/><trkpt lat="-28.31960" lon="-71.15099"/><trkpt lat="-28.31978" lon="-71.15088"/><trkpt lat="-28.31999" lon="-71.15080"/><trkpt lat="-28.32037" lon="-71.15069"/><trkpt lat="-28.32097" lon="-71.15056"/><trkpt lat="-28.32131" lon="-71.15050"/><trkpt lat="-28.32153" lon="-71.15050"/><trkpt lat="-28.32171" lon="-71.15053"/><trkpt lat="-28.32192" lon="-71.15061"/><trkpt lat="-28.32210" lon="-71.15072"/><trkpt lat="-28.32231" lon="-71.15091"/><trkpt lat="-28.32322" lon="-71.15180"/><trkpt lat="-28.32356" lon="-71.15211"/><trkpt lat="-28.32397" lon="-71.15241"/><trkpt lat="-28.32448" lon="-71.15274"/><trkpt lat="-28.32618" lon="-71.15374"/><trkpt lat="-28.32749" lon="-71.15458"/><trkpt lat="-28.32851" lon="-71.15537"/><trkpt lat="-28.33074" lon="-71.15717"/><trkpt lat="-28.33168" lon="-71.15789"/><trkpt lat="-28.33222" lon="-71.15824"/><trkpt lat="-28.33261" lon="-71.15846"/><trkpt lat="-28.33310" lon="-71.15866"/><trkpt lat="-28.33364" lon="-71.15883"/><trkpt lat="-28.33405" lon="-71.15892"/><trkpt lat="-28.33437" lon="-71.15896"/><trkpt lat="-28.33500" lon="-71.15898"/><trkpt lat="-28.33928" lon="-71.15868"/><trkpt lat="-28.34485" lon="-71.15808"/><trkpt lat="-28.35306" lon="-71.15716"/><trkpt lat="-28.35411" lon="-71.15702"/><trkpt lat="-28.35503" lon="-71.15686"/><trkpt lat="-28.35572" lon="-71.15670"/><trkpt lat="-28.35622" lon="-71.15657"/><trkpt lat="-28.35707" lon="-71.15634"/><trkpt lat="-28.35765" lon="-71.15632"/><trkpt lat="-28.35767" lon="-71.15638"/><trkpt lat="-28.35772" lon="-71.15643"/><trkpt lat="-28.35778" lon="-71.15646"/><trkpt lat="-28.35794" lon="-71.15651"/><trkpt lat="-28.35805" lon="-71.15656"/><trkpt lat="-28.35815" lon="-71.15662"/><trkpt lat="-28.35831" lon="-71.15676"/><trkpt lat="-28.35845" lon="-71.15690"/><trkpt lat="-28.35862" lon="-71.15704"/><trkpt lat="-28.35875" lon="-71.15713"/><trkpt lat="-28.35903" lon="-71.15730"/><trkpt lat="-28.35929" lon="-71.15745"/><trkpt lat="-28.35950" lon="-71.15758"/><trkpt lat="-28.35990" lon="-71.15788"/><trkpt lat="-28.36031" lon="-71.15821"/><trkpt lat="-28.36077" lon="-71.15854"/><trkpt lat="-28.36203" lon="-71.15926"/><trkpt lat="-28.36360" lon="-71.16038"/><trkpt lat="-28.36429" lon="-71.16141"/><trkpt lat="-28.36592" lon="-71.16667"/><trkpt lat="-28.36626" lon="-71.16769"/><trkpt lat="-28.36655" lon="-71.16840"/><trkpt lat="-28.36673" lon="-71.16874"/><trkpt lat="-28.36749" lon="-71.16950"/><trkpt lat="-28.36870" lon="-71.17086"/><trkpt lat="-28.36927" lon="-71.17140"/><trkpt lat="-28.36976" lon="-71.17193"/><trkpt lat="-28.37190" lon="-71.17281"/><trkpt lat="-28.37278" lon="-71.17308"/><trkpt lat="-28.37456" lon="-71.17381"/><trkpt lat="-28.37660" lon="-71.17474"/><trkpt lat="-28.37777" lon="-71.17525"/><trkpt lat="-28.38026" lon="-71.17760"/><trkpt lat="-28.38062" lon="-71.17790"/><trkpt lat="-28.38030" lon="-71.17861"/><trkpt lat="-28.38021" lon="-71.17871"/><trkpt lat="-28.38017" lon="-71.17897"/><trkpt lat="-28.38023" lon="-71.17932"/><trkpt lat="-28.38030" lon="-71.17959"/><trkpt lat="-28.38051" lon="-71.17999"/><trkpt lat="-28.38072" lon="-71.18026"/><trkpt lat="-28.38092" lon="-71.18043"/><trkpt lat="-28.38112" lon="-71.18072"/><trkpt lat="-28.38122" lon="-71.18095"/><trkpt lat="-28.38136" lon="-71.18140"/><trkpt lat="-28.38192" lon="-71.18165"/><trkpt lat="-28.38280" lon="-71.18256"/><trkpt lat="-28.38314" lon="-71.18361"/><trkpt lat="-28.38345" lon="-71.18456"/><trkpt lat="-28.38399" lon="-71.18612"/><trkpt lat="-28.38509" lon="-71.18877"/><trkpt lat="-28.38527" lon="-71.18953"/><trkpt lat="-28.38645" lon="-71.18952"/><trkpt lat="-28.38814" lon="-71.18907"/><trkpt lat="-28.38937" lon="-71.18761"/><trkpt lat="-28.38998" lon="-71.18698"/><trkpt lat="-28.39018" lon="-71.18661"/><trkpt lat="-28.39034" lon="-71.18580"/><trkpt lat="-28.39355" lon="-71.18475"/><trkpt lat="-28.39842" lon="-71.18532"/><trkpt lat="-28.39897" lon="-71.18532"/><trkpt lat="-28.39923" lon="-71.18539"/><trkpt lat="-28.40002" lon="-71.18563"/><trkpt lat="-28.40317" lon="-71.18687"/><trkpt lat="-28.40496" lon="-71.18760"/><trkpt lat="-28.40597" lon="-71.18811"/><trkpt lat="-28.40642" lon="-71.18834"/><trkpt lat="-28.40666" lon="-71.18849"/><trkpt lat="-28.40687" lon="-71.18866"/><trkpt lat="-28.40701" lon="-71.18880"/><trkpt lat="-28.40816" lon="-71.19041"/><trkpt lat="-28.40853" lon="-71.19090"/><trkpt lat="-28.40894" lon="-71.19139"/><trkpt lat="-28.40938" lon="-71.19187"/><trkpt lat="-28.40964" lon="-71.19212"/><trkpt lat="-28.40991" lon="-71.19233"/><trkpt lat="-28.41018" lon="-71.19251"/><trkpt lat="-28.41047" lon="-71.19265"/><trkpt lat="-28.41190" lon="-71.19316"/><trkpt lat="-28.41367" lon="-71.19377"/><trkpt lat="-28.41721" lon="-71.19426"/><trkpt lat="-28.41816" lon="-71.19457"/><trkpt lat="-28.41853" lon="-71.19506"/><trkpt lat="-28.41921" lon="-71.19505"/><trkpt lat="-28.42013" lon="-71.19487"/><trkpt lat="-28.42600" lon="-71.19487"/><trkpt lat="-28.42629" lon="-71.19452"/><trkpt lat="-28.42637" lon="-71.19349"/><trkpt lat="-28.42755" lon="-71.19232"/><trkpt lat="-28.42950" lon="-71.19195"/><trkpt lat="-28.43159" lon="-71.19055"/><trkpt lat="-28.43319" lon="-71.19078"/><trkpt lat="-28.43673" lon="-71.19006"/><trkpt lat="-28.43784" lon="-71.18979"/><trkpt lat="-28.43914" lon="-71.18960"/><trkpt lat="-28.43941" lon="-71.18919"/><trkpt lat="-28.43967" lon="-71.18849"/><trkpt lat="-28.44155" lon="-71.18856"/><trkpt lat="-28.44642" lon="-71.18937"/><trkpt lat="-28.44682" lon="-71.18944"/><trkpt lat="-28.44714" lon="-71.18951"/><trkpt lat="-28.44740" lon="-71.18954"/><trkpt lat="-28.44767" lon="-71.18954"/><trkpt lat="-28.44795" lon="-71.18951"/><trkpt lat="-28.44825" lon="-71.18946"/><trkpt lat="-28.44870" lon="-71.18934"/><trkpt lat="-28.45007" lon="-71.18900"/><trkpt lat="-28.45027" lon="-71.18894"/><trkpt lat="-28.45043" lon="-71.18887"/><trkpt lat="-28.45060" lon="-71.18876"/><trkpt lat="-28.45097" lon="-71.18836"/><trkpt lat="-28.45412" lon="-71.18492"/><trkpt lat="-28.45511" lon="-71.18393"/><trkpt lat="-28.45532" lon="-71.18372"/><trkpt lat="-28.45555" lon="-71.18355"/><trkpt lat="-28.45577" lon="-71.18340"/><trkpt lat="-28.45693" lon="-71.18305"/><trkpt lat="-28.45721" lon="-71.18296"/><trkpt lat="-28.45745" lon="-71.18283"/><trkpt lat="-28.45764" lon="-71.18270"/><trkpt lat="-28.45782" lon="-71.18254"/><trkpt lat="-28.45798" lon="-71.18235"/><trkpt lat="-28.45813" lon="-71.18212"/><trkpt lat="-28.45826" lon="-71.18185"/><trkpt lat="-28.45930" lon="-71.17945"/><trkpt lat="-28.45938" lon="-71.17931"/><trkpt lat="-28.45948" lon="-71.17918"/><trkpt lat="-28.45960" lon="-71.17908"/><trkpt lat="-28.45976" lon="-71.17900"/><trkpt lat="-28.45994" lon="-71.17895"/><trkpt lat="-28.46008" lon="-71.17893"/><trkpt lat="-28.46022" lon="-71.17894"/><trkpt lat="-28.46036" lon="-71.17898"/><trkpt lat="-28.46050" lon="-71.17904"/><trkpt lat="-28.46212" lon="-71.17996"/><trkpt lat="-28.46281" lon="-71.18035"/><trkpt lat="-28.46301" lon="-71.18043"/><trkpt lat="-28.46324" lon="-71.18049"/><trkpt lat="-28.46578" lon="-71.18093"/><trkpt lat="-28.46586" lon="-71.18094"/><trkpt lat="-28.46595" lon="-71.18092"/><trkpt lat="-28.46604" lon="-71.18087"/><trkpt lat="-28.46715" lon="-71.18007"/><trkpt lat="-28.46727" lon="-71.17997"/><trkpt lat="-28.46738" lon="-71.17987"/><trkpt lat="-28.46749" lon="-71.17973"/><trkpt lat="-28.46782" lon="-71.17928"/><trkpt lat="-28.46941" lon="-71.17686"/><trkpt lat="-28.46947" lon="-71.17680"/><trkpt lat="-28.46956" lon="-71.17675"/><trkpt lat="-28.46964" lon="-71.17674"/><trkpt lat="-28.46974" lon="-71.17676"/><trkpt lat="-28.46983" lon="-71.17680"/><trkpt lat="-28.47052" lon="-71.17733"/><trkpt lat="-28.47186" lon="-71.17839"/><trkpt lat="-28.47189" lon="-71.17875"/><trkpt lat="-28.47134" lon="-71.17951"/><trkpt lat="-28.47081" lon="-71.18024"/><trkpt lat="-28.47081" lon="-71.18030"/><trkpt lat="-28.47085" lon="-71.18047"/><trkpt lat="-28.47086" lon="-71.18061"/><trkpt lat="-28.47083" lon="-71.18074"/><trkpt lat="-28.47069" lon="-71.18097"/><trkpt lat="-28.47052" lon="-71.18134"/><trkpt lat="-28.47031" lon="-71.18185"/><trkpt lat="-28.47025" lon="-71.18207"/><trkpt lat="-28.47024" lon="-71.18219"/><trkpt lat="-28.47024" lon="-71.18231"/><trkpt lat="-28.47028" lon="-71.18242"/><trkpt lat="-28.47033" lon="-71.18251"/><trkpt lat="-28.47040" lon="-71.18258"/><trkpt lat="-28.47084" lon="-71.18288"/><trkpt lat="-28.47024" lon="-71.18529"/><trkpt lat="-28.46974" lon="-71.18726"/><trkpt lat="-28.46873" lon="-71.19125"/><trkpt lat="-28.46784" lon="-71.19473"/><trkpt lat="-28.46674" lon="-71.19909"/><trkpt lat="-28.46610" lon="-71.20161"/><trkpt lat="-28.46598" lon="-71.20211"/><trkpt lat="-28.46593" lon="-71.20244"/><trkpt lat="-28.46590" lon="-71.20287"/><trkpt lat="-28.46582" lon="-71.20506"/><trkpt lat="-28.46582" lon="-71.20529"/><trkpt lat="-28.46585" lon="-71.20551"/><trkpt lat="-28.46605" lon="-71.20626"/><trkpt lat="-28.46669" lon="-71.20832"/><trkpt lat="-28.46673" lon="-71.20856"/><trkpt lat="-28.46675" lon="-71.20881"/><trkpt lat="-28.46675" lon="-71.20906"/><trkpt lat="-28.46657" lon="-71.20996"/><trkpt lat="-28.46614" lon="-71.21156"/><trkpt lat="-28.46598" lon="-71.21213"/><trkpt lat="-28.46583" lon="-71.21266"/><trkpt lat="-28.46561" lon="-71.21364"/><trkpt lat="-28.46557" lon="-71.21392"/><trkpt lat="-28.46555" lon="-71.21416"/><trkpt lat="-28.46554" lon="-71.21448"/><trkpt lat="-28.46555" lon="-71.21511"/><trkpt lat="-28.46557" lon="-71.21534"/><trkpt lat="-28.46560" lon="-71.21552"/><trkpt lat="-28.46563" lon="-71.21571"/><trkpt lat="-28.46569" lon="-71.21594"/><trkpt lat="-28.46572" lon="-71.21605"/><trkpt lat="-28.46580" lon="-71.21629"/><trkpt lat="-28.46592" lon="-71.21660"/><trkpt lat="-28.46605" lon="-71.21688"/><trkpt lat="-28.46616" lon="-71.21709"/><trkpt lat="-28.46611" lon="-71.21718"/><trkpt lat="-28.46607" lon="-71.21731"/><trkpt lat="-28.46592" lon="-71.21779"/><trkpt lat="-28.46546" lon="-71.21917"/><trkpt lat="-28.46532" lon="-71.21962"/><trkpt lat="-28.46513" lon="-71.22024"/><trkpt lat="-28.46475" lon="-71.22125"/><trkpt lat="-28.46455" lon="-71.22157"/><trkpt lat="-28.46436" lon="-71.22178"/><trkpt lat="-28.46426" lon="-71.22190"/><trkpt lat="-28.46372" lon="-71.22252"/><trkpt lat="-28.46318" lon="-71.22318"/><trkpt lat="-28.46257" lon="-71.22387"/><trkpt lat="-28.46173" lon="-71.22456"/><trkpt lat="-28.46122" lon="-71.22482"/><trkpt lat="-28.46117" lon="-71.22440"/><trkpt lat="-28.46104" lon="-71.22417"/><trkpt lat="-28.46095" lon="-71.22416"/><trkpt lat="-28.46073" lon="-71.22416"/><trkpt lat="-28.46052" lon="-71.22476"/><trkpt lat="-28.46070" lon="-71.22479"/><trkpt lat="-28.46093" lon="-71.22462"/><trkpt lat="-28.46111" lon="-71.22482"/><trkpt lat="-28.46122" lon="-71.22482"/><trkpt lat="-28.46139" lon="-71.22433"/><trkpt lat="-28.46154" lon="-71.22425"/><trkpt lat="-28.46214" lon="-71.22377"/><trkpt lat="-28.46263" lon="-71.22318"/><trkpt lat="-28.46294" lon="-71.22282"/><trkpt lat="-28.46341" lon="-71.22232"/><trkpt lat="-28.46387" lon="-71.22182"/><trkpt lat="-28.46416" lon="-71.22142"/><trkpt lat="-28.46431" lon="-71.22141"/><trkpt lat="-28.46440" lon="-71.22111"/><trkpt lat="-28.46451" lon="-71.22072"/><trkpt lat="-28.46477" lon="-71.22071"/><trkpt lat="-28.46485" lon="-71.22068"/><trkpt lat="-28.46507" lon="-71.22010"/><trkpt lat="-28.46532" lon="-71.21962"/><trkpt lat="-28.46546" lon="-71.21917"/><trkpt lat="-28.46592" lon="-71.21779"/><trkpt lat="-28.46607" lon="-71.21731"/><trkpt lat="-28.46611" lon="-71.21718"/><trkpt lat="-28.46616" lon="-71.21709"/><trkpt lat="-28.46605" lon="-71.21688"/><trkpt lat="-28.46592" lon="-71.21660"/><trkpt lat="-28.46580" lon="-71.21629"/><trkpt lat="-28.46572" lon="-71.21605"/><trkpt lat="-28.46569" lon="-71.21594"/><trkpt lat="-28.46563" lon="-71.21571"/><trkpt lat="-28.46560" lon="-71.21552"/><trkpt lat="-28.46557" lon="-71.21534"/><trkpt lat="-28.46555" lon="-71.21511"/><trkpt lat="-28.46554" lon="-71.21448"/><trkpt lat="-28.46555" lon="-71.21416"/><trkpt lat="-28.46557" lon="-71.21392"/><trkpt lat="-28.46561" lon="-71.21364"/><trkpt lat="-28.46583" lon="-71.21266"/><trkpt lat="-28.46598" lon="-71.21213"/><trkpt lat="-28.46614" lon="-71.21156"/><trkpt lat="-28.46657" lon="-71.20996"/><trkpt lat="-28.46675" lon="-71.20906"/><trkpt lat="-28.46675" lon="-71.20881"/><trkpt lat="-28.46673" lon="-71.20856"/><trkpt lat="-28.46669" lon="-71.20832"/><trkpt lat="-28.46605" lon="-71.20626"/><trkpt lat="-28.46585" lon="-71.20551"/><trkpt lat="-28.46582" lon="-71.20529"/><trkpt lat="-28.46582" lon="-71.20506"/><trkpt lat="-28.46590" lon="-71.20287"/><trkpt lat="-28.46593" lon="-71.20244"/><trkpt lat="-28.46598" lon="-71.20211"/><trkpt lat="-28.46610" lon="-71.20161"/><trkpt lat="-28.46674" lon="-71.19909"/><trkpt lat="-28.46784" lon="-71.19473"/><trkpt lat="-28.46873" lon="-71.19125"/><trkpt lat="-28.46974" lon="-71.18726"/><trkpt lat="-28.47024" lon="-71.18529"/><trkpt lat="-28.47084" lon="-71.18288"/><trkpt lat="-28.47112" lon="-71.18184"/><trkpt lat="-28.47118" lon="-71.18165"/><trkpt lat="-28.47128" lon="-71.18146"/><trkpt lat="-28.47139" lon="-71.18130"/><trkpt lat="-28.47169" lon="-71.18099"/><trkpt lat="-28.47229" lon="-71.18046"/><trkpt lat="-28.47269" lon="-71.18014"/><trkpt lat="-28.47329" lon="-71.17961"/><trkpt lat="-28.47349" lon="-71.17938"/><trkpt lat="-28.47390" lon="-71.17884"/><trkpt lat="-28.47443" lon="-71.17812"/><trkpt lat="-28.47540" lon="-71.17682"/><trkpt lat="-28.47705" lon="-71.17453"/><trkpt lat="-28.47781" lon="-71.17354"/><trkpt lat="-28.48023" lon="-71.17033"/><trkpt lat="-28.48082" lon="-71.16956"/><trkpt lat="-28.48127" lon="-71.16865"/><trkpt lat="-28.48165" lon="-71.16729"/><trkpt lat="-28.48184" lon="-71.16654"/><trkpt lat="-28.48234" lon="-71.16451"/><trkpt lat="-28.48302" lon="-71.16198"/><trkpt lat="-28.48381" lon="-71.16084"/><trkpt lat="-28.48443" lon="-71.15971"/><trkpt lat="-28.48493" lon="-71.15824"/><trkpt lat="-28.48570" lon="-71.15745"/><trkpt lat="-28.48578" lon="-71.15743"/><trkpt lat="-28.48586" lon="-71.15738"/><trkpt lat="-28.48592" lon="-71.15732"/><trkpt lat="-28.48597" lon="-71.15724"/><trkpt lat="-28.48628" lon="-71.15664"/><trkpt lat="-28.48667" lon="-71.15634"/><trkpt lat="-28.48819" lon="-71.15618"/><trkpt lat="-28.48913" lon="-71.15608"/><trkpt lat="-28.49083" lon="-71.15669"/><trkpt lat="-28.49181" lon="-71.15645"/><trkpt lat="-28.49278" lon="-71.15596"/><trkpt lat="-28.49428" lon="-71.15584"/><trkpt lat="-28.49648" lon="-71.15656"/><trkpt lat="-28.49875" lon="-71.15856"/><trkpt lat="-28.50093" lon="-71.16028"/><trkpt lat="-28.50140" lon="-71.16096"/><trkpt lat="-28.50361" lon="-71.16234"/><trkpt lat="-28.50498" lon="-71.16312"/><trkpt lat="-28.50690" lon="-71.16369"/><trkpt lat="-28.50821" lon="-71.16399"/><trkpt lat="-28.50918" lon="-71.16535"/><trkpt lat="-28.51210" lon="-71.16605"/><trkpt lat="-28.51290" lon="-71.16625"/><trkpt lat="-28.51471" lon="-71.16664"/><trkpt lat="-28.51648" lon="-71.16729"/><trkpt lat="-28.51687" lon="-71.16718"/><trkpt lat="-28.51847" lon="-71.16722"/><trkpt lat="-28.51872" lon="-71.16721"/><trkpt lat="-28.51897" lon="-71.16718"/><trkpt lat="-28.51930" lon="-71.16709"/><trkpt lat="-28.51949" lon="-71.16704"/><trkpt lat="-28.51970" lon="-71.16702"/><trkpt lat="-28.51991" lon="-71.16702"/><trkpt lat="-28.52020" lon="-71.16703"/><trkpt lat="-28.52040" lon="-71.16701"/><trkpt lat="-28.52091" lon="-71.16691"/><trkpt lat="-28.52112" lon="-71.16687"/><trkpt lat="-28.52129" lon="-71.16687"/><trkpt lat="-28.52144" lon="-71.16689"/><trkpt lat="-28.52158" lon="-71.16693"/><trkpt lat="-28.52170" lon="-71.16700"/><trkpt lat="-28.52181" lon="-71.16709"/><trkpt lat="-28.52207" lon="-71.16735"/><trkpt lat="-28.52218" lon="-71.16744"/><trkpt lat="-28.52230" lon="-71.16751"/><trkpt lat="-28.52243" lon="-71.16755"/><trkpt lat="-28.52262" lon="-71.16761"/><trkpt lat="-28.52271" lon="-71.16766"/><trkpt lat="-28.52277" lon="-71.16772"/><trkpt lat="-28.52282" lon="-71.16779"/><trkpt lat="-28.52285" lon="-71.16788"/><trkpt lat="-28.52286" lon="-71.16797"/><trkpt lat="-28.52285" lon="-71.16824"/><trkpt lat="-28.52286" lon="-71.16839"/><trkpt lat="-28.52291" lon="-71.16847"/><trkpt lat="-28.52297" lon="-71.16852"/><trkpt lat="-28.52305" lon="-71.16853"/><trkpt lat="-28.52336" lon="-71.16851"/><trkpt lat="-28.52362" lon="-71.16852"/><trkpt lat="-28.52389" lon="-71.16856"/><trkpt lat="-28.52427" lon="-71.16864"/><trkpt lat="-28.52460" lon="-71.16873"/><trkpt lat="-28.52558" lon="-71.16919"/><trkpt lat="-28.52576" lon="-71.16953"/><trkpt lat="-28.52592" lon="-71.16988"/><trkpt lat="-28.52639" lon="-71.17100"/><trkpt lat="-28.52676" lon="-71.17173"/><trkpt lat="-28.52714" lon="-71.17248"/><trkpt lat="-28.52814" lon="-71.17365"/><trkpt lat="-28.52883" lon="-71.17437"/><trkpt lat="-28.52957" lon="-71.17466"/><trkpt lat="-28.52996" lon="-71.17484"/><trkpt lat="-28.53006" lon="-71.17525"/><trkpt lat="-28.53143" lon="-71.17716"/><trkpt lat="-28.53338" lon="-71.17850"/><trkpt lat="-28.53402" lon="-71.17867"/><trkpt lat="-28.53484" lon="-71.17882"/><trkpt lat="-28.53520" lon="-71.17910"/><trkpt lat="-28.53602" lon="-71.17922"/><trkpt lat="-28.53710" lon="-71.17966"/><trkpt lat="-28.53757" lon="-71.17987"/><trkpt lat="-28.53795" lon="-71.17993"/><trkpt lat="-28.53820" lon="-71.18008"/><trkpt lat="-28.53878" lon="-71.18065"/><trkpt lat="-28.53949" lon="-71.18104"/><trkpt lat="-28.54030" lon="-71.18131"/><trkpt lat="-28.54067" lon="-71.18141"/><trkpt lat="-28.54084" lon="-71.18156"/><trkpt lat="-28.54095" lon="-71.18182"/><trkpt lat="-28.54111" lon="-71.18212"/><trkpt lat="-28.54300" lon="-71.18347"/><trkpt lat="-28.54315" lon="-71.18354"/><trkpt lat="-28.54347" lon="-71.18364"/><trkpt lat="-28.54379" lon="-71.18402"/><trkpt lat="-28.54429" lon="-71.18533"/><trkpt lat="-28.54440" lon="-71.18547"/><trkpt lat="-28.54450" lon="-71.18559"/><trkpt lat="-28.54453" lon="-71.18579"/><trkpt lat="-28.54452" lon="-71.18596"/><trkpt lat="-28.54487" lon="-71.18660"/><trkpt lat="-28.54578" lon="-71.18732"/><trkpt lat="-28.54659" lon="-71.18790"/><trkpt lat="-28.54681" lon="-71.18810"/><trkpt lat="-28.54709" lon="-71.18842"/><trkpt lat="-28.54748" lon="-71.18854"/><trkpt lat="-28.54879" lon="-71.18928"/><trkpt lat="-28.54922" lon="-71.18947"/><trkpt lat="-28.54964" lon="-71.18939"/><trkpt lat="-28.55013" lon="-71.18923"/><trkpt lat="-28.55066" lon="-71.18928"/><trkpt lat="-28.55096" lon="-71.18948"/><trkpt lat="-28.55113" lon="-71.18960"/><trkpt lat="-28.55157" lon="-71.18961"/><trkpt lat="-28.55257" lon="-71.18911"/><trkpt lat="-28.55354" lon="-71.18915"/><trkpt lat="-28.55380" lon="-71.18923"/><trkpt lat="-28.55413" lon="-71.18937"/><trkpt lat="-28.55433" lon="-71.18962"/><trkpt lat="-28.55455" lon="-71.18977"/><trkpt lat="-28.55483" lon="-71.19024"/><trkpt lat="-28.55505" lon="-71.19204"/><trkpt lat="-28.55533" lon="-71.19247"/><trkpt lat="-28.55593" lon="-71.19318"/><trkpt lat="-28.55632" lon="-71.19342"/><trkpt lat="-28.55675" lon="-71.19379"/><trkpt lat="-28.55709" lon="-71.19403"/><trkpt lat="-28.55739" lon="-71.19440"/><trkpt lat="-28.55779" lon="-71.19512"/><trkpt lat="-28.55797" lon="-71.19635"/><trkpt lat="-28.55788" lon="-71.19671"/><trkpt lat="-28.55790" lon="-71.19698"/><trkpt lat="-28.55796" lon="-71.19737"/><trkpt lat="-28.55782" lon="-71.19776"/><trkpt lat="-28.55773" lon="-71.19822"/><trkpt lat="-28.55797" lon="-71.19844"/><trkpt lat="-28.55907" lon="-71.19900"/><trkpt lat="-28.55962" lon="-71.19922"/><trkpt lat="-28.56001" lon="-71.19927"/><trkpt lat="-28.56026" lon="-71.19939"/><trkpt lat="-28.56039" lon="-71.19947"/><trkpt lat="-28.56060" lon="-71.19944"/><trkpt lat="-28.56094" lon="-71.19953"/><trkpt lat="-28.56147" lon="-71.20023"/><trkpt lat="-28.56239" lon="-71.20051"/><trkpt lat="-28.56287" lon="-71.20083"/><trkpt lat="-28.56319" lon="-71.20096"/><trkpt lat="-28.56391" lon="-71.20145"/><trkpt lat="-28.56443" lon="-71.20159"/><trkpt lat="-28.56556" lon="-71.20260"/><trkpt lat="-28.56580" lon="-71.20308"/><trkpt lat="-28.56580" lon="-71.20356"/><trkpt lat="-28.56605" lon="-71.20390"/><trkpt lat="-28.56615" lon="-71.20450"/><trkpt lat="-28.56607" lon="-71.20480"/><trkpt lat="-28.56603" lon="-71.20498"/><trkpt lat="-28.56622" lon="-71.20522"/><trkpt lat="-28.56656" lon="-71.20546"/><trkpt lat="-28.56683" lon="-71.20572"/><trkpt lat="-28.56705" lon="-71.20602"/><trkpt lat="-28.56710" lon="-71.20648"/><trkpt lat="-28.56706" lon="-71.20677"/><trkpt lat="-28.56719" lon="-71.20701"/><trkpt lat="-28.56801" lon="-71.20757"/><trkpt lat="-28.56847" lon="-71.20786"/><trkpt lat="-28.56906" lon="-71.20814"/><trkpt lat="-28.56946" lon="-71.20834"/><trkpt lat="-28.57009" lon="-71.20884"/><trkpt lat="-28.57035" lon="-71.20940"/><trkpt lat="-28.57039" lon="-71.21003"/><trkpt lat="-28.57045" lon="-71.21028"/><trkpt lat="-28.57092" lon="-71.21090"/><trkpt lat="-28.57090" lon="-71.21146"/><trkpt lat="-28.57095" lon="-71.21173"/><trkpt lat="-28.57104" lon="-71.21203"/><trkpt lat="-28.57082" lon="-71.21235"/><trkpt lat="-28.57077" lon="-71.21255"/><trkpt lat="-28.57080" lon="-71.21344"/><trkpt lat="-28.57080" lon="-71.21434"/><trkpt lat="-28.57187" lon="-71.21648"/><trkpt lat="-28.57324" lon="-71.21744"/><trkpt lat="-28.57398" lon="-71.21757"/><trkpt lat="-28.57542" lon="-71.21974"/><trkpt lat="-28.57562" lon="-71.21994"/><trkpt lat="-28.57613" lon="-71.22021"/><trkpt lat="-28.57628" lon="-71.22033"/><trkpt lat="-28.57639" lon="-71.22068"/><trkpt lat="-28.57618" lon="-71.22253"/><trkpt lat="-28.57621" lon="-71.22281"/><trkpt lat="-28.57756" lon="-71.22526"/><trkpt lat="-28.58025" lon="-71.22760"/><trkpt lat="-28.58137" lon="-71.23033"/><trkpt lat="-28.58152" lon="-71.23416"/><trkpt lat="-28.58154" lon="-71.23620"/><trkpt lat="-28.58161" lon="-71.23654"/><trkpt lat="-28.58240" lon="-71.23774"/><trkpt lat="-28.58281" lon="-71.23879"/><trkpt lat="-28.58339" lon="-71.23965"/><trkpt lat="-28.58522" lon="-71.24326"/><trkpt lat="-28.58655" lon="-71.24642"/><trkpt lat="-28.58658" lon="-71.24675"/><trkpt lat="-28.58633" lon="-71.24833"/><trkpt lat="-28.58530" lon="-71.25024"/><trkpt lat="-28.58519" lon="-71.25066"/><trkpt lat="-28.58552" lon="-71.25324"/><trkpt lat="-28.58541" lon="-71.25531"/><trkpt lat="-28.58522" lon="-71.25590"/><trkpt lat="-28.58513" lon="-71.25645"/><trkpt lat="-28.58523" lon="-71.25794"/><trkpt lat="-28.58538" lon="-71.25835"/><trkpt lat="-28.58634" lon="-71.25960"/><trkpt lat="-28.58732" lon="-71.26049"/><trkpt lat="-28.58758" lon="-71.26079"/><trkpt lat="-28.58756" lon="-71.26127"/><trkpt lat="-28.58741" lon="-71.26170"/><trkpt lat="-28.58731" lon="-71.26303"/><trkpt lat="-28.58708" lon="-71.26337"/><trkpt lat="-28.58696" lon="-71.26377"/><trkpt lat="-28.58688" lon="-71.26412"/><trkpt lat="-28.58568" lon="-71.26647"/><trkpt lat="-28.58559" lon="-71.26664"/><trkpt lat="-28.58564" lon="-71.26719"/><trkpt lat="-28.58556" lon="-71.26739"/><trkpt lat="-28.58511" lon="-71.26792"/><trkpt lat="-28.58490" lon="-71.26879"/><trkpt lat="-28.58434" lon="-71.26991"/><trkpt lat="-28.58422" lon="-71.27246"/><trkpt lat="-28.58382" lon="-71.27452"/><trkpt lat="-28.58296" lon="-71.27647"/><trkpt lat="-28.58246" lon="-71.27783"/><trkpt lat="-28.58129" lon="-71.27936"/><trkpt lat="-28.58115" lon="-71.27956"/><trkpt lat="-28.58112" lon="-71.27975"/><trkpt lat="-28.58119" lon="-71.28006"/><trkpt lat="-28.58140" lon="-71.28048"/><trkpt lat="-28.58141" lon="-71.28093"/><trkpt lat="-28.58140" lon="-71.28127"/><trkpt lat="-28.58199" lon="-71.28291"/><trkpt lat="-28.58205" lon="-71.28343"/><trkpt lat="-28.58191" lon="-71.28377"/><trkpt lat="-28.58167" lon="-71.28406"/><trkpt lat="-28.58137" lon="-71.28471"/><trkpt lat="-28.58118" lon="-71.28508"/><trkpt lat="-28.58059" lon="-71.28520"/><trkpt lat="-28.58049" lon="-71.28530"/><trkpt lat="-28.58073" lon="-71.28636"/><trkpt lat="-28.58111" lon="-71.28806"/><trkpt lat="-28.58092" lon="-71.28826"/><trkpt lat="-28.57998" lon="-71.28865"/><trkpt lat="-28.57989" lon="-71.28886"/><trkpt lat="-28.57996" lon="-71.28914"/><trkpt lat="-28.58079" lon="-71.29002"/><trkpt lat="-28.58125" lon="-71.29023"/><trkpt lat="-28.58190" lon="-71.28993"/><trkpt lat="-28.58348" lon="-71.28847"/><trkpt lat="-28.58505" lon="-71.28779"/><trkpt lat="-28.58622" lon="-71.28780"/><trkpt lat="-28.58908" lon="-71.28809"/><trkpt lat="-28.59270" lon="-71.28645"/><trkpt lat="-28.59302" lon="-71.28626"/><trkpt lat="-28.59332" lon="-71.28603"/><trkpt lat="-28.59359" lon="-71.28578"/><trkpt lat="-28.59384" lon="-71.28549"/><trkpt lat="-28.59590" lon="-71.28293"/><trkpt lat="-28.59735" lon="-71.28105"/><trkpt lat="-28.59753" lon="-71.28084"/><trkpt lat="-28.59773" lon="-71.28064"/><trkpt lat="-28.59793" lon="-71.28045"/><trkpt lat="-28.59873" lon="-71.27984"/><trkpt lat="-28.59909" lon="-71.27962"/><trkpt lat="-28.59942" lon="-71.27944"/><trkpt lat="-28.59973" lon="-71.27931"/><trkpt lat="-28.60081" lon="-71.27892"/><trkpt lat="-28.60226" lon="-71.27844"/><trkpt lat="-28.60363" lon="-71.27799"/><trkpt lat="-28.60426" lon="-71.27775"/><trkpt lat="-28.60466" lon="-71.27757"/><trkpt lat="-28.60539" lon="-71.27719"/><trkpt lat="-28.60593" lon="-71.27682"/><trkpt lat="-28.60722" lon="-71.27584"/><trkpt lat="-28.60831" lon="-71.27495"/><trkpt lat="-28.61004" lon="-71.27354"/><trkpt lat="-28.61096" lon="-71.27286"/><trkpt lat="-28.61160" lon="-71.27244"/><trkpt lat="-28.61214" lon="-71.27214"/><trkpt lat="-28.61266" lon="-71.27190"/><trkpt lat="-28.61356" lon="-71.27154"/><trkpt lat="-28.61372" lon="-71.27151"/><trkpt lat="-28.61389" lon="-71.27151"/><trkpt lat="-28.61404" lon="-71.27155"/><trkpt lat="-28.61454" lon="-71.27181"/><trkpt lat="-28.61578" lon="-71.27257"/><trkpt lat="-28.61775" lon="-71.27374"/><trkpt lat="-28.61905" lon="-71.27451"/><trkpt lat="-28.61920" lon="-71.27456"/><trkpt lat="-28.61935" lon="-71.27457"/><trkpt lat="-28.61948" lon="-71.27455"/><trkpt lat="-28.61961" lon="-71.27450"/><trkpt lat="-28.61982" lon="-71.27436"/><trkpt lat="-28.61998" lon="-71.27424"/><trkpt lat="-28.62015" lon="-71.27416"/><trkpt lat="-28.62065" lon="-71.27403"/><trkpt lat="-28.62079" lon="-71.27398"/><trkpt lat="-28.62093" lon="-71.27391"/><trkpt lat="-28.62127" lon="-71.27365"/><trkpt lat="-28.62171" lon="-71.27330"/><trkpt lat="-28.62197" lon="-71.27306"/><trkpt lat="-28.62223" lon="-71.27278"/><trkpt lat="-28.62271" lon="-71.27219"/><trkpt lat="-28.62305" lon="-71.27183"/><trkpt lat="-28.62326" lon="-71.27167"/><trkpt lat="-28.62337" lon="-71.27164"/><trkpt lat="-28.62348" lon="-71.27164"/><trkpt lat="-28.62357" lon="-71.27168"/><trkpt lat="-28.62390" lon="-71.27190"/><trkpt lat="-28.62402" lon="-71.27200"/><trkpt lat="-28.62414" lon="-71.27213"/><trkpt lat="-28.62437" lon="-71.27239"/><trkpt lat="-28.62451" lon="-71.27250"/><trkpt lat="-28.62463" lon="-71.27255"/><trkpt lat="-28.62495" lon="-71.27264"/><trkpt lat="-28.62513" lon="-71.27268"/><trkpt lat="-28.62528" lon="-71.27269"/><trkpt lat="-28.62542" lon="-71.27268"/><trkpt lat="-28.62569" lon="-71.27263"/><trkpt lat="-28.62583" lon="-71.27265"/><trkpt lat="-28.62593" lon="-71.27269"/><trkpt lat="-28.62607" lon="-71.27280"/><trkpt lat="-28.62616" lon="-71.27287"/><trkpt lat="-28.62628" lon="-71.27293"/><trkpt lat="-28.62646" lon="-71.27297"/><trkpt lat="-28.62657" lon="-71.27300"/><trkpt lat="-28.62666" lon="-71.27306"/><trkpt lat="-28.62674" lon="-71.27313"/><trkpt lat="-28.62689" lon="-71.27336"/><trkpt lat="-28.62697" lon="-71.27345"/><trkpt lat="-28.62706" lon="-71.27351"/><trkpt lat="-28.62717" lon="-71.27354"/><trkpt lat="-28.62729" lon="-71.27355"/><trkpt lat="-28.62741" lon="-71.27354"/><trkpt lat="-28.62790" lon="-71.27340"/><trkpt lat="-28.62806" lon="-71.27335"/><trkpt lat="-28.62825" lon="-71.27324"/><trkpt lat="-28.62848" lon="-71.27309"/><trkpt lat="-28.62855" lon="-71.27308"/><trkpt lat="-28.62862" lon="-71.27310"/><trkpt lat="-28.62867" lon="-71.27316"/><trkpt lat="-28.62877" lon="-71.27329"/><trkpt lat="-28.62886" lon="-71.27337"/><trkpt lat="-28.62897" lon="-71.27342"/><trkpt lat="-28.62921" lon="-71.27345"/><trkpt lat="-28.62939" lon="-71.27349"/><trkpt lat="-28.62955" lon="-71.27356"/><trkpt lat="-28.62969" lon="-71.27365"/><trkpt lat="-28.62998" lon="-71.27386"/><trkpt lat="-28.63010" lon="-71.27391"/><trkpt lat="-28.63021" lon="-71.27393"/><trkpt lat="-28.63060" lon="-71.27393"/><trkpt lat="-28.63101" lon="-71.27396"/><trkpt lat="-28.63118" lon="-71.27397"/><trkpt lat="-28.63137" lon="-71.27395"/><trkpt lat="-28.63173" lon="-71.27389"/><trkpt lat="-28.63197" lon="-71.27387"/><trkpt lat="-28.63224" lon="-71.27388"/><trkpt lat="-28.63299" lon="-71.27399"/><trkpt lat="-28.63371" lon="-71.27410"/><trkpt lat="-28.63432" lon="-71.27437"/><trkpt lat="-28.63499" lon="-71.27487"/><trkpt lat="-28.63545" lon="-71.27543"/><trkpt lat="-28.63595" lon="-71.27588"/><trkpt lat="-28.63645" lon="-71.27640"/><trkpt lat="-28.63715" lon="-71.27678"/><trkpt lat="-28.63769" lon="-71.27718"/><trkpt lat="-28.63790" lon="-71.27766"/><trkpt lat="-28.63775" lon="-71.27812"/><trkpt lat="-28.63760" lon="-71.27855"/><trkpt lat="-28.63737" lon="-71.27893"/><trkpt lat="-28.63723" lon="-71.27913"/><trkpt lat="-28.63730" lon="-71.27937"/><trkpt lat="-28.63787" lon="-71.27990"/><trkpt lat="-28.63855" lon="-71.28041"/><trkpt lat="-28.63900" lon="-71.28058"/><trkpt lat="-28.63921" lon="-71.28077"/><trkpt lat="-28.63960" lon="-71.28118"/><trkpt lat="-28.64049" lon="-71.28167"/><trkpt lat="-28.64085" lon="-71.28176"/><trkpt lat="-28.64118" lon="-71.28200"/><trkpt lat="-28.64160" lon="-71.28228"/><trkpt lat="-28.64179" lon="-71.28246"/><trkpt lat="-28.64197" lon="-71.28272"/><trkpt lat="-28.64230" lon="-71.28304"/><trkpt lat="-28.64280" lon="-71.28344"/><trkpt lat="-28.64318" lon="-71.28360"/><trkpt lat="-28.64343" lon="-71.28376"/><trkpt lat="-28.64358" lon="-71.28405"/><trkpt lat="-28.64373" lon="-71.28427"/><trkpt lat="-28.64401" lon="-71.28461"/><trkpt lat="-28.64422" lon="-71.28506"/><trkpt lat="-28.64457" lon="-71.28578"/><trkpt lat="-28.64476" lon="-71.28591"/><trkpt lat="-28.64495" lon="-71.28588"/><trkpt lat="-28.64519" lon="-71.28582"/><trkpt lat="-28.64547" lon="-71.28607"/><trkpt lat="-28.64570" lon="-71.28660"/><trkpt lat="-28.64595" lon="-71.28692"/><trkpt lat="-28.64642" lon="-71.28726"/><trkpt lat="-28.64665" lon="-71.28747"/><trkpt lat="-28.64686" lon="-71.28784"/><trkpt lat="-28.64714" lon="-71.28830"/><trkpt lat="-28.64734" lon="-71.28852"/><trkpt lat="-28.64772" lon="-71.28869"/><trkpt lat="-28.64803" lon="-71.28882"/><trkpt lat="-28.64824" lon="-71.28902"/><trkpt lat="-28.64850" lon="-71.28916"/><trkpt lat="-28.64903" lon="-71.28931"/><trkpt lat="-28.64926" lon="-71.28947"/><trkpt lat="-28.64941" lon="-71.28955"/><trkpt lat="-28.64962" lon="-71.28951"/><trkpt lat="-28.64986" lon="-71.28950"/><trkpt lat="-28.65030" lon="-71.28965"/><trkpt lat="-28.65048" lon="-71.28970"/><trkpt lat="-28.65096" lon="-71.28972"/><trkpt lat="-28.65136" lon="-71.28979"/><trkpt lat="-28.65163" lon="-71.28971"/><trkpt lat="-28.65184" lon="-71.28953"/><trkpt lat="-28.65201" lon="-71.28929"/><trkpt lat="-28.65227" lon="-71.28912"/><trkpt lat="-28.65256" lon="-71.28914"/><trkpt lat="-28.65291" lon="-71.28924"/><trkpt lat="-28.65326" lon="-71.28925"/><trkpt lat="-28.65397" lon="-71.28951"/><trkpt lat="-28.65462" lon="-71.28966"/><trkpt lat="-28.65486" lon="-71.28964"/><trkpt lat="-28.65513" lon="-71.28948"/><trkpt lat="-28.65529" lon="-71.28930"/><trkpt lat="-28.65539" lon="-71.28909"/><trkpt lat="-28.65545" lon="-71.28880"/><trkpt lat="-28.65558" lon="-71.28863"/><trkpt lat="-28.65578" lon="-71.28863"/><trkpt lat="-28.65595" lon="-71.28867"/><trkpt lat="-28.65608" lon="-71.28865"/><trkpt lat="-28.65614" lon="-71.28864"/><trkpt lat="-28.65633" lon="-71.28863"/><trkpt lat="-28.65652" lon="-71.28867"/><trkpt lat="-28.65674" lon="-71.28877"/><trkpt lat="-28.65702" lon="-71.28883"/><trkpt lat="-28.65733" lon="-71.28880"/><trkpt lat="-28.65745" lon="-71.28864"/><trkpt lat="-28.65761" lon="-71.28849"/><trkpt lat="-28.65773" lon="-71.28839"/><trkpt lat="-28.65777" lon="-71.28832"/><trkpt lat="-28.65780" lon="-71.28824"/><trkpt lat="-28.65780" lon="-71.28814"/><trkpt lat="-28.65779" lon="-71.28778"/><trkpt lat="-28.65780" lon="-71.28768"/><trkpt lat="-28.65808" lon="-71.28794"/><trkpt lat="-28.65824" lon="-71.28807"/><trkpt lat="-28.65837" lon="-71.28815"/><trkpt lat="-28.65845" lon="-71.28823"/><trkpt lat="-28.65854" lon="-71.28835"/><trkpt lat="-28.65823" lon="-71.28845"/><trkpt lat="-28.65796" lon="-71.28866"/><trkpt lat="-28.65779" lon="-71.28888"/><trkpt lat="-28.65767" lon="-71.28890"/><trkpt lat="-28.65730" lon="-71.28886"/><trkpt lat="-28.65686" lon="-71.28881"/><trkpt lat="-28.65663" lon="-71.28872"/><trkpt lat="-28.65642" lon="-71.28864"/><trkpt lat="-28.65624" lon="-71.28863"/><trkpt lat="-28.65608" lon="-71.28865"/><trkpt lat="-28.65595" lon="-71.28867"/><trkpt lat="-28.65578" lon="-71.28863"/><trkpt lat="-28.65558" lon="-71.28863"/><trkpt lat="-28.65545" lon="-71.28880"/><trkpt lat="-28.65539" lon="-71.28909"/><trkpt lat="-28.65529" lon="-71.28930"/><trkpt lat="-28.65513" lon="-71.28948"/><trkpt lat="-28.65486" lon="-71.28964"/><trkpt lat="-28.65462" lon="-71.28966"/><trkpt lat="-28.65397" lon="-71.28951"/><trkpt lat="-28.65326" lon="-71.28925"/><trkpt lat="-28.65291" lon="-71.28924"/><trkpt lat="-28.65256" lon="-71.28914"/><trkpt lat="-28.65227" lon="-71.28912"/><trkpt lat="-28.65201" lon="-71.28929"/><trkpt lat="-28.65184" lon="-71.28953"/><trkpt lat="-28.65163" lon="-71.28971"/><trkpt lat="-28.65136" lon="-71.28979"/><trkpt lat="-28.65096" lon="-71.28972"/><trkpt lat="-28.65048" lon="-71.28970"/><trkpt lat="-28.65030" lon="-71.28965"/><trkpt lat="-28.64986" lon="-71.28950"/><trkpt lat="-28.64962" lon="-71.28951"/><trkpt lat="-28.64941" lon="-71.28955"/><trkpt lat="-28.64926" lon="-71.28947"/><trkpt lat="-28.64903" lon="-71.28931"/><trkpt lat="-28.64850" lon="-71.28916"/><trkpt lat="-28.64824" lon="-71.28902"/><trkpt lat="-28.64803" lon="-71.28882"/><trkpt lat="-28.64772" lon="-71.28869"/><trkpt lat="-28.64734" lon="-71.28852"/><trkpt lat="-28.64714" lon="-71.28830"/><trkpt lat="-28.64686" lon="-71.28784"/><trkpt lat="-28.64665" lon="-71.28747"/><trkpt lat="-28.64642" lon="-71.28726"/><trkpt lat="-28.64595" lon="-71.28692"/><trkpt lat="-28.64570" lon="-71.28660"/><trkpt lat="-28.64547" lon="-71.28607"/><trkpt lat="-28.64519" lon="-71.28582"/><trkpt lat="-28.64495" lon="-71.28588"/><trkpt lat="-28.64476" lon="-71.28591"/><trkpt lat="-28.64457" lon="-71.28578"/><trkpt lat="-28.64422" lon="-71.28506"/><trkpt lat="-28.64401" lon="-71.28461"/><trkpt lat="-28.64373" lon="-71.28427"/><trkpt lat="-28.64358" lon="-71.28405"/><trkpt lat="-28.64343" lon="-71.28376"/><trkpt lat="-28.64318" lon="-71.28360"/><trkpt lat="-28.64280" lon="-71.28344"/><trkpt lat="-28.64230" lon="-71.28304"/><trkpt lat="-28.64197" lon="-71.28272"/><trkpt lat="-28.64179" lon="-71.28246"/><trkpt lat="-28.64160" lon="-71.28228"/><trkpt lat="-28.64118" lon="-71.28200"/><trkpt lat="-28.64085" lon="-71.28176"/><trkpt lat="-28.64049" lon="-71.28167"/><trkpt lat="-28.63960" lon="-71.28118"/><trkpt lat="-28.63921" lon="-71.28077"/><trkpt lat="-28.63900" lon="-71.28058"/><trkpt lat="-28.63855" lon="-71.28041"/><trkpt lat="-28.63787" lon="-71.27990"/><trkpt lat="-28.63730" lon="-71.27937"/><trkpt lat="-28.63723" lon="-71.27913"/><trkpt lat="-28.63737" lon="-71.27893"/><trkpt lat="-28.63760" lon="-71.27855"/><trkpt lat="-28.63775" lon="-71.27812"/><trkpt lat="-28.63790" lon="-71.27766"/><trkpt lat="-28.63769" lon="-71.27718"/><trkpt lat="-28.63715" lon="-71.27678"/><trkpt lat="-28.63645" lon="-71.27640"/><trkpt lat="-28.63595" lon="-71.27588"/><trkpt lat="-28.63545" lon="-71.27543"/><trkpt lat="-28.63499" lon="-71.27487"/><trkpt lat="-28.63432" lon="-71.27437"/><trkpt lat="-28.63371" lon="-71.27410"/><trkpt lat="-28.63299" lon="-71.27399"/><trkpt lat="-28.63224" lon="-71.27388"/><trkpt lat="-28.63197" lon="-71.27387"/><trkpt lat="-28.63173" lon="-71.27389"/><trkpt lat="-28.63137" lon="-71.27395"/><trkpt lat="-28.63118" lon="-71.27397"/><trkpt lat="-28.63101" lon="-71.27396"/><trkpt lat="-28.63060" lon="-71.27393"/><trkpt lat="-28.63021" lon="-71.27393"/><trkpt lat="-28.63010" lon="-71.27391"/><trkpt lat="-28.62998" lon="-71.27386"/><trkpt lat="-28.62969" lon="-71.27365"/><trkpt lat="-28.62955" lon="-71.27356"/><trkpt lat="-28.62939" lon="-71.27349"/><trkpt lat="-28.62921" lon="-71.27345"/><trkpt lat="-28.62897" lon="-71.27342"/><trkpt lat="-28.62886" lon="-71.27337"/><trkpt lat="-28.62877" lon="-71.27329"/><trkpt lat="-28.62867" lon="-71.27316"/><trkpt lat="-28.62862" lon="-71.27310"/><trkpt lat="-28.62855" lon="-71.27308"/><trkpt lat="-28.62848" lon="-71.27309"/><trkpt lat="-28.62825" lon="-71.27324"/><trkpt lat="-28.62806" lon="-71.27335"/><trkpt lat="-28.62790" lon="-71.27340"/><trkpt lat="-28.62741" lon="-71.27354"/><trkpt lat="-28.62729" lon="-71.27355"/><trkpt lat="-28.62717" lon="-71.27354"/><trkpt lat="-28.62706" lon="-71.27351"/><trkpt lat="-28.62697" lon="-71.27345"/><trkpt lat="-28.62689" lon="-71.27336"/><trkpt lat="-28.62674" lon="-71.27313"/><trkpt lat="-28.62666" lon="-71.27306"/><trkpt lat="-28.62657" lon="-71.27300"/><trkpt lat="-28.62646" lon="-71.27297"/><trkpt lat="-28.62628" lon="-71.27293"/><trkpt lat="-28.62616" lon="-71.27287"/><trkpt lat="-28.62607" lon="-71.27280"/><trkpt lat="-28.62593" lon="-71.27269"/><trkpt lat="-28.62583" lon="-71.27265"/><trkpt lat="-28.62569" lon="-71.27263"/><trkpt lat="-28.62542" lon="-71.27268"/><trkpt lat="-28.62528" lon="-71.27269"/><trkpt lat="-28.62513" lon="-71.27268"/><trkpt lat="-28.62495" lon="-71.27264"/><trkpt lat="-28.62463" lon="-71.27255"/><trkpt lat="-28.62451" lon="-71.27250"/><trkpt lat="-28.62437" lon="-71.27239"/><trkpt lat="-28.62414" lon="-71.27213"/><trkpt lat="-28.62402" lon="-71.27200"/><trkpt lat="-28.62390" lon="-71.27190"/><trkpt lat="-28.62357" lon="-71.27168"/><trkpt lat="-28.62348" lon="-71.27164"/><trkpt lat="-28.62337" lon="-71.27164"/><trkpt lat="-28.62326" lon="-71.27167"/><trkpt lat="-28.62305" lon="-71.27183"/><trkpt lat="-28.62271" lon="-71.27219"/><trkpt lat="-28.62223" lon="-71.27278"/><trkpt lat="-28.62197" lon="-71.27306"/><trkpt lat="-28.62171" lon="-71.27330"/><trkpt lat="-28.62127" lon="-71.27365"/><trkpt lat="-28.62093" lon="-71.27391"/><trkpt lat="-28.62079" lon="-71.27398"/><trkpt lat="-28.62065" lon="-71.27403"/><trkpt lat="-28.62015" lon="-71.27416"/><trkpt lat="-28.61998" lon="-71.27424"/><trkpt lat="-28.61982" lon="-71.27436"/><trkpt lat="-28.61961" lon="-71.27450"/><trkpt lat="-28.61948" lon="-71.27455"/><trkpt lat="-28.61935" lon="-71.27457"/><trkpt lat="-28.61920" lon="-71.27456"/><trkpt lat="-28.61905" lon="-71.27451"/><trkpt lat="-28.61775" lon="-71.27374"/><trkpt lat="-28.61578" lon="-71.27257"/><trkpt lat="-28.61454" lon="-71.27181"/><trkpt lat="-28.61404" lon="-71.27155"/><trkpt lat="-28.61389" lon="-71.27151"/><trkpt lat="-28.61372" lon="-71.27151"/><trkpt lat="-28.61356" lon="-71.27154"/><trkpt lat="-28.61266" lon="-71.27190"/><trkpt lat="-28.61214" lon="-71.27214"/><trkpt lat="-28.61160" lon="-71.27244"/><trkpt lat="-28.61096" lon="-71.27286"/><trkpt lat="-28.61004" lon="-71.27354"/><trkpt lat="-28.60831" lon="-71.27495"/><trkpt lat="-28.60722" lon="-71.27584"/><trkpt lat="-28.60593" lon="-71.27682"/><trkpt lat="-28.60539" lon="-71.27719"/><trkpt lat="-28.60466" lon="-71.27757"/><trkpt lat="-28.60426" lon="-71.27775"/><trkpt lat="-28.60363" lon="-71.27799"/><trkpt lat="-28.60226" lon="-71.27844"/><trkpt lat="-28.60081" lon="-71.27892"/><trkpt lat="-28.59973" lon="-71.27931"/><trkpt lat="-28.59942" lon="-71.27944"/><trkpt lat="-28.59909" lon="-71.27962"/><trkpt lat="-28.59873" lon="-71.27984"/><trkpt lat="-28.59793" lon="-71.28045"/><trkpt lat="-28.59773" lon="-71.28064"/><trkpt lat="-28.59753" lon="-71.28084"/><trkpt lat="-28.59735" lon="-71.28105"/><trkpt lat="-28.59590" lon="-71.28293"/><trkpt lat="-28.59384" lon="-71.28549"/><trkpt lat="-28.59359" lon="-71.28578"/><trkpt lat="-28.59332" lon="-71.28603"/><trkpt lat="-28.59302" lon="-71.28626"/><trkpt lat="-28.59270" lon="-71.28645"/><trkpt lat="-28.58908" lon="-71.28809"/><trkpt lat="-28.58622" lon="-71.28780"/><trkpt lat="-28.58505" lon="-71.28779"/><trkpt lat="-28.58348" lon="-71.28847"/><trkpt lat="-28.58190" lon="-71.28993"/><trkpt lat="-28.58125" lon="-71.29023"/><trkpt lat="-28.58079" lon="-71.29002"/><trkpt lat="-28.57996" lon="-71.28914"/><trkpt lat="-28.57989" lon="-71.28886"/><trkpt lat="-28.57998" lon="-71.28865"/><trkpt lat="-28.58092" lon="-71.28826"/><trkpt lat="-28.58111" lon="-71.28806"/><trkpt lat="-28.58073" lon="-71.28636"/><trkpt lat="-28.58049" lon="-71.28530"/><trkpt lat="-28.58059" lon="-71.28520"/><trkpt lat="-28.58118" lon="-71.28508"/><trkpt lat="-28.58137" lon="-71.28471"/><trkpt lat="-28.58167" lon="-71.28406"/><trkpt lat="-28.58191" lon="-71.28377"/><trkpt lat="-28.58205" lon="-71.28343"/><trkpt lat="-28.58199" lon="-71.28291"/><trkpt lat="-28.58140" lon="-71.28127"/><trkpt lat="-28.58141" lon="-71.28093"/><trkpt lat="-28.58140" lon="-71.28048"/><trkpt lat="-28.58119" lon="-71.28006"/><trkpt lat="-28.58112" lon="-71.27975"/><trkpt lat="-28.58115" lon="-71.27956"/><trkpt lat="-28.58129" lon="-71.27936"/><trkpt lat="-28.58246" lon="-71.27783"/><trkpt lat="-28.58296" lon="-71.27647"/><trkpt lat="-28.58382" lon="-71.27452"/><trkpt lat="-28.58422" lon="-71.27246"/><trkpt lat="-28.58434" lon="-71.26991"/><trkpt lat="-28.58490" lon="-71.26879"/><trkpt lat="-28.58511" lon="-71.26792"/><trkpt lat="-28.58556" lon="-71.26739"/><trkpt lat="-28.58564" lon="-71.26719"/><trkpt lat="-28.58559" lon="-71.26664"/><trkpt lat="-28.58568" lon="-71.26647"/><trkpt lat="-28.58688" lon="-71.26412"/><trkpt lat="-28.58696" lon="-71.26377"/><trkpt lat="-28.58708" lon="-71.26337"/><trkpt lat="-28.58731" lon="-71.26303"/><trkpt lat="-28.58741" lon="-71.26170"/><trkpt lat="-28.58756" lon="-71.26127"/><trkpt lat="-28.58758" lon="-71.26079"/><trkpt lat="-28.58732" lon="-71.26049"/><trkpt lat="-28.58634" lon="-71.25960"/><trkpt lat="-28.58538" lon="-71.25835"/><trkpt lat="-28.58523" lon="-71.25794"/><trkpt lat="-28.58513" lon="-71.25645"/><trkpt lat="-28.58522" lon="-71.25590"/><trkpt lat="-28.58541" lon="-71.25531"/><trkpt lat="-28.58552" lon="-71.25324"/><trkpt lat="-28.58519" lon="-71.25066"/><trkpt lat="-28.58530" lon="-71.25024"/><trkpt lat="-28.58633" lon="-71.24833"/><trkpt lat="-28.58658" lon="-71.24675"/><trkpt lat="-28.58655" lon="-71.24642"/><trkpt lat="-28.58522" lon="-71.24326"/><trkpt lat="-28.58339" lon="-71.23965"/><trkpt lat="-28.58281" lon="-71.23879"/><trkpt lat="-28.58240" lon="-71.23774"/><trkpt lat="-28.58161" lon="-71.23654"/><trkpt lat="-28.58154" lon="-71.23620"/><trkpt lat="-28.58152" lon="-71.23416"/><trkpt lat="-28.58137" lon="-71.23033"/><trkpt lat="-28.58025" lon="-71.22760"/><trkpt lat="-28.57756" lon="-71.22526"/><trkpt lat="-28.57621" lon="-71.22281"/><trkpt lat="-28.57618" lon="-71.22253"/><trkpt lat="-28.57639" lon="-71.22068"/><trkpt lat="-28.57628" lon="-71.22033"/><trkpt lat="-28.57613" lon="-71.22021"/><trkpt lat="-28.57562" lon="-71.21994"/><trkpt lat="-28.57542" lon="-71.21974"/><trkpt lat="-28.57398" lon="-71.21757"/><trkpt lat="-28.57324" lon="-71.21744"/><trkpt lat="-28.57187" lon="-71.21648"/><trkpt lat="-28.57080" lon="-71.21434"/><trkpt lat="-28.57080" lon="-71.21344"/><trkpt lat="-28.57077" lon="-71.21255"/><trkpt lat="-28.57082" lon="-71.21235"/><trkpt lat="-28.57104" lon="-71.21203"/><trkpt lat="-28.57095" lon="-71.21173"/><trkpt lat="-28.57090" lon="-71.21146"/><trkpt lat="-28.57092" lon="-71.21090"/><trkpt lat="-28.57045" lon="-71.21028"/><trkpt lat="-28.57039" lon="-71.21003"/><trkpt lat="-28.57035" lon="-71.20940"/><trkpt lat="-28.57009" lon="-71.20884"/><trkpt lat="-28.56946" lon="-71.20834"/><trkpt lat="-28.56906" lon="-71.20814"/><trkpt lat="-28.56847" lon="-71.20786"/><trkpt lat="-28.56801" lon="-71.20757"/><trkpt lat="-28.56719" lon="-71.20701"/><trkpt lat="-28.56706" lon="-71.20677"/><trkpt lat="-28.56710" lon="-71.20648"/><trkpt lat="-28.56705" lon="-71.20602"/><trkpt lat="-28.56683" lon="-71.20572"/><trkpt lat="-28.56656" lon="-71.20546"/><trkpt lat="-28.56622" lon="-71.20522"/><trkpt lat="-28.56603" lon="-71.20498"/><trkpt lat="-28.56607" lon="-71.20480"/><trkpt lat="-28.56615" lon="-71.20450"/><trkpt lat="-28.56605" lon="-71.20390"/><trkpt lat="-28.56580" lon="-71.20356"/><trkpt lat="-28.56580" lon="-71.20308"/><trkpt lat="-28.56556" lon="-71.20260"/><trkpt lat="-28.56443" lon="-71.20159"/><trkpt lat="-28.56391" lon="-71.20145"/><trkpt lat="-28.56319" lon="-71.20096"/><trkpt lat="-28.56287" lon="-71.20083"/><trkpt lat="-28.56239" lon="-71.20051"/><trkpt lat="-28.56147" lon="-71.20023"/><trkpt lat="-28.56094" lon="-71.19953"/><trkpt lat="-28.56060" lon="-71.19944"/><trkpt lat="-28.56039" lon="-71.19947"/><trkpt lat="-28.56026" lon="-71.19939"/><trkpt lat="-28.56001" lon="-71.19927"/><trkpt lat="-28.55962" lon="-71.19922"/><trkpt lat="-28.55907" lon="-71.19900"/><trkpt lat="-28.55797" lon="-71.19844"/><trkpt lat="-28.55773" lon="-71.19822"/><trkpt lat="-28.55782" lon="-71.19776"/><trkpt lat="-28.55796" lon="-71.19737"/><trkpt lat="-28.55790" lon="-71.19698"/><trkpt lat="-28.55788" lon="-71.19671"/><trkpt lat="-28.55797" lon="-71.19635"/><trkpt lat="-28.55779" lon="-71.19512"/><trkpt lat="-28.55739" lon="-71.19440"/><trkpt lat="-28.55709" lon="-71.19403"/><trkpt lat="-28.55675" lon="-71.19379"/><trkpt lat="-28.55632" lon="-71.19342"/><trkpt lat="-28.55593" lon="-71.19318"/><trkpt lat="-28.55533" lon="-71.19247"/><trkpt lat="-28.55505" lon="-71.19204"/><trkpt lat="-28.55483" lon="-71.19024"/><trkpt lat="-28.55455" lon="-71.18977"/><trkpt lat="-28.55433" lon="-71.18962"/><trkpt lat="-28.55413" lon="-71.18937"/><trkpt lat="-28.55380" lon="-71.18923"/><trkpt lat="-28.55354" lon="-71.18915"/><trkpt lat="-28.55257" lon="-71.18911"/><trkpt lat="-28.55157" lon="-71.18961"/><trkpt lat="-28.55113" lon="-71.18960"/><trkpt lat="-28.55096" lon="-71.18948"/><trkpt lat="-28.55066" lon="-71.18928"/><trkpt lat="-28.55013" lon="-71.18923"/><trkpt lat="-28.54964" lon="-71.18939"/><trkpt lat="-28.54922" lon="-71.18947"/><trkpt lat="-28.54879" lon="-71.18928"/><trkpt lat="-28.54748" lon="-71.18854"/><trkpt lat="-28.54709" lon="-71.18842"/><trkpt lat="-28.54681" lon="-71.18810"/><trkpt lat="-28.54659" lon="-71.18790"/><trkpt lat="-28.54578" lon="-71.18732"/><trkpt lat="-28.54487" lon="-71.18660"/><trkpt lat="-28.54452" lon="-71.18596"/><trkpt lat="-28.54453" lon="-71.18579"/><trkpt lat="-28.54450" lon="-71.18559"/><trkpt lat="-28.54440" lon="-71.18547"/><trkpt lat="-28.54429" lon="-71.18533"/><trkpt lat="-28.54379" lon="-71.18402"/><trkpt lat="-28.54347" lon="-71.18364"/><trkpt lat="-28.54315" lon="-71.18354"/><trkpt lat="-28.54300" lon="-71.18347"/><trkpt lat="-28.54111" lon="-71.18212"/><trkpt lat="-28.54095" lon="-71.18182"/><trkpt lat="-28.54084" lon="-71.18156"/><trkpt lat="-28.54067" lon="-71.18141"/><trkpt lat="-28.54030" lon="-71.18131"/><trkpt lat="-28.53949" lon="-71.18104"/><trkpt lat="-28.53878" lon="-71.18065"/><trkpt lat="-28.53820" lon="-71.18008"/><trkpt lat="-28.53795" lon="-71.17993"/><trkpt lat="-28.53757" lon="-71.17987"/><trkpt lat="-28.53710" lon="-71.17966"/><trkpt lat="-28.53602" lon="-71.17922"/><trkpt lat="-28.53520" lon="-71.17910"/><trkpt lat="-28.53484" lon="-71.17882"/><trkpt lat="-28.53402" lon="-71.17867"/><trkpt lat="-28.53338" lon="-71.17850"/><trkpt lat="-28.53143" lon="-71.17716"/><trkpt lat="-28.53006" lon="-71.17525"/><trkpt lat="-28.52996" lon="-71.17484"/><trkpt lat="-28.52957" lon="-71.17466"/><trkpt lat="-28.52883" lon="-71.17437"/><trkpt lat="-28.52814" lon="-71.17365"/><trkpt lat="-28.52714" lon="-71.17248"/><trkpt lat="-28.52676" lon="-71.17173"/><trkpt lat="-28.52639" lon="-71.17100"/><trkpt lat="-28.52592" lon="-71.16988"/><trkpt lat="-28.52576" lon="-71.16953"/><trkpt lat="-28.52558" lon="-71.16919"/><trkpt lat="-28.52460" lon="-71.16873"/><trkpt lat="-28.52427" lon="-71.16864"/><trkpt lat="-28.52389" lon="-71.16856"/><trkpt lat="-28.52362" lon="-71.16852"/><trkpt lat="-28.52336" lon="-71.16851"/><trkpt lat="-28.52305" lon="-71.16853"/><trkpt lat="-28.52297" lon="-71.16852"/><trkpt lat="-28.52291" lon="-71.16847"/><trkpt lat="-28.52286" lon="-71.16839"/><trkpt lat="-28.52285" lon="-71.16824"/><trkpt lat="-28.52286" lon="-71.16797"/><trkpt lat="-28.52285" lon="-71.16788"/><trkpt lat="-28.52282" lon="-71.16779"/><trkpt lat="-28.52277" lon="-71.16772"/><trkpt lat="-28.52271" lon="-71.16766"/><trkpt lat="-28.52262" lon="-71.16761"/><trkpt lat="-28.52243" lon="-71.16755"/><trkpt lat="-28.52230" lon="-71.16751"/><trkpt lat="-28.52218" lon="-71.16744"/><trkpt lat="-28.52207" lon="-71.16735"/><trkpt lat="-28.52181" lon="-71.16709"/><trkpt lat="-28.52170" lon="-71.16700"/><trkpt lat="-28.52158" lon="-71.16693"/><trkpt lat="-28.52144" lon="-71.16689"/><trkpt lat="-28.52129" lon="-71.16687"/><trkpt lat="-28.52112" lon="-71.16687"/><trkpt lat="-28.52091" lon="-71.16691"/><trkpt lat="-28.52040" lon="-71.16701"/><trkpt lat="-28.52020" lon="-71.16703"/><trkpt lat="-28.51991" lon="-71.16702"/><trkpt lat="-28.51970" lon="-71.16702"/><trkpt lat="-28.51949" lon="-71.16704"/><trkpt lat="-28.51930" lon="-71.16709"/><trkpt lat="-28.51897" lon="-71.16718"/><trkpt lat="-28.51872" lon="-71.16721"/><trkpt lat="-28.51847" lon="-71.16722"/><trkpt lat="-28.51687" lon="-71.16718"/><trkpt lat="-28.51648" lon="-71.16729"/><trkpt lat="-28.51471" lon="-71.16664"/><trkpt lat="-28.51290" lon="-71.16625"/><trkpt lat="-28.51210" lon="-71.16605"/><trkpt lat="-28.50918" lon="-71.16535"/><trkpt lat="-28.50821" lon="-71.16399"/><trkpt lat="-28.50690" lon="-71.16369"/><trkpt lat="-28.50498" lon="-71.16312"/><trkpt lat="-28.50361" lon="-71.16234"/><trkpt lat="-28.50140" lon="-71.16096"/><trkpt lat="-28.50093" lon="-71.16028"/><trkpt lat="-28.49875" lon="-71.15856"/><trkpt lat="-28.49648" lon="-71.15656"/><trkpt lat="-28.49428" lon="-71.15584"/><trkpt lat="-28.49278" lon="-71.15596"/><trkpt lat="-28.49181" lon="-71.15645"/><trkpt lat="-28.49083" lon="-71.15669"/><trkpt lat="-28.48913" lon="-71.15608"/><trkpt lat="-28.48819" lon="-71.15618"/><trkpt lat="-28.48667" lon="-71.15634"/><trkpt lat="-28.48628" lon="-71.15664"/><trkpt lat="-28.48597" lon="-71.15724"/><trkpt lat="-28.48592" lon="-71.15732"/><trkpt lat="-28.48586" lon="-71.15738"/><trkpt lat="-28.48578" lon="-71.15743"/><trkpt lat="-28.48570" lon="-71.15745"/><trkpt lat="-28.48546" lon="-71.15653"/><trkpt lat="-28.48558" lon="-71.15622"/><trkpt lat="-28.48571" lon="-71.15590"/><trkpt lat="-28.48588" lon="-71.15558"/><trkpt lat="-28.48607" lon="-71.15528"/><trkpt lat="-28.48699" lon="-71.15395"/><trkpt lat="-28.48741" lon="-71.15334"/><trkpt lat="-28.48768" lon="-71.15290"/><trkpt lat="-28.48790" lon="-71.15249"/><trkpt lat="-28.48820" lon="-71.15188"/><trkpt lat="-28.48981" lon="-71.14841"/><trkpt lat="-28.49003" lon="-71.14797"/><trkpt lat="-28.49022" lon="-71.14766"/><trkpt lat="-28.49342" lon="-71.14303"/><trkpt lat="-28.49380" lon="-71.14251"/><trkpt lat="-28.49407" lon="-71.14217"/><trkpt lat="-28.49437" lon="-71.14186"/><trkpt lat="-28.49466" lon="-71.14159"/><trkpt lat="-28.49492" lon="-71.14137"/><trkpt lat="-28.49522" lon="-71.14115"/><trkpt lat="-28.49588" lon="-71.14071"/><trkpt lat="-28.49615" lon="-71.14048"/><trkpt lat="-28.49638" lon="-71.14028"/><trkpt lat="-28.49965" lon="-71.13717"/><trkpt lat="-28.50317" lon="-71.13391"/><trkpt lat="-28.50427" lon="-71.13294"/><trkpt lat="-28.50451" lon="-71.13268"/><trkpt lat="-28.50471" lon="-71.13240"/><trkpt lat="-28.50489" lon="-71.13210"/><trkpt lat="-28.50504" lon="-71.13178"/><trkpt lat="-28.50520" lon="-71.13129"/><trkpt lat="-28.50539" lon="-71.13031"/><trkpt lat="-28.50581" lon="-71.12828"/><trkpt lat="-28.50590" lon="-71.12778"/><trkpt lat="-28.50597" lon="-71.12728"/><trkpt lat="-28.50603" lon="-71.12669"/><trkpt lat="-28.50607" lon="-71.12605"/><trkpt lat="-28.50690" lon="-71.11443"/><trkpt lat="-28.50709" lon="-71.11180"/><trkpt lat="-28.50713" lon="-71.11109"/><trkpt lat="-28.50715" lon="-71.11046"/><trkpt lat="-28.50713" lon="-71.10997"/><trkpt lat="-28.50709" lon="-71.10949"/><trkpt lat="-28.50703" lon="-71.10903"/><trkpt lat="-28.50670" lon="-71.10668"/><trkpt lat="-28.50666" lon="-71.10610"/><trkpt lat="-28.50665" lon="-71.10548"/><trkpt lat="-28.50668" lon="-71.10487"/><trkpt lat="-28.50673" lon="-71.10435"/><trkpt lat="-28.50691" lon="-71.10321"/><trkpt lat="-28.50700" lon="-71.10265"/><trkpt lat="-28.50708" lon="-71.10231"/><trkpt lat="-28.50718" lon="-71.10201"/><trkpt lat="-28.50732" lon="-71.10165"/><trkpt lat="-28.50748" lon="-71.10134"/><trkpt lat="-28.50814" lon="-71.10019"/><trkpt lat="-28.50925" lon="-71.09825"/><trkpt lat="-28.50956" lon="-71.09770"/><trkpt lat="-28.50983" lon="-71.09714"/><trkpt lat="-28.51020" lon="-71.09626"/><trkpt lat="-28.51066" lon="-71.09484"/><trkpt lat="-28.51113" lon="-71.09318"/><trkpt lat="-28.51138" lon="-71.09228"/><trkpt lat="-28.51172" lon="-71.09116"/><trkpt lat="-28.51201" lon="-71.09062"/><trkpt lat="-28.51244" lon="-71.09023"/><trkpt lat="-28.51311" lon="-71.08984"/><trkpt lat="-28.51349" lon="-71.08948"/><trkpt lat="-28.51368" lon="-71.08916"/><trkpt lat="-28.51378" lon="-71.08884"/><trkpt lat="-28.51400" lon="-71.08792"/><trkpt lat="-28.51423" lon="-71.08697"/><trkpt lat="-28.51457" lon="-71.08589"/><trkpt lat="-28.51489" lon="-71.08507"/><trkpt lat="-28.51527" lon="-71.08433"/><trkpt lat="-28.51597" lon="-71.08318"/><trkpt lat="-28.51716" lon="-71.08146"/><trkpt lat="-28.51778" lon="-71.08057"/><trkpt lat="-28.51801" lon="-71.08020"/><trkpt lat="-28.51819" lon="-71.07987"/><trkpt lat="-28.51830" lon="-71.07963"/><trkpt lat="-28.51840" lon="-71.07938"/><trkpt lat="-28.51855" lon="-71.07886"/><trkpt lat="-28.51924" lon="-71.07628"/><trkpt lat="-28.51933" lon="-71.07587"/><trkpt lat="-28.51939" lon="-71.07546"/><trkpt lat="-28.51940" lon="-71.07510"/><trkpt lat="-28.51938" lon="-71.07469"/><trkpt lat="-28.51925" lon="-71.07408"/><trkpt lat="-28.51919" lon="-71.07368"/><trkpt lat="-28.51904" lon="-71.07301"/><trkpt lat="-28.51897" lon="-71.07258"/><trkpt lat="-28.51890" lon="-71.07210"/><trkpt lat="-28.51881" lon="-71.07177"/><trkpt lat="-28.51868" lon="-71.07129"/><trkpt lat="-28.51863" lon="-71.07094"/><trkpt lat="-28.51861" lon="-71.07055"/><trkpt lat="-28.51864" lon="-71.07021"/><trkpt lat="-28.51871" lon="-71.06988"/><trkpt lat="-28.51879" lon="-71.06956"/><trkpt lat="-28.51916" lon="-71.06835"/><trkpt lat="-28.52127" lon="-71.06161"/><trkpt lat="-28.52138" lon="-71.06126"/><trkpt lat="-28.52145" lon="-71.06091"/><trkpt lat="-28.52149" lon="-71.06061"/><trkpt lat="-28.52151" lon="-71.06024"/><trkpt lat="-28.52151" lon="-71.05989"/><trkpt lat="-28.52145" lon="-71.05913"/><trkpt lat="-28.52127" lon="-71.05745"/><trkpt lat="-28.52119" lon="-71.05680"/><trkpt lat="-28.52110" lon="-71.05631"/><trkpt lat="-28.52091" lon="-71.05554"/><trkpt lat="-28.52073" lon="-71.05488"/><trkpt lat="-28.52060" lon="-71.05451"/><trkpt lat="-28.52041" lon="-71.05411"/><trkpt lat="-28.52023" lon="-71.05378"/><trkpt lat="-28.52001" lon="-71.05348"/><trkpt lat="-28.51907" lon="-71.05227"/><trkpt lat="-28.51868" lon="-71.05176"/><trkpt lat="-28.51841" lon="-71.05136"/><trkpt lat="-28.51812" lon="-71.05088"/><trkpt lat="-28.51780" lon="-71.05036"/><trkpt lat="-28.51767" lon="-71.05009"/><trkpt lat="-28.51757" lon="-71.04983"/><trkpt lat="-28.51751" lon="-71.04957"/><trkpt lat="-28.51748" lon="-71.04922"/><trkpt lat="-28.51749" lon="-71.04888"/><trkpt lat="-28.51753" lon="-71.04858"/><trkpt lat="-28.51761" lon="-71.04829"/><trkpt lat="-28.51812" lon="-71.04685"/><trkpt lat="-28.51903" lon="-71.04433"/><trkpt lat="-28.51914" lon="-71.04395"/><trkpt lat="-28.51925" lon="-71.04345"/><trkpt lat="-28.51935" lon="-71.04290"/><trkpt lat="-28.51939" lon="-71.04251"/><trkpt lat="-28.51942" lon="-71.04200"/><trkpt lat="-28.51943" lon="-71.04156"/><trkpt lat="-28.51942" lon="-71.04125"/><trkpt lat="-28.51937" lon="-71.04072"/><trkpt lat="-28.51925" lon="-71.03992"/><trkpt lat="-28.51916" lon="-71.03951"/><trkpt lat="-28.51864" lon="-71.03740"/><trkpt lat="-28.51858" lon="-71.03707"/><trkpt lat="-28.51855" lon="-71.03679"/><trkpt lat="-28.51855" lon="-71.03645"/><trkpt lat="-28.51863" lon="-71.03557"/><trkpt lat="-28.51876" lon="-71.03446"/><trkpt lat="-28.51878" lon="-71.03400"/><trkpt lat="-28.51876" lon="-71.03357"/><trkpt lat="-28.51872" lon="-71.03316"/><trkpt lat="-28.51863" lon="-71.03272"/><trkpt lat="-28.51793" lon="-71.03026"/><trkpt lat="-28.51741" lon="-71.02842"/><trkpt lat="-28.51732" lon="-71.02803"/><trkpt lat="-28.51729" lon="-71.02775"/><trkpt lat="-28.51730" lon="-71.02751"/><trkpt lat="-28.51744" lon="-71.02614"/><trkpt lat="-28.51834" lon="-71.01770"/><trkpt lat="-28.51836" lon="-71.01717"/><trkpt lat="-28.51835" lon="-71.01668"/><trkpt lat="-28.51819" lon="-71.01295"/><trkpt lat="-28.51805" lon="-71.00958"/><trkpt lat="-28.51813" lon="-71.00905"/><trkpt lat="-28.51823" lon="-71.00873"/><trkpt lat="-28.51833" lon="-71.00847"/><trkpt lat="-28.51845" lon="-71.00822"/><trkpt lat="-28.51859" lon="-71.00797"/><trkpt lat="-28.51983" lon="-71.00623"/><trkpt lat="-28.52104" lon="-71.00451"/><trkpt lat="-28.52332" lon="-71.00114"/><trkpt lat="-28.52366" lon="-71.00036"/><trkpt lat="-28.52389" lon="-70.99944"/><trkpt lat="-28.52445" lon="-70.99610"/><trkpt lat="-28.52473" lon="-70.99419"/><trkpt lat="-28.52479" lon="-70.99295"/><trkpt lat="-28.52480" lon="-70.97879"/><trkpt lat="-28.52478" lon="-70.97615"/><trkpt lat="-28.52466" lon="-70.97537"/><trkpt lat="-28.52397" lon="-70.97144"/><trkpt lat="-28.52397" lon="-70.97107"/><trkpt lat="-28.52409" lon="-70.97055"/><trkpt lat="-28.52513" lon="-70.96694"/><trkpt lat="-28.52532" lon="-70.96579"/><trkpt lat="-28.52545" lon="-70.96434"/><trkpt lat="-28.52556" lon="-70.96349"/><trkpt lat="-28.52571" lon="-70.96285"/><trkpt lat="-28.52617" lon="-70.96127"/><trkpt lat="-28.52645" lon="-70.96018"/><trkpt lat="-28.52720" lon="-70.95615"/><trkpt lat="-28.52778" lon="-70.95305"/><trkpt lat="-28.52843" lon="-70.94726"/><trkpt lat="-28.52918" lon="-70.94014"/><trkpt lat="-28.52920" lon="-70.93985"/><trkpt lat="-28.52920" lon="-70.93956"/><trkpt lat="-28.52915" lon="-70.93756"/><trkpt lat="-28.52899" lon="-70.93182"/><trkpt lat="-28.52898" lon="-70.93141"/><trkpt lat="-28.52900" lon="-70.93093"/><trkpt lat="-28.52904" lon="-70.93038"/><trkpt lat="-28.52918" lon="-70.92897"/><trkpt lat="-28.52932" lon="-70.92761"/><trkpt lat="-28.52942" lon="-70.92666"/><trkpt lat="-28.52947" lon="-70.92634"/><trkpt lat="-28.52956" lon="-70.92595"/><trkpt lat="-28.52969" lon="-70.92555"/><trkpt lat="-28.52981" lon="-70.92524"/><trkpt lat="-28.53031" lon="-70.92413"/><trkpt lat="-28.53071" lon="-70.92327"/><trkpt lat="-28.53089" lon="-70.92287"/><trkpt lat="-28.53185" lon="-70.92076"/><trkpt lat="-28.53254" lon="-70.91925"/><trkpt lat="-28.53318" lon="-70.91786"/><trkpt lat="-28.53355" lon="-70.91705"/><trkpt lat="-28.53390" lon="-70.91628"/><trkpt lat="-28.53410" lon="-70.91563"/><trkpt lat="-28.53414" lon="-70.91509"/><trkpt lat="-28.53409" lon="-70.91368"/><trkpt lat="-28.53415" lon="-70.91305"/><trkpt lat="-28.53432" lon="-70.91251"/><trkpt lat="-28.53493" lon="-70.91131"/><trkpt lat="-28.53523" lon="-70.91068"/><trkpt lat="-28.53548" lon="-70.91004"/><trkpt lat="-28.53620" lon="-70.90627"/><trkpt lat="-28.53710" lon="-70.90155"/><trkpt lat="-28.53819" lon="-70.89581"/><trkpt lat="-28.53883" lon="-70.89239"/><trkpt lat="-28.53962" lon="-70.88834"/><trkpt lat="-28.53970" lon="-70.88803"/><trkpt lat="-28.53981" lon="-70.88773"/><trkpt lat="-28.54111" lon="-70.88493"/><trkpt lat="-28.54259" lon="-70.88170"/><trkpt lat="-28.54390" lon="-70.87885"/><trkpt lat="-28.54490" lon="-70.87670"/><trkpt lat="-28.54607" lon="-70.87408"/><trkpt lat="-28.54628" lon="-70.87314"/><trkpt lat="-28.54745" lon="-70.86649"/><trkpt lat="-28.54762" lon="-70.86582"/><trkpt lat="-28.55020" lon="-70.85741"/><trkpt lat="-28.55099" lon="-70.85488"/><trkpt lat="-28.55186" lon="-70.85209"/><trkpt lat="-28.55282" lon="-70.84900"/><trkpt lat="-28.55376" lon="-70.84598"/><trkpt lat="-28.55446" lon="-70.84372"/><trkpt lat="-28.55513" lon="-70.84159"/><trkpt lat="-28.55586" lon="-70.83927"/><trkpt lat="-28.55654" lon="-70.83707"/><trkpt lat="-28.55682" lon="-70.83621"/><trkpt lat="-28.55797" lon="-70.83248"/><trkpt lat="-28.55866" lon="-70.83028"/><trkpt lat="-28.55943" lon="-70.82779"/><trkpt lat="-28.56057" lon="-70.82412"/><trkpt lat="-28.56169" lon="-70.82052"/><trkpt lat="-28.56287" lon="-70.81671"/><trkpt lat="-28.56387" lon="-70.81350"/><trkpt lat="-28.56492" lon="-70.81012"/><trkpt lat="-28.56609" lon="-70.80644"/><trkpt lat="-28.56620" lon="-70.80609"/><trkpt lat="-28.56689" lon="-70.80383"/><trkpt lat="-28.56906" lon="-70.79699"/><trkpt lat="-28.56951" lon="-70.79553"/><trkpt lat="-28.57029" lon="-70.79302"/><trkpt lat="-28.57047" lon="-70.79249"/><trkpt lat="-28.57062" lon="-70.79210"/><trkpt lat="-28.57080" lon="-70.79168"/><trkpt lat="-28.57124" lon="-70.79076"/><trkpt lat="-28.57192" lon="-70.78937"/><trkpt lat="-28.57208" lon="-70.78918"/><trkpt lat="-28.57221" lon="-70.78902"/><trkpt lat="-28.57230" lon="-70.78894"/><trkpt lat="-28.57241" lon="-70.78887"/><trkpt lat="-28.57252" lon="-70.78883"/><trkpt lat="-28.57262" lon="-70.78882"/><trkpt lat="-28.57299" lon="-70.78878"/><trkpt lat="-28.57312" lon="-70.78875"/><trkpt lat="-28.57326" lon="-70.78867"/><trkpt lat="-28.57358" lon="-70.78843"/><trkpt lat="-28.57371" lon="-70.78835"/><trkpt lat="-28.57385" lon="-70.78830"/><trkpt lat="-28.57400" lon="-70.78827"/><trkpt lat="-28.57427" lon="-70.78825"/><trkpt lat="-28.57455" lon="-70.78824"/><trkpt lat="-28.57487" lon="-70.78824"/><trkpt lat="-28.57524" lon="-70.78820"/><trkpt lat="-28.57559" lon="-70.78814"/><trkpt lat="-28.57592" lon="-70.78804"/><trkpt lat="-28.57624" lon="-70.78791"/><trkpt lat="-28.57655" lon="-70.78775"/><trkpt lat="-28.57793" lon="-70.78703"/><trkpt lat="-28.57829" lon="-70.78682"/><trkpt lat="-28.57853" lon="-70.78667"/><trkpt lat="-28.57869" lon="-70.78655"/><trkpt lat="-28.57885" lon="-70.78641"/><trkpt lat="-28.57902" lon="-70.78626"/><trkpt lat="-28.57922" lon="-70.78604"/><trkpt lat="-28.57951" lon="-70.78569"/><trkpt lat="-28.58163" lon="-70.78310"/><trkpt lat="-28.58254" lon="-70.78203"/><trkpt lat="-28.58292" lon="-70.78162"/><trkpt lat="-28.58325" lon="-70.78131"/><trkpt lat="-28.58364" lon="-70.78097"/><trkpt lat="-28.58610" lon="-70.77899"/><trkpt lat="-28.58827" lon="-70.77724"/><trkpt lat="-28.58950" lon="-70.77625"/><trkpt lat="-28.59108" lon="-70.77508"/><trkpt lat="-28.59157" lon="-70.77483"/><trkpt lat="-28.59181" lon="-70.77471"/><trkpt lat="-28.59231" lon="-70.77451"/><trkpt lat="-28.59280" lon="-70.77434"/><trkpt lat="-28.59325" lon="-70.77423"/><trkpt lat="-28.59370" lon="-70.77414"/><trkpt lat="-28.59714" lon="-70.77350"/><trkpt lat="-28.59826" lon="-70.77329"/><trkpt lat="-28.60262" lon="-70.77249"/><trkpt lat="-28.60590" lon="-70.77186"/><trkpt lat="-28.60753" lon="-70.77155"/><trkpt lat="-28.61047" lon="-70.77100"/><trkpt lat="-28.61243" lon="-70.77063"/><trkpt lat="-28.61517" lon="-70.77012"/><trkpt lat="-28.61851" lon="-70.76950"/><trkpt lat="-28.62246" lon="-70.76875"/><trkpt lat="-28.62669" lon="-70.76795"/><trkpt lat="-28.62935" lon="-70.76744"/><trkpt lat="-28.63588" lon="-70.76621"/><trkpt lat="-28.64211" lon="-70.76503"/><trkpt lat="-28.64904" lon="-70.76372"/><trkpt lat="-28.65335" lon="-70.76291"/><trkpt lat="-28.65462" lon="-70.76267"/><trkpt lat="-28.65539" lon="-70.76253"/><trkpt lat="-28.65801" lon="-70.76202"/><trkpt lat="-28.65860" lon="-70.76193"/><trkpt lat="-28.65899" lon="-70.76191"/><trkpt lat="-28.65935" lon="-70.76190"/><trkpt lat="-28.65971" lon="-70.76193"/><trkpt lat="-28.66011" lon="-70.76199"/><trkpt lat="-28.66055" lon="-70.76209"/><trkpt lat="-28.66096" lon="-70.76223"/><trkpt lat="-28.66135" lon="-70.76239"/><trkpt lat="-28.66175" lon="-70.76261"/><trkpt lat="-28.66211" lon="-70.76284"/><trkpt lat="-28.66239" lon="-70.76304"/><trkpt lat="-28.66269" lon="-70.76329"/><trkpt lat="-28.66292" lon="-70.76351"/><trkpt lat="-28.66321" lon="-70.76381"/><trkpt lat="-28.66512" lon="-70.76575"/><trkpt lat="-28.66877" lon="-70.76953"/><trkpt lat="-28.66910" lon="-70.76985"/><trkpt lat="-28.66935" lon="-70.77006"/><trkpt lat="-28.66960" lon="-70.77025"/><trkpt lat="-28.66985" lon="-70.77043"/><trkpt lat="-28.67011" lon="-70.77058"/><trkpt lat="-28.67043" lon="-70.77076"/><trkpt lat="-28.67082" lon="-70.77092"/><trkpt lat="-28.67122" lon="-70.77105"/><trkpt lat="-28.67151" lon="-70.77112"/><trkpt lat="-28.67180" lon="-70.77117"/><trkpt lat="-28.67209" lon="-70.77121"/><trkpt lat="-28.67239" lon="-70.77123"/><trkpt lat="-28.67268" lon="-70.77122"/><trkpt lat="-28.67297" lon="-70.77120"/><trkpt lat="-28.67326" lon="-70.77117"/><trkpt lat="-28.67355" lon="-70.77111"/><trkpt lat="-28.67384" lon="-70.77104"/><trkpt lat="-28.67412" lon="-70.77095"/><trkpt lat="-28.67439" lon="-70.77084"/><trkpt lat="-28.67465" lon="-70.77072"/><trkpt lat="-28.67492" lon="-70.77059"/><trkpt lat="-28.67522" lon="-70.77041"/><trkpt lat="-28.67565" lon="-70.77012"/><trkpt lat="-28.67747" lon="-70.76880"/><trkpt lat="-28.68147" lon="-70.76588"/><trkpt lat="-28.68272" lon="-70.76498"/><trkpt lat="-28.68311" lon="-70.76473"/><trkpt lat="-28.68349" lon="-70.76451"/><trkpt lat="-28.68386" lon="-70.76430"/><trkpt lat="-28.68417" lon="-70.76415"/><trkpt lat="-28.68455" lon="-70.76398"/><trkpt lat="-28.68489" lon="-70.76385"/><trkpt lat="-28.68551" lon="-70.76366"/><trkpt lat="-28.68622" lon="-70.76339"/><trkpt lat="-28.68724" lon="-70.76296"/><trkpt lat="-28.68827" lon="-70.76250"/><trkpt lat="-28.68918" lon="-70.76208"/><trkpt lat="-28.68972" lon="-70.76181"/><trkpt lat="-28.69017" lon="-70.76157"/><trkpt lat="-28.69055" lon="-70.76137"/><trkpt lat="-28.69090" lon="-70.76117"/><trkpt lat="-28.69142" lon="-70.76086"/><trkpt lat="-28.69201" lon="-70.76050"/><trkpt lat="-28.69277" lon="-70.76008"/><trkpt lat="-28.69333" lon="-70.75978"/><trkpt lat="-28.69407" lon="-70.75941"/><trkpt lat="-28.69504" lon="-70.75897"/><trkpt lat="-28.69617" lon="-70.75846"/><trkpt lat="-28.69722" lon="-70.75799"/><trkpt lat="-28.69791" lon="-70.75768"/><trkpt lat="-28.69816" lon="-70.75758"/><trkpt lat="-28.69841" lon="-70.75748"/><trkpt lat="-28.69878" lon="-70.75736"/><trkpt lat="-28.70010" lon="-70.75697"/><trkpt lat="-28.70197" lon="-70.75640"/><trkpt lat="-28.70229" lon="-70.75630"/><trkpt lat="-28.70264" lon="-70.75620"/><trkpt lat="-28.70290" lon="-70.75615"/><trkpt lat="-28.70318" lon="-70.75610"/><trkpt lat="-28.70341" lon="-70.75608"/><trkpt lat="-28.70365" lon="-70.75607"/><trkpt lat="-28.70393" lon="-70.75607"/><trkpt lat="-28.70421" lon="-70.75610"/><trkpt lat="-28.70444" lon="-70.75614"/><trkpt lat="-28.70466" lon="-70.75618"/><trkpt lat="-28.70490" lon="-70.75624"/><trkpt lat="-28.70516" lon="-70.75633"/><trkpt lat="-28.70544" lon="-70.75644"/><trkpt lat="-28.70572" lon="-70.75657"/><trkpt lat="-28.70678" lon="-70.75716"/><trkpt lat="-28.70851" lon="-70.75815"/><trkpt lat="-28.70939" lon="-70.75865"/><trkpt lat="-28.71004" lon="-70.75904"/><trkpt lat="-28.71069" lon="-70.75945"/><trkpt lat="-28.71092" lon="-70.75958"/><trkpt lat="-28.71116" lon="-70.75970"/><trkpt lat="-28.71140" lon="-70.75979"/><trkpt lat="-28.71166" lon="-70.75988"/><trkpt lat="-28.71197" lon="-70.75996"/><trkpt lat="-28.71230" lon="-70.76002"/><trkpt lat="-28.71302" lon="-70.76015"/><trkpt lat="-28.71331" lon="-70.76022"/><trkpt lat="-28.71358" lon="-70.76029"/><trkpt lat="-28.71384" lon="-70.76037"/><trkpt lat="-28.71411" lon="-70.76047"/><trkpt lat="-28.71440" lon="-70.76061"/><trkpt lat="-28.71466" lon="-70.76074"/><trkpt lat="-28.71489" lon="-70.76087"/><trkpt lat="-28.71514" lon="-70.76103"/><trkpt lat="-28.71540" lon="-70.76122"/><trkpt lat="-28.71768" lon="-70.76296"/><trkpt lat="-28.71888" lon="-70.76390"/><trkpt lat="-28.72232" lon="-70.76644"/><trkpt lat="-28.72268" lon="-70.76671"/><trkpt lat="-28.72301" lon="-70.76691"/><trkpt lat="-28.72327" lon="-70.76706"/><trkpt lat="-28.72358" lon="-70.76720"/><trkpt lat="-28.72390" lon="-70.76733"/><trkpt lat="-28.72421" lon="-70.76743"/><trkpt lat="-28.72453" lon="-70.76751"/><trkpt lat="-28.72481" lon="-70.76755"/><trkpt lat="-28.72511" lon="-70.76758"/><trkpt lat="-28.72600" lon="-70.76764"/><trkpt lat="-28.72627" lon="-70.76766"/><trkpt lat="-28.72654" lon="-70.76769"/><trkpt lat="-28.72685" lon="-70.76775"/><trkpt lat="-28.72715" lon="-70.76783"/><trkpt lat="-28.72742" lon="-70.76793"/><trkpt lat="-28.72768" lon="-70.76805"/><trkpt lat="-28.72792" lon="-70.76818"/><trkpt lat="-28.72815" lon="-70.76834"/><trkpt lat="-28.72834" lon="-70.76850"/><trkpt lat="-28.72855" lon="-70.76869"/><trkpt lat="-28.73041" lon="-70.77061"/><trkpt lat="-28.73075" lon="-70.77093"/><trkpt lat="-28.73096" lon="-70.77110"/><trkpt lat="-28.73116" lon="-70.77125"/><trkpt lat="-28.73137" lon="-70.77138"/><trkpt lat="-28.73158" lon="-70.77149"/><trkpt lat="-28.73178" lon="-70.77157"/><trkpt lat="-28.73201" lon="-70.77166"/><trkpt lat="-28.73225" lon="-70.77172"/><trkpt lat="-28.73253" lon="-70.77178"/><trkpt lat="-28.73279" lon="-70.77182"/><trkpt lat="-28.73308" lon="-70.77183"/><trkpt lat="-28.73378" lon="-70.77183"/><trkpt lat="-28.73410" lon="-70.77184"/><trkpt lat="-28.73435" lon="-70.77186"/><trkpt lat="-28.73460" lon="-70.77190"/><trkpt lat="-28.73487" lon="-70.77196"/><trkpt lat="-28.73512" lon="-70.77204"/><trkpt lat="-28.73538" lon="-70.77213"/><trkpt lat="-28.73562" lon="-70.77223"/><trkpt lat="-28.73586" lon="-70.77234"/><trkpt lat="-28.73616" lon="-70.77251"/><trkpt lat="-28.73639" lon="-70.77267"/><trkpt lat="-28.73664" lon="-70.77287"/><trkpt lat="-28.73685" lon="-70.77306"/><trkpt lat="-28.73708" lon="-70.77330"/><trkpt lat="-28.73755" lon="-70.77383"/><trkpt lat="-28.73781" lon="-70.77409"/><trkpt lat="-28.73802" lon="-70.77428"/><trkpt lat="-28.73826" lon="-70.77445"/><trkpt lat="-28.73850" lon="-70.77461"/><trkpt lat="-28.73877" lon="-70.77476"/><trkpt lat="-28.73904" lon="-70.77488"/><trkpt lat="-28.73930" lon="-70.77497"/><trkpt lat="-28.73956" lon="-70.77504"/><trkpt lat="-28.73982" lon="-70.77509"/><trkpt lat="-28.74009" lon="-70.77512"/><trkpt lat="-28.74036" lon="-70.77514"/><trkpt lat="-28.74068" lon="-70.77512"/><trkpt lat="-28.74134" lon="-70.77508"/><trkpt lat="-28.74173" lon="-70.77507"/><trkpt lat="-28.74207" lon="-70.77509"/><trkpt lat="-28.74236" lon="-70.77512"/><trkpt lat="-28.74279" lon="-70.77519"/><trkpt lat="-28.74872" lon="-70.77642"/><trkpt lat="-28.74916" lon="-70.77649"/><trkpt lat="-28.74959" lon="-70.77655"/><trkpt lat="-28.74998" lon="-70.77658"/><trkpt lat="-28.75037" lon="-70.77658"/><trkpt lat="-28.75079" lon="-70.77656"/><trkpt lat="-28.75204" lon="-70.77641"/><trkpt lat="-28.75349" lon="-70.77625"/><trkpt lat="-28.75385" lon="-70.77621"/><trkpt lat="-28.75415" lon="-70.77620"/><trkpt lat="-28.75445" lon="-70.77620"/><trkpt lat="-28.75473" lon="-70.77621"/><trkpt lat="-28.75500" lon="-70.77625"/><trkpt lat="-28.75532" lon="-70.77632"/><trkpt lat="-28.75566" lon="-70.77643"/><trkpt lat="-28.75599" lon="-70.77656"/><trkpt lat="-28.75632" lon="-70.77672"/><trkpt lat="-28.75657" lon="-70.77687"/><trkpt lat="-28.75682" lon="-70.77704"/><trkpt lat="-28.75711" lon="-70.77728"/><trkpt lat="-28.75746" lon="-70.77762"/><trkpt lat="-28.75842" lon="-70.77861"/><trkpt lat="-28.75870" lon="-70.77887"/><trkpt lat="-28.75898" lon="-70.77909"/><trkpt lat="-28.75921" lon="-70.77925"/><trkpt lat="-28.75949" lon="-70.77941"/><trkpt lat="-28.75983" lon="-70.77957"/><trkpt lat="-28.76022" lon="-70.77971"/><trkpt lat="-28.76102" lon="-70.77998"/><trkpt lat="-28.76300" lon="-70.78062"/><trkpt lat="-28.76388" lon="-70.78092"/><trkpt lat="-28.76494" lon="-70.78125"/><trkpt lat="-28.76549" lon="-70.78140"/><trkpt lat="-28.76590" lon="-70.78148"/><trkpt lat="-28.76640" lon="-70.78155"/><trkpt lat="-28.76689" lon="-70.78158"/><trkpt lat="-28.76843" lon="-70.78161"/><trkpt lat="-28.76997" lon="-70.78165"/><trkpt lat="-28.77079" lon="-70.78167"/><trkpt lat="-28.77129" lon="-70.78168"/><trkpt lat="-28.77169" lon="-70.78167"/><trkpt lat="-28.77203" lon="-70.78165"/><trkpt lat="-28.77239" lon="-70.78161"/><trkpt lat="-28.77282" lon="-70.78154"/><trkpt lat="-28.77420" lon="-70.78127"/><trkpt lat="-28.77501" lon="-70.78111"/><trkpt lat="-28.77539" lon="-70.78104"/><trkpt lat="-28.77573" lon="-70.78099"/><trkpt lat="-28.77601" lon="-70.78097"/><trkpt lat="-28.77636" lon="-70.78097"/><trkpt lat="-28.77670" lon="-70.78100"/><trkpt lat="-28.77702" lon="-70.78105"/><trkpt lat="-28.77729" lon="-70.78110"/><trkpt lat="-28.77758" lon="-70.78119"/><trkpt lat="-28.77786" lon="-70.78130"/><trkpt lat="-28.77814" lon="-70.78143"/><trkpt lat="-28.77922" lon="-70.78202"/><trkpt lat="-28.77961" lon="-70.78223"/><trkpt lat="-28.77999" lon="-70.78240"/><trkpt lat="-28.78034" lon="-70.78253"/><trkpt lat="-28.78070" lon="-70.78265"/><trkpt lat="-28.78106" lon="-70.78276"/><trkpt lat="-28.78153" lon="-70.78286"/><trkpt lat="-28.78330" lon="-70.78321"/><trkpt lat="-28.78401" lon="-70.78334"/><trkpt lat="-28.78478" lon="-70.78351"/><trkpt lat="-28.78541" lon="-70.78362"/><trkpt lat="-28.78568" lon="-70.78366"/><trkpt lat="-28.78649" lon="-70.78377"/><trkpt lat="-28.78742" lon="-70.78385"/><trkpt lat="-28.78847" lon="-70.78390"/><trkpt lat="-28.78876" lon="-70.78393"/><trkpt lat="-28.78900" lon="-70.78396"/><trkpt lat="-28.78928" lon="-70.78402"/><trkpt lat="-28.78959" lon="-70.78410"/><trkpt lat="-28.78989" lon="-70.78420"/><trkpt lat="-28.79019" lon="-70.78433"/><trkpt lat="-28.79044" lon="-70.78446"/><trkpt lat="-28.79070" lon="-70.78462"/><trkpt lat="-28.79099" lon="-70.78482"/><trkpt lat="-28.79124" lon="-70.78502"/><trkpt lat="-28.79145" lon="-70.78522"/><trkpt lat="-28.79170" lon="-70.78548"/><trkpt lat="-28.79194" lon="-70.78576"/><trkpt lat="-28.79216" lon="-70.78604"/><trkpt lat="-28.79240" lon="-70.78642"/><trkpt lat="-28.79390" lon="-70.78895"/><trkpt lat="-28.79414" lon="-70.78935"/><trkpt lat="-28.79436" lon="-70.78977"/><trkpt lat="-28.79603" lon="-70.79307"/><trkpt lat="-28.79670" lon="-70.79440"/><trkpt lat="-28.79691" lon="-70.79482"/><trkpt lat="-28.79702" lon="-70.79500"/><trkpt lat="-28.79718" lon="-70.79524"/><trkpt lat="-28.79732" lon="-70.79543"/><trkpt lat="-28.79742" lon="-70.79555"/><trkpt lat="-28.79761" lon="-70.79578"/><trkpt lat="-28.79779" lon="-70.79597"/><trkpt lat="-28.79796" lon="-70.79612"/><trkpt lat="-28.79818" lon="-70.79629"/><trkpt lat="-28.79837" lon="-70.79643"/><trkpt lat="-28.79862" lon="-70.79657"/><trkpt lat="-28.79889" lon="-70.79671"/><trkpt lat="-28.79914" lon="-70.79680"/><trkpt lat="-28.79992" lon="-70.79700"/><trkpt lat="-28.80026" lon="-70.79712"/><trkpt lat="-28.80053" lon="-70.79724"/><trkpt lat="-28.80081" lon="-70.79737"/><trkpt lat="-28.80103" lon="-70.79751"/><trkpt lat="-28.80124" lon="-70.79765"/><trkpt lat="-28.80146" lon="-70.79782"/><trkpt lat="-28.80165" lon="-70.79798"/><trkpt lat="-28.80183" lon="-70.79816"/><trkpt lat="-28.80199" lon="-70.79837"/><trkpt lat="-28.80214" lon="-70.79861"/><trkpt lat="-28.80330" lon="-70.80057"/><trkpt lat="-28.80348" lon="-70.80087"/><trkpt lat="-28.80363" lon="-70.80110"/><trkpt lat="-28.80380" lon="-70.80131"/><trkpt lat="-28.80390" lon="-70.80144"/><trkpt lat="-28.80401" lon="-70.80157"/><trkpt lat="-28.80418" lon="-70.80175"/><trkpt lat="-28.80438" lon="-70.80195"/><trkpt lat="-28.80458" lon="-70.80214"/><trkpt lat="-28.80480" lon="-70.80231"/><trkpt lat="-28.80502" lon="-70.80246"/><trkpt lat="-28.80526" lon="-70.80262"/><trkpt lat="-28.80552" lon="-70.80276"/><trkpt lat="-28.80578" lon="-70.80288"/><trkpt lat="-28.80605" lon="-70.80299"/><trkpt lat="-28.80632" lon="-70.80307"/><trkpt lat="-28.80660" lon="-70.80314"/><trkpt lat="-28.80691" lon="-70.80321"/><trkpt lat="-28.80773" lon="-70.80340"/><trkpt lat="-28.80822" lon="-70.80354"/><trkpt lat="-28.80990" lon="-70.80406"/><trkpt lat="-28.81018" lon="-70.80413"/><trkpt lat="-28.81439" lon="-70.80504"/><trkpt lat="-28.81477" lon="-70.80513"/><trkpt lat="-28.81502" lon="-70.80521"/><trkpt lat="-28.81525" lon="-70.80531"/><trkpt lat="-28.81546" lon="-70.80544"/><trkpt lat="-28.81571" lon="-70.80559"/><trkpt lat="-28.81593" lon="-70.80576"/><trkpt lat="-28.81614" lon="-70.80595"/><trkpt lat="-28.81631" lon="-70.80612"/><trkpt lat="-28.81646" lon="-70.80630"/><trkpt lat="-28.81824" lon="-70.80857"/><trkpt lat="-28.81848" lon="-70.80889"/><trkpt lat="-28.81867" lon="-70.80911"/><trkpt lat="-28.81886" lon="-70.80932"/><trkpt lat="-28.81910" lon="-70.80955"/><trkpt lat="-28.81930" lon="-70.80973"/><trkpt lat="-28.81952" lon="-70.80989"/><trkpt lat="-28.81973" lon="-70.81004"/><trkpt lat="-28.82132" lon="-70.81110"/><trkpt lat="-28.82157" lon="-70.81128"/><trkpt lat="-28.82174" lon="-70.81143"/><trkpt lat="-28.82192" lon="-70.81159"/><trkpt lat="-28.82207" lon="-70.81174"/><trkpt lat="-28.82220" lon="-70.81189"/><trkpt lat="-28.82233" lon="-70.81206"/><trkpt lat="-28.82247" lon="-70.81225"/><trkpt lat="-28.82259" lon="-70.81246"/><trkpt lat="-28.82272" lon="-70.81271"/><trkpt lat="-28.82287" lon="-70.81301"/><trkpt lat="-28.82298" lon="-70.81332"/><trkpt lat="-28.82306" lon="-70.81362"/><trkpt lat="-28.82324" lon="-70.81430"/><trkpt lat="-28.82335" lon="-70.81464"/><trkpt lat="-28.82347" lon="-70.81495"/><trkpt lat="-28.82360" lon="-70.81522"/><trkpt lat="-28.82372" lon="-70.81545"/><trkpt lat="-28.82388" lon="-70.81569"/><trkpt lat="-28.82403" lon="-70.81589"/><trkpt lat="-28.82422" lon="-70.81612"/><trkpt lat="-28.82439" lon="-70.81631"/><trkpt lat="-28.82460" lon="-70.81651"/><trkpt lat="-28.82842" lon="-70.81984"/><trkpt lat="-28.82872" lon="-70.82009"/><trkpt lat="-28.82897" lon="-70.82029"/><trkpt lat="-28.82923" lon="-70.82046"/><trkpt lat="-28.82950" lon="-70.82062"/><trkpt lat="-28.82978" lon="-70.82076"/><trkpt lat="-28.83003" lon="-70.82086"/><trkpt lat="-28.83028" lon="-70.82094"/><trkpt lat="-28.83053" lon="-70.82101"/><trkpt lat="-28.83079" lon="-70.82106"/><trkpt lat="-28.83105" lon="-70.82110"/><trkpt lat="-28.83131" lon="-70.82112"/><trkpt lat="-28.83162" lon="-70.82113"/><trkpt lat="-28.83375" lon="-70.82113"/><trkpt lat="-28.83599" lon="-70.82112"/><trkpt lat="-28.83628" lon="-70.82110"/><trkpt lat="-28.83656" lon="-70.82107"/><trkpt lat="-28.83681" lon="-70.82103"/><trkpt lat="-28.83705" lon="-70.82097"/><trkpt lat="-28.83728" lon="-70.82090"/><trkpt lat="-28.83750" lon="-70.82083"/><trkpt lat="-28.83773" lon="-70.82073"/><trkpt lat="-28.83796" lon="-70.82062"/><trkpt lat="-28.83819" lon="-70.82050"/><trkpt lat="-28.83841" lon="-70.82037"/><trkpt lat="-28.83862" lon="-70.82022"/><trkpt lat="-28.83888" lon="-70.82000"/><trkpt lat="-28.83960" lon="-70.81936"/><trkpt lat="-28.83982" lon="-70.81918"/><trkpt lat="-28.84003" lon="-70.81901"/><trkpt lat="-28.84024" lon="-70.81885"/><trkpt lat="-28.84045" lon="-70.81872"/><trkpt lat="-28.84065" lon="-70.81860"/><trkpt lat="-28.84089" lon="-70.81847"/><trkpt lat="-28.84114" lon="-70.81835"/><trkpt lat="-28.84136" lon="-70.81825"/><trkpt lat="-28.84159" lon="-70.81816"/><trkpt lat="-28.84183" lon="-70.81808"/><trkpt lat="-28.84205" lon="-70.81802"/><trkpt lat="-28.84233" lon="-70.81795"/><trkpt lat="-28.84289" lon="-70.81783"/><trkpt lat="-28.84342" lon="-70.81772"/><trkpt lat="-28.84380" lon="-70.81763"/><trkpt lat="-28.84429" lon="-70.81748"/><trkpt lat="-28.84466" lon="-70.81738"/><trkpt lat="-28.84506" lon="-70.81724"/><trkpt lat="-28.84643" lon="-70.81673"/><trkpt lat="-28.84671" lon="-70.81664"/><trkpt lat="-28.84700" lon="-70.81656"/><trkpt lat="-28.84729" lon="-70.81650"/><trkpt lat="-28.84758" lon="-70.81645"/><trkpt lat="-28.84788" lon="-70.81642"/><trkpt lat="-28.84817" lon="-70.81640"/><trkpt lat="-28.84846" lon="-70.81639"/><trkpt lat="-28.84875" lon="-70.81640"/><trkpt lat="-28.84903" lon="-70.81642"/><trkpt lat="-28.84932" lon="-70.81646"/><trkpt lat="-28.84961" lon="-70.81651"/><trkpt lat="-28.85200" lon="-70.81719"/><trkpt lat="-28.85553" lon="-70.81821"/><trkpt lat="-28.85582" lon="-70.81831"/><trkpt lat="-28.85610" lon="-70.81841"/><trkpt lat="-28.85635" lon="-70.81853"/><trkpt lat="-28.85657" lon="-70.81864"/><trkpt lat="-28.85677" lon="-70.81876"/><trkpt lat="-28.85699" lon="-70.81890"/><trkpt lat="-28.85722" lon="-70.81906"/><trkpt lat="-28.85742" lon="-70.81922"/><trkpt lat="-28.85760" lon="-70.81938"/><trkpt lat="-28.85780" lon="-70.81958"/><trkpt lat="-28.85798" lon="-70.81978"/><trkpt lat="-28.85817" lon="-70.82000"/><trkpt lat="-28.85835" lon="-70.82022"/><trkpt lat="-28.85852" lon="-70.82045"/><trkpt lat="-28.85871" lon="-70.82075"/><trkpt lat="-28.85935" lon="-70.82183"/><trkpt lat="-28.85952" lon="-70.82209"/><trkpt lat="-28.85969" lon="-70.82233"/><trkpt lat="-28.85988" lon="-70.82256"/><trkpt lat="-28.86010" lon="-70.82281"/><trkpt lat="-28.86031" lon="-70.82302"/><trkpt lat="-28.86055" lon="-70.82322"/><trkpt lat="-28.86078" lon="-70.82341"/><trkpt lat="-28.86103" lon="-70.82359"/><trkpt lat="-28.86125" lon="-70.82375"/><trkpt lat="-28.86151" lon="-70.82390"/><trkpt lat="-28.86175" lon="-70.82404"/><trkpt lat="-28.86198" lon="-70.82414"/><trkpt lat="-28.86220" lon="-70.82424"/><trkpt lat="-28.86247" lon="-70.82434"/><trkpt lat="-28.86276" lon="-70.82442"/><trkpt lat="-28.86313" lon="-70.82450"/><trkpt lat="-28.86391" lon="-70.82462"/><trkpt lat="-28.86465" lon="-70.82472"/><trkpt lat="-28.86882" lon="-70.82523"/><trkpt lat="-28.87237" lon="-70.82566"/><trkpt lat="-28.87267" lon="-70.82572"/><trkpt lat="-28.87297" lon="-70.82581"/><trkpt lat="-28.87325" lon="-70.82593"/><trkpt lat="-28.87353" lon="-70.82608"/><trkpt lat="-28.87379" lon="-70.82624"/><trkpt lat="-28.87402" lon="-70.82640"/><trkpt lat="-28.87426" lon="-70.82661"/><trkpt lat="-28.87451" lon="-70.82686"/><trkpt lat="-28.87492" lon="-70.82728"/><trkpt lat="-28.87562" lon="-70.82797"/><trkpt lat="-28.87597" lon="-70.82828"/><trkpt lat="-28.87639" lon="-70.82860"/><trkpt lat="-28.87682" lon="-70.82891"/><trkpt lat="-28.87780" lon="-70.82955"/><trkpt lat="-28.87856" lon="-70.83005"/><trkpt lat="-28.88173" lon="-70.83206"/><trkpt lat="-28.88229" lon="-70.83246"/><trkpt lat="-28.88270" lon="-70.83276"/><trkpt lat="-28.88359" lon="-70.83348"/><trkpt lat="-28.88405" lon="-70.83382"/><trkpt lat="-28.88482" lon="-70.83434"/><trkpt lat="-28.88632" lon="-70.83528"/><trkpt lat="-28.88710" lon="-70.83572"/><trkpt lat="-28.88780" lon="-70.83608"/><trkpt lat="-28.88837" lon="-70.83636"/><trkpt lat="-28.88901" lon="-70.83671"/><trkpt lat="-28.89109" lon="-70.83800"/><trkpt lat="-28.89530" lon="-70.84068"/><trkpt lat="-28.89565" lon="-70.84093"/><trkpt lat="-28.89601" lon="-70.84118"/><trkpt lat="-28.89635" lon="-70.84143"/><trkpt lat="-28.89669" lon="-70.84169"/><trkpt lat="-28.89743" lon="-70.84229"/><trkpt lat="-28.89782" lon="-70.84258"/><trkpt lat="-28.89834" lon="-70.84295"/><trkpt lat="-28.89917" lon="-70.84346"/><trkpt lat="-28.90025" lon="-70.84415"/><trkpt lat="-28.90080" lon="-70.84446"/><trkpt lat="-28.90149" lon="-70.84481"/><trkpt lat="-28.90217" lon="-70.84515"/><trkpt lat="-28.90261" lon="-70.84538"/><trkpt lat="-28.90308" lon="-70.84565"/><trkpt lat="-28.90507" lon="-70.84691"/><trkpt lat="-28.90841" lon="-70.84902"/><trkpt lat="-28.91085" lon="-70.85060"/><trkpt lat="-28.91123" lon="-70.85087"/><trkpt lat="-28.91154" lon="-70.85109"/><trkpt lat="-28.91182" lon="-70.85133"/><trkpt lat="-28.91360" lon="-70.85300"/><trkpt lat="-28.91926" lon="-70.85836"/><trkpt lat="-28.92214" lon="-70.86106"/><trkpt lat="-28.92242" lon="-70.86132"/><trkpt lat="-28.92268" lon="-70.86154"/><trkpt lat="-28.92294" lon="-70.86175"/><trkpt lat="-28.92318" lon="-70.86195"/><trkpt lat="-28.92343" lon="-70.86214"/><trkpt lat="-28.92382" lon="-70.86244"/><trkpt lat="-28.92535" lon="-70.86354"/><trkpt lat="-28.92750" lon="-70.86507"/><trkpt lat="-28.92927" lon="-70.86645"/><trkpt lat="-28.92978" lon="-70.86689"/><trkpt lat="-28.93025" lon="-70.86732"/><trkpt lat="-28.93144" lon="-70.86846"/><trkpt lat="-28.93218" lon="-70.86918"/><trkpt lat="-28.93249" lon="-70.86955"/><trkpt lat="-28.93279" lon="-70.86993"/><trkpt lat="-28.93301" lon="-70.87026"/><trkpt lat="-28.93328" lon="-70.87072"/><trkpt lat="-28.93359" lon="-70.87130"/><trkpt lat="-28.93620" lon="-70.87672"/><trkpt lat="-28.93766" lon="-70.87973"/><trkpt lat="-28.94034" lon="-70.88527"/><trkpt lat="-28.94094" lon="-70.88652"/><trkpt lat="-28.94116" lon="-70.88691"/><trkpt lat="-28.94134" lon="-70.88721"/><trkpt lat="-28.94153" lon="-70.88749"/><trkpt lat="-28.94177" lon="-70.88780"/><trkpt lat="-28.94198" lon="-70.88807"/><trkpt lat="-28.94223" lon="-70.88835"/><trkpt lat="-28.94249" lon="-70.88862"/><trkpt lat="-28.94274" lon="-70.88886"/><trkpt lat="-28.94323" lon="-70.88927"/><trkpt lat="-28.94481" lon="-70.89062"/><trkpt lat="-28.94873" lon="-70.89395"/><trkpt lat="-28.95124" lon="-70.89607"/><trkpt lat="-28.95272" lon="-70.89734"/><trkpt lat="-28.95298" lon="-70.89754"/><trkpt lat="-28.95326" lon="-70.89775"/><trkpt lat="-28.95353" lon="-70.89793"/><trkpt lat="-28.95380" lon="-70.89809"/><trkpt lat="-28.95406" lon="-70.89823"/><trkpt lat="-28.95432" lon="-70.89836"/><trkpt lat="-28.95478" lon="-70.89855"/><trkpt lat="-28.95664" lon="-70.89920"/><trkpt lat="-28.95705" lon="-70.89936"/><trkpt lat="-28.95811" lon="-70.89977"/><trkpt lat="-28.96162" lon="-70.90102"/><trkpt lat="-28.96594" lon="-70.90255"/><trkpt lat="-28.96946" lon="-70.90379"/><trkpt lat="-28.97184" lon="-70.90464"/><trkpt lat="-28.97415" lon="-70.90548"/><trkpt lat="-28.97747" lon="-70.90664"/><trkpt lat="-28.97842" lon="-70.90702"/><trkpt lat="-28.97908" lon="-70.90733"/><trkpt lat="-28.97982" lon="-70.90769"/><trkpt lat="-28.98018" lon="-70.90784"/><trkpt lat="-28.98178" lon="-70.90846"/><trkpt lat="-28.98317" lon="-70.90899"/><trkpt lat="-28.98505" lon="-70.90942"/><trkpt lat="-28.98549" lon="-70.90953"/><trkpt lat="-28.98593" lon="-70.90966"/><trkpt lat="-28.98853" lon="-70.91055"/><trkpt lat="-28.98897" lon="-70.91069"/><trkpt lat="-28.98942" lon="-70.91080"/><trkpt lat="-28.98988" lon="-70.91087"/><trkpt lat="-28.99033" lon="-70.91091"/><trkpt lat="-28.99079" lon="-70.91092"/><trkpt lat="-28.99124" lon="-70.91089"/><trkpt lat="-28.99169" lon="-70.91082"/><trkpt lat="-28.99214" lon="-70.91072"/><trkpt lat="-29.00301" lon="-70.90714"/><trkpt lat="-29.01358" lon="-70.90369"/><trkpt lat="-29.02368" lon="-70.90041"/><trkpt lat="-29.02415" lon="-70.90029"/><trkpt lat="-29.02458" lon="-70.90021"/><trkpt lat="-29.02500" lon="-70.90017"/><trkpt lat="-29.02541" lon="-70.90017"/><trkpt lat="-29.02773" lon="-70.90020"/><trkpt lat="-29.02809" lon="-70.90023"/><trkpt lat="-29.02844" lon="-70.90029"/><trkpt lat="-29.02882" lon="-70.90039"/><trkpt lat="-29.02921" lon="-70.90053"/><trkpt lat="-29.02958" lon="-70.90072"/><trkpt lat="-29.03085" lon="-70.90151"/><trkpt lat="-29.03130" lon="-70.90170"/><trkpt lat="-29.03176" lon="-70.90185"/><trkpt lat="-29.03216" lon="-70.90195"/><trkpt lat="-29.03256" lon="-70.90202"/><trkpt lat="-29.03296" lon="-70.90205"/><trkpt lat="-29.03431" lon="-70.90201"/><trkpt lat="-29.03495" lon="-70.90197"/><trkpt lat="-29.03612" lon="-70.90190"/><trkpt lat="-29.03687" lon="-70.90187"/><trkpt lat="-29.03756" lon="-70.90183"/><trkpt lat="-29.03851" lon="-70.90183"/><trkpt lat="-29.03891" lon="-70.90188"/><trkpt lat="-29.03930" lon="-70.90196"/><trkpt lat="-29.03963" lon="-70.90206"/><trkpt lat="-29.04006" lon="-70.90222"/><trkpt lat="-29.04050" lon="-70.90244"/><trkpt lat="-29.04194" lon="-70.90340"/><trkpt lat="-29.04413" lon="-70.90488"/><trkpt lat="-29.04492" lon="-70.90538"/><trkpt lat="-29.04528" lon="-70.90557"/><trkpt lat="-29.04565" lon="-70.90575"/><trkpt lat="-29.04604" lon="-70.90591"/><trkpt lat="-29.04662" lon="-70.90611"/><trkpt lat="-29.04787" lon="-70.90655"/><trkpt lat="-29.04890" lon="-70.90693"/><trkpt lat="-29.05096" lon="-70.90759"/><trkpt lat="-29.05134" lon="-70.90762"/><trkpt lat="-29.05173" lon="-70.90762"/><trkpt lat="-29.05209" lon="-70.90757"/><trkpt lat="-29.05244" lon="-70.90748"/><trkpt lat="-29.05262" lon="-70.90743"/><trkpt lat="-29.05280" lon="-70.90737"/><trkpt lat="-29.05295" lon="-70.90731"/><trkpt lat="-29.05309" lon="-70.90725"/><trkpt lat="-29.05324" lon="-70.90717"/><trkpt lat="-29.05346" lon="-70.90704"/><trkpt lat="-29.05367" lon="-70.90691"/><trkpt lat="-29.05414" lon="-70.90660"/><trkpt lat="-29.05432" lon="-70.90650"/><trkpt lat="-29.05450" lon="-70.90640"/><trkpt lat="-29.05469" lon="-70.90631"/><trkpt lat="-29.05488" lon="-70.90624"/><trkpt lat="-29.05507" lon="-70.90617"/><trkpt lat="-29.05527" lon="-70.90612"/><trkpt lat="-29.05547" lon="-70.90607"/><trkpt lat="-29.05567" lon="-70.90604"/><trkpt lat="-29.05587" lon="-70.90602"/><trkpt lat="-29.05607" lon="-70.90601"/><trkpt lat="-29.05628" lon="-70.90601"/><trkpt lat="-29.05649" lon="-70.90602"/><trkpt lat="-29.05671" lon="-70.90605"/><trkpt lat="-29.05692" lon="-70.90609"/><trkpt lat="-29.05714" lon="-70.90614"/><trkpt lat="-29.05735" lon="-70.90620"/><trkpt lat="-29.05756" lon="-70.90627"/><trkpt lat="-29.05776" lon="-70.90636"/><trkpt lat="-29.05796" lon="-70.90646"/><trkpt lat="-29.05815" lon="-70.90657"/><trkpt lat="-29.05845" lon="-70.90678"/><trkpt lat="-29.06002" lon="-70.90783"/><trkpt lat="-29.06084" lon="-70.90837"/><trkpt lat="-29.06111" lon="-70.90854"/><trkpt lat="-29.06133" lon="-70.90868"/><trkpt lat="-29.06155" lon="-70.90879"/><trkpt lat="-29.06178" lon="-70.90890"/><trkpt lat="-29.06202" lon="-70.90901"/><trkpt lat="-29.06231" lon="-70.90913"/><trkpt lat="-29.06252" lon="-70.90922"/><trkpt lat="-29.06272" lon="-70.90927"/><trkpt lat="-29.06292" lon="-70.90931"/><trkpt lat="-29.06321" lon="-70.90936"/><trkpt lat="-29.06707" lon="-70.90993"/><trkpt lat="-29.07136" lon="-70.91058"/><trkpt lat="-29.07159" lon="-70.91062"/><trkpt lat="-29.07180" lon="-70.91068"/><trkpt lat="-29.07202" lon="-70.91075"/><trkpt lat="-29.07224" lon="-70.91082"/><trkpt lat="-29.07243" lon="-70.91090"/><trkpt lat="-29.07263" lon="-70.91099"/><trkpt lat="-29.07315" lon="-70.91126"/><trkpt lat="-29.07330" lon="-70.91134"/><trkpt lat="-29.07343" lon="-70.91142"/><trkpt lat="-29.07360" lon="-70.91153"/><trkpt lat="-29.07380" lon="-70.91167"/><trkpt lat="-29.07632" lon="-70.91353"/><trkpt lat="-29.07721" lon="-70.91416"/><trkpt lat="-29.07749" lon="-70.91434"/><trkpt lat="-29.07775" lon="-70.91450"/><trkpt lat="-29.07799" lon="-70.91464"/><trkpt lat="-29.07821" lon="-70.91475"/><trkpt lat="-29.07842" lon="-70.91484"/><trkpt lat="-29.07864" lon="-70.91493"/><trkpt lat="-29.07889" lon="-70.91502"/><trkpt lat="-29.07956" lon="-70.91524"/><trkpt lat="-29.08013" lon="-70.91543"/><trkpt lat="-29.08161" lon="-70.91592"/><trkpt lat="-29.08203" lon="-70.91605"/><trkpt lat="-29.08256" lon="-70.91619"/><trkpt lat="-29.08271" lon="-70.91623"/><trkpt lat="-29.08299" lon="-70.91630"/><trkpt lat="-29.08334" lon="-70.91638"/><trkpt lat="-29.08464" lon="-70.91667"/><trkpt lat="-29.08627" lon="-70.91704"/><trkpt lat="-29.08671" lon="-70.91714"/><trkpt lat="-29.08693" lon="-70.91719"/><trkpt lat="-29.08779" lon="-70.91737"/><trkpt lat="-29.08970" lon="-70.91779"/><trkpt lat="-29.09360" lon="-70.91864"/><trkpt lat="-29.09938" lon="-70.91986"/><trkpt lat="-29.10348" lon="-70.92079"/><trkpt lat="-29.11055" lon="-70.92234"/><trkpt lat="-29.11101" lon="-70.92245"/><trkpt lat="-29.11144" lon="-70.92257"/><trkpt lat="-29.11185" lon="-70.92273"/><trkpt lat="-29.11226" lon="-70.92292"/><trkpt lat="-29.11266" lon="-70.92313"/><trkpt lat="-29.11304" lon="-70.92338"/><trkpt lat="-29.11326" lon="-70.92354"/><trkpt lat="-29.11348" lon="-70.92371"/><trkpt lat="-29.11369" lon="-70.92389"/><trkpt lat="-29.11390" lon="-70.92408"/><trkpt lat="-29.11409" lon="-70.92427"/><trkpt lat="-29.11429" lon="-70.92448"/><trkpt lat="-29.11447" lon="-70.92469"/><trkpt lat="-29.11465" lon="-70.92491"/><trkpt lat="-29.11478" lon="-70.92509"/><trkpt lat="-29.11501" lon="-70.92540"/><trkpt lat="-29.11522" lon="-70.92572"/><trkpt lat="-29.11542" lon="-70.92597"/><trkpt lat="-29.11565" lon="-70.92627"/><trkpt lat="-29.11603" lon="-70.92671"/><trkpt lat="-29.11718" lon="-70.92797"/><trkpt lat="-29.11777" lon="-70.92863"/><trkpt lat="-29.11799" lon="-70.92885"/><trkpt lat="-29.11834" lon="-70.92917"/><trkpt lat="-29.11873" lon="-70.92952"/><trkpt lat="-29.11914" lon="-70.92987"/><trkpt lat="-29.11971" lon="-70.93034"/><trkpt lat="-29.12048" lon="-70.93106"/><trkpt lat="-29.12139" lon="-70.93202"/><trkpt lat="-29.12434" lon="-70.93518"/><trkpt lat="-29.12470" lon="-70.93556"/><trkpt lat="-29.12521" lon="-70.93610"/><trkpt lat="-29.12773" lon="-70.93878"/><trkpt lat="-29.13103" lon="-70.94235"/><trkpt lat="-29.13156" lon="-70.94297"/><trkpt lat="-29.13265" lon="-70.94434"/><trkpt lat="-29.13320" lon="-70.94502"/><trkpt lat="-29.13358" lon="-70.94546"/><trkpt lat="-29.13430" lon="-70.94622"/><trkpt lat="-29.13505" lon="-70.94703"/><trkpt lat="-29.13565" lon="-70.94764"/><trkpt lat="-29.13607" lon="-70.94805"/><trkpt lat="-29.13645" lon="-70.94840"/><trkpt lat="-29.13724" lon="-70.94911"/><trkpt lat="-29.13766" lon="-70.94947"/><trkpt lat="-29.13810" lon="-70.94988"/><trkpt lat="-29.13845" lon="-70.95023"/><trkpt lat="-29.13877" lon="-70.95056"/><trkpt lat="-29.14046" lon="-70.95235"/><trkpt lat="-29.14067" lon="-70.95258"/><trkpt lat="-29.14090" lon="-70.95284"/><trkpt lat="-29.14109" lon="-70.95308"/><trkpt lat="-29.14123" lon="-70.95327"/><trkpt lat="-29.14137" lon="-70.95349"/><trkpt lat="-29.14376" lon="-70.95722"/><trkpt lat="-29.14410" lon="-70.95774"/><trkpt lat="-29.14433" lon="-70.95807"/><trkpt lat="-29.14450" lon="-70.95831"/><trkpt lat="-29.14467" lon="-70.95852"/><trkpt lat="-29.14496" lon="-70.95889"/><trkpt lat="-29.14650" lon="-70.96074"/><trkpt lat="-29.14835" lon="-70.96299"/><trkpt lat="-29.14962" lon="-70.96450"/><trkpt lat="-29.14998" lon="-70.96495"/><trkpt lat="-29.15014" lon="-70.96513"/><trkpt lat="-29.15029" lon="-70.96532"/><trkpt lat="-29.15045" lon="-70.96552"/><trkpt lat="-29.15062" lon="-70.96575"/><trkpt lat="-29.15078" lon="-70.96598"/><trkpt lat="-29.15094" lon="-70.96623"/><trkpt lat="-29.15109" lon="-70.96650"/><trkpt lat="-29.15122" lon="-70.96674"/><trkpt lat="-29.15135" lon="-70.96699"/><trkpt lat="-29.15145" lon="-70.96721"/><trkpt lat="-29.15155" lon="-70.96747"/><trkpt lat="-29.15165" lon="-70.96770"/><trkpt lat="-29.15173" lon="-70.96794"/><trkpt lat="-29.15182" lon="-70.96822"/><trkpt lat="-29.15192" lon="-70.96855"/><trkpt lat="-29.15226" lon="-70.96993"/><trkpt lat="-29.15276" lon="-70.97185"/><trkpt lat="-29.15292" lon="-70.97244"/><trkpt lat="-29.15306" lon="-70.97298"/><trkpt lat="-29.15327" lon="-70.97376"/><trkpt lat="-29.15356" lon="-70.97498"/><trkpt lat="-29.15362" lon="-70.97522"/><trkpt lat="-29.15368" lon="-70.97539"/><trkpt lat="-29.15375" lon="-70.97554"/><trkpt lat="-29.15382" lon="-70.97567"/><trkpt lat="-29.15390" lon="-70.97579"/><trkpt lat="-29.15399" lon="-70.97591"/><trkpt lat="-29.15410" lon="-70.97602"/><trkpt lat="-29.15422" lon="-70.97613"/><trkpt lat="-29.15436" lon="-70.97623"/><trkpt lat="-29.15449" lon="-70.97631"/><trkpt lat="-29.15500" lon="-70.97656"/><trkpt lat="-29.15519" lon="-70.97666"/><trkpt lat="-29.15536" lon="-70.97677"/><trkpt lat="-29.15552" lon="-70.97690"/><trkpt lat="-29.15566" lon="-70.97705"/><trkpt lat="-29.15578" lon="-70.97720"/><trkpt lat="-29.15590" lon="-70.97739"/><trkpt lat="-29.15599" lon="-70.97757"/><trkpt lat="-29.15606" lon="-70.97776"/><trkpt lat="-29.15612" lon="-70.97796"/><trkpt lat="-29.15616" lon="-70.97815"/><trkpt lat="-29.15619" lon="-70.97840"/><trkpt lat="-29.15619" lon="-70.97864"/><trkpt lat="-29.15616" lon="-70.97890"/><trkpt lat="-29.15611" lon="-70.97913"/><trkpt lat="-29.15604" lon="-70.97934"/><trkpt lat="-29.15594" lon="-70.97957"/><trkpt lat="-29.15570" lon="-70.98009"/><trkpt lat="-29.15562" lon="-70.98030"/><trkpt lat="-29.15555" lon="-70.98050"/><trkpt lat="-29.15549" lon="-70.98072"/><trkpt lat="-29.15545" lon="-70.98095"/><trkpt lat="-29.15543" lon="-70.98122"/><trkpt lat="-29.15542" lon="-70.98149"/><trkpt lat="-29.15544" lon="-70.98178"/><trkpt lat="-29.15549" lon="-70.98230"/><trkpt lat="-29.15554" lon="-70.98281"/><trkpt lat="-29.15555" lon="-70.98309"/><trkpt lat="-29.15556" lon="-70.98333"/><trkpt lat="-29.15555" lon="-70.98355"/><trkpt lat="-29.15553" lon="-70.98375"/><trkpt lat="-29.15547" lon="-70.98397"/><trkpt lat="-29.15540" lon="-70.98420"/><trkpt lat="-29.15531" lon="-70.98442"/><trkpt lat="-29.15518" lon="-70.98463"/><trkpt lat="-29.15506" lon="-70.98481"/><trkpt lat="-29.15490" lon="-70.98497"/><trkpt lat="-29.15474" lon="-70.98512"/><trkpt lat="-29.15457" lon="-70.98525"/><trkpt lat="-29.15440" lon="-70.98535"/><trkpt lat="-29.15421" lon="-70.98544"/><trkpt lat="-29.15399" lon="-70.98552"/><trkpt lat="-29.15380" lon="-70.98556"/><trkpt lat="-29.15361" lon="-70.98558"/><trkpt lat="-29.15342" lon="-70.98558"/><trkpt lat="-29.15323" lon="-70.98557"/><trkpt lat="-29.15303" lon="-70.98552"/><trkpt lat="-29.15286" lon="-70.98546"/><trkpt lat="-29.15269" lon="-70.98539"/><trkpt lat="-29.15252" lon="-70.98530"/><trkpt lat="-29.15238" lon="-70.98520"/><trkpt lat="-29.15224" lon="-70.98509"/><trkpt lat="-29.15212" lon="-70.98497"/><trkpt lat="-29.15199" lon="-70.98481"/><trkpt lat="-29.15187" lon="-70.98466"/><trkpt lat="-29.15177" lon="-70.98447"/><trkpt lat="-29.15169" lon="-70.98430"/><trkpt lat="-29.15161" lon="-70.98411"/><trkpt lat="-29.15155" lon="-70.98389"/><trkpt lat="-29.15153" lon="-70.98366"/><trkpt lat="-29.15151" lon="-70.98343"/><trkpt lat="-29.15153" lon="-70.98314"/><trkpt lat="-29.15156" lon="-70.98289"/><trkpt lat="-29.15162" lon="-70.98264"/><trkpt lat="-29.15171" lon="-70.98238"/><trkpt lat="-29.15198" lon="-70.98170"/><trkpt lat="-29.15206" lon="-70.98148"/><trkpt lat="-29.15211" lon="-70.98128"/><trkpt lat="-29.15213" lon="-70.98107"/><trkpt lat="-29.15210" lon="-70.98085"/><trkpt lat="-29.15206" lon="-70.98066"/><trkpt lat="-29.15199" lon="-70.98050"/><trkpt lat="-29.15190" lon="-70.98036"/><trkpt lat="-29.15177" lon="-70.98023"/><trkpt lat="-29.15163" lon="-70.98012"/><trkpt lat="-29.15150" lon="-70.98006"/><trkpt lat="-29.15134" lon="-70.98000"/><trkpt lat="-29.15117" lon="-70.97998"/><trkpt lat="-29.15100" lon="-70.97999"/><trkpt lat="-29.15082" lon="-70.98003"/><trkpt lat="-29.15064" lon="-70.98011"/><trkpt lat="-29.15049" lon="-70.98023"/><trkpt lat="-29.15035" lon="-70.98039"/><trkpt lat="-29.15021" lon="-70.98063"/><trkpt lat="-29.14967" lon="-70.98156"/><trkpt lat="-29.14902" lon="-70.98261"/><trkpt lat="-29.14885" lon="-70.98286"/><trkpt lat="-29.14870" lon="-70.98303"/><trkpt lat="-29.14854" lon="-70.98317"/><trkpt lat="-29.14835" lon="-70.98331"/><trkpt lat="-29.14811" lon="-70.98344"/><trkpt lat="-29.14793" lon="-70.98351"/><trkpt lat="-29.14769" lon="-70.98358"/><trkpt lat="-29.14690" lon="-70.98378"/><trkpt lat="-29.14672" lon="-70.98385"/><trkpt lat="-29.14656" lon="-70.98393"/><trkpt lat="-29.14640" lon="-70.98404"/><trkpt lat="-29.14623" lon="-70.98418"/><trkpt lat="-29.14610" lon="-70.98431"/><trkpt lat="-29.14597" lon="-70.98447"/><trkpt lat="-29.14586" lon="-70.98464"/><trkpt lat="-29.14576" lon="-70.98484"/><trkpt lat="-29.14568" lon="-70.98504"/><trkpt lat="-29.14562" lon="-70.98528"/><trkpt lat="-29.14558" lon="-70.98551"/><trkpt lat="-29.14556" lon="-70.98576"/><trkpt lat="-29.14557" lon="-70.98601"/><trkpt lat="-29.14572" lon="-70.98741"/><trkpt lat="-29.14574" lon="-70.98770"/><trkpt lat="-29.14574" lon="-70.98793"/><trkpt lat="-29.14572" lon="-70.98817"/><trkpt lat="-29.14568" lon="-70.98841"/><trkpt lat="-29.14561" lon="-70.98864"/><trkpt lat="-29.14553" lon="-70.98885"/><trkpt lat="-29.14543" lon="-70.98906"/><trkpt lat="-29.14533" lon="-70.98924"/><trkpt lat="-29.14521" lon="-70.98942"/><trkpt lat="-29.14506" lon="-70.98959"/><trkpt lat="-29.14491" lon="-70.98974"/><trkpt lat="-29.14474" lon="-70.98988"/><trkpt lat="-29.14456" lon="-70.98999"/><trkpt lat="-29.14432" lon="-70.99013"/><trkpt lat="-29.14211" lon="-70.99127"/><trkpt lat="-29.14194" lon="-70.99137"/><trkpt lat="-29.14180" lon="-70.99149"/><trkpt lat="-29.14168" lon="-70.99163"/><trkpt lat="-29.14160" lon="-70.99178"/><trkpt lat="-29.14154" lon="-70.99196"/><trkpt lat="-29.14151" lon="-70.99214"/><trkpt lat="-29.14151" lon="-70.99233"/><trkpt lat="-29.14155" lon="-70.99254"/><trkpt lat="-29.14161" lon="-70.99275"/><trkpt lat="-29.14169" lon="-70.99290"/><trkpt lat="-29.14180" lon="-70.99305"/><trkpt lat="-29.14194" lon="-70.99318"/><trkpt lat="-29.14211" lon="-70.99328"/><trkpt lat="-29.14231" lon="-70.99335"/><trkpt lat="-29.14251" lon="-70.99337"/><trkpt lat="-29.14276" lon="-70.99335"/><trkpt lat="-29.14435" lon="-70.99316"/><trkpt lat="-29.14459" lon="-70.99315"/><trkpt lat="-29.14482" lon="-70.99316"/><trkpt lat="-29.14502" lon="-70.99319"/><trkpt lat="-29.14521" lon="-70.99324"/><trkpt lat="-29.14540" lon="-70.99333"/><trkpt lat="-29.14558" lon="-70.99343"/><trkpt lat="-29.14576" lon="-70.99357"/><trkpt lat="-29.14591" lon="-70.99372"/><trkpt lat="-29.14605" lon="-70.99390"/><trkpt lat="-29.14618" lon="-70.99409"/><trkpt lat="-29.14628" lon="-70.99429"/><trkpt lat="-29.14636" lon="-70.99454"/><trkpt lat="-29.14641" lon="-70.99477"/><trkpt lat="-29.14643" lon="-70.99502"/><trkpt lat="-29.14643" lon="-70.99527"/><trkpt lat="-29.14639" lon="-70.99553"/><trkpt lat="-29.14633" lon="-70.99580"/><trkpt lat="-29.14626" lon="-70.99600"/><trkpt lat="-29.14617" lon="-70.99623"/><trkpt lat="-29.14605" lon="-70.99644"/><trkpt lat="-29.14589" lon="-70.99664"/><trkpt lat="-29.14574" lon="-70.99679"/><trkpt lat="-29.14550" lon="-70.99698"/><trkpt lat="-29.14415" lon="-70.99799"/><trkpt lat="-29.14403" lon="-70.99812"/><trkpt lat="-29.14394" lon="-70.99824"/><trkpt lat="-29.14385" lon="-70.99841"/><trkpt lat="-29.14381" lon="-70.99856"/><trkpt lat="-29.14379" lon="-70.99874"/><trkpt lat="-29.14380" lon="-70.99893"/><trkpt lat="-29.14385" lon="-70.99912"/><trkpt lat="-29.14392" lon="-70.99930"/><trkpt lat="-29.14400" lon="-70.99944"/><trkpt lat="-29.14413" lon="-70.99957"/><trkpt lat="-29.14426" lon="-70.99968"/><trkpt lat="-29.14440" lon="-70.99976"/><trkpt lat="-29.14456" lon="-70.99982"/><trkpt lat="-29.14474" lon="-70.99982"/><trkpt lat="-29.14490" lon="-70.99980"/><trkpt lat="-29.14503" lon="-70.99974"/><trkpt lat="-29.14516" lon="-70.99966"/><trkpt lat="-29.14528" lon="-70.99955"/><trkpt lat="-29.14538" lon="-70.99943"/><trkpt lat="-29.14548" lon="-70.99926"/><trkpt lat="-29.14627" lon="-70.99789"/><trkpt lat="-29.14638" lon="-70.99771"/><trkpt lat="-29.14650" lon="-70.99756"/><trkpt lat="-29.14664" lon="-70.99743"/><trkpt lat="-29.14677" lon="-70.99731"/><trkpt lat="-29.14692" lon="-70.99721"/><trkpt lat="-29.14708" lon="-70.99713"/><trkpt lat="-29.14721" lon="-70.99707"/><trkpt lat="-29.14738" lon="-70.99702"/><trkpt lat="-29.14756" lon="-70.99699"/><trkpt lat="-29.14772" lon="-70.99698"/><trkpt lat="-29.14790" lon="-70.99699"/><trkpt lat="-29.14808" lon="-70.99701"/><trkpt lat="-29.14825" lon="-70.99706"/><trkpt lat="-29.14842" lon="-70.99712"/><trkpt lat="-29.14858" lon="-70.99720"/><trkpt lat="-29.14987" lon="-70.99794"/><trkpt lat="-29.15019" lon="-70.99812"/><trkpt lat="-29.15058" lon="-70.99835"/><trkpt lat="-29.15083" lon="-70.99847"/><trkpt lat="-29.15104" lon="-70.99857"/><trkpt lat="-29.15126" lon="-70.99866"/><trkpt lat="-29.15151" lon="-70.99874"/><trkpt lat="-29.15187" lon="-70.99885"/><trkpt lat="-29.15426" lon="-70.99951"/><trkpt lat="-29.15461" lon="-70.99961"/><trkpt lat="-29.15484" lon="-70.99968"/><trkpt lat="-29.15509" lon="-70.99976"/><trkpt lat="-29.15532" lon="-70.99985"/><trkpt lat="-29.15556" lon="-70.99995"/><trkpt lat="-29.15578" lon="-71.00004"/><trkpt lat="-29.15601" lon="-71.00016"/><trkpt lat="-29.15854" lon="-71.00151"/><trkpt lat="-29.15923" lon="-71.00191"/><trkpt lat="-29.16035" lon="-71.00253"/><trkpt lat="-29.16062" lon="-71.00265"/><trkpt lat="-29.16089" lon="-71.00275"/><trkpt lat="-29.16116" lon="-71.00284"/><trkpt lat="-29.16144" lon="-71.00292"/><trkpt lat="-29.16173" lon="-71.00298"/><trkpt lat="-29.16202" lon="-71.00302"/><trkpt lat="-29.16231" lon="-71.00305"/><trkpt lat="-29.16270" lon="-71.00307"/><trkpt lat="-29.16313" lon="-71.00307"/><trkpt lat="-29.16445" lon="-71.00303"/><trkpt lat="-29.16523" lon="-71.00305"/><trkpt lat="-29.16636" lon="-71.00309"/><trkpt lat="-29.16868" lon="-71.00318"/><trkpt lat="-29.16966" lon="-71.00321"/><trkpt lat="-29.16993" lon="-71.00324"/><trkpt lat="-29.17016" lon="-71.00328"/><trkpt lat="-29.17041" lon="-71.00333"/><trkpt lat="-29.17069" lon="-71.00341"/><trkpt lat="-29.17090" lon="-71.00349"/><trkpt lat="-29.17115" lon="-71.00360"/><trkpt lat="-29.17136" lon="-71.00370"/><trkpt lat="-29.17157" lon="-71.00382"/><trkpt lat="-29.17183" lon="-71.00398"/><trkpt lat="-29.17205" lon="-71.00414"/><trkpt lat="-29.17226" lon="-71.00433"/><trkpt lat="-29.17300" lon="-71.00503"/><trkpt lat="-29.17414" lon="-71.00615"/><trkpt lat="-29.17519" lon="-71.00719"/><trkpt lat="-29.17890" lon="-71.01084"/><trkpt lat="-29.18024" lon="-71.01214"/><trkpt lat="-29.18127" lon="-71.01317"/><trkpt lat="-29.18317" lon="-71.01507"/><trkpt lat="-29.18375" lon="-71.01563"/><trkpt lat="-29.18467" lon="-71.01651"/><trkpt lat="-29.18552" lon="-71.01736"/><trkpt lat="-29.18674" lon="-71.01866"/><trkpt lat="-29.18789" lon="-71.01992"/><trkpt lat="-29.18853" lon="-71.02064"/><trkpt lat="-29.18879" lon="-71.02092"/><trkpt lat="-29.18904" lon="-71.02117"/><trkpt lat="-29.18926" lon="-71.02137"/><trkpt lat="-29.18947" lon="-71.02153"/><trkpt lat="-29.18972" lon="-71.02170"/><trkpt lat="-29.18998" lon="-71.02187"/><trkpt lat="-29.19023" lon="-71.02200"/><trkpt lat="-29.19047" lon="-71.02211"/><trkpt lat="-29.19073" lon="-71.02221"/><trkpt lat="-29.19096" lon="-71.02229"/><trkpt lat="-29.19122" lon="-71.02235"/><trkpt lat="-29.19147" lon="-71.02240"/><trkpt lat="-29.19173" lon="-71.02244"/><trkpt lat="-29.19201" lon="-71.02245"/><trkpt lat="-29.19228" lon="-71.02245"/><trkpt lat="-29.19257" lon="-71.02242"/><trkpt lat="-29.19287" lon="-71.02239"/><trkpt lat="-29.19311" lon="-71.02234"/><trkpt lat="-29.19338" lon="-71.02227"/><trkpt lat="-29.19365" lon="-71.02218"/><trkpt lat="-29.19392" lon="-71.02207"/><trkpt lat="-29.19421" lon="-71.02194"/><trkpt lat="-29.19441" lon="-71.02183"/><trkpt lat="-29.19465" lon="-71.02168"/><trkpt lat="-29.19491" lon="-71.02149"/><trkpt lat="-29.19525" lon="-71.02121"/><trkpt lat="-29.19586" lon="-71.02068"/><trkpt lat="-29.19726" lon="-71.01945"/><trkpt lat="-29.19768" lon="-71.01911"/><trkpt lat="-29.19794" lon="-71.01892"/><trkpt lat="-29.19819" lon="-71.01875"/><trkpt lat="-29.19852" lon="-71.01855"/><trkpt lat="-29.19895" lon="-71.01831"/><trkpt lat="-29.20174" lon="-71.01673"/><trkpt lat="-29.20462" lon="-71.01509"/><trkpt lat="-29.20504" lon="-71.01489"/><trkpt lat="-29.20541" lon="-71.01472"/><trkpt lat="-29.20570" lon="-71.01462"/><trkpt lat="-29.20597" lon="-71.01453"/><trkpt lat="-29.20626" lon="-71.01445"/><trkpt lat="-29.20660" lon="-71.01436"/><trkpt lat="-29.20691" lon="-71.01430"/><trkpt lat="-29.20722" lon="-71.01424"/><trkpt lat="-29.20754" lon="-71.01420"/><trkpt lat="-29.20789" lon="-71.01417"/><trkpt lat="-29.20896" lon="-71.01409"/><trkpt lat="-29.20930" lon="-71.01406"/><trkpt lat="-29.20968" lon="-71.01402"/><trkpt lat="-29.21017" lon="-71.01394"/><trkpt lat="-29.21066" lon="-71.01386"/><trkpt lat="-29.21146" lon="-71.01368"/><trkpt lat="-29.21272" lon="-71.01340"/><trkpt lat="-29.21317" lon="-71.01328"/><trkpt lat="-29.21395" lon="-71.01306"/><trkpt lat="-29.21454" lon="-71.01288"/><trkpt lat="-29.21512" lon="-71.01269"/><trkpt lat="-29.21590" lon="-71.01243"/><trkpt lat="-29.21654" lon="-71.01224"/><trkpt lat="-29.21812" lon="-71.01185"/><trkpt lat="-29.21973" lon="-71.01157"/><trkpt lat="-29.22084" lon="-71.01143"/><trkpt lat="-29.22121" lon="-71.01141"/><trkpt lat="-29.22157" lon="-71.01144"/><trkpt lat="-29.22195" lon="-71.01148"/><trkpt lat="-29.22230" lon="-71.01154"/><trkpt lat="-29.22265" lon="-71.01162"/><trkpt lat="-29.22299" lon="-71.01175"/><trkpt lat="-29.22331" lon="-71.01191"/><trkpt lat="-29.22366" lon="-71.01212"/><trkpt lat="-29.22402" lon="-71.01239"/><trkpt lat="-29.22432" lon="-71.01265"/><trkpt lat="-29.22497" lon="-71.01331"/><trkpt lat="-29.22538" lon="-71.01373"/><trkpt lat="-29.22562" lon="-71.01394"/><trkpt lat="-29.22586" lon="-71.01413"/><trkpt lat="-29.22618" lon="-71.01434"/><trkpt lat="-29.22642" lon="-71.01447"/><trkpt lat="-29.22666" lon="-71.01458"/><trkpt lat="-29.22691" lon="-71.01470"/><trkpt lat="-29.22717" lon="-71.01479"/><trkpt lat="-29.22743" lon="-71.01488"/><trkpt lat="-29.22770" lon="-71.01495"/><trkpt lat="-29.22797" lon="-71.01501"/><trkpt lat="-29.22820" lon="-71.01504"/><trkpt lat="-29.22849" lon="-71.01507"/><trkpt lat="-29.22882" lon="-71.01507"/><trkpt lat="-29.22919" lon="-71.01504"/><trkpt lat="-29.22969" lon="-71.01494"/><trkpt lat="-29.23007" lon="-71.01483"/><trkpt lat="-29.23054" lon="-71.01467"/><trkpt lat="-29.23162" lon="-71.01426"/><trkpt lat="-29.23200" lon="-71.01414"/><trkpt lat="-29.23225" lon="-71.01407"/><trkpt lat="-29.23246" lon="-71.01402"/><trkpt lat="-29.23268" lon="-71.01399"/><trkpt lat="-29.23287" lon="-71.01396"/><trkpt lat="-29.23307" lon="-71.01395"/><trkpt lat="-29.23330" lon="-71.01394"/><trkpt lat="-29.23357" lon="-71.01394"/><trkpt lat="-29.23384" lon="-71.01396"/><trkpt lat="-29.23409" lon="-71.01399"/><trkpt lat="-29.23433" lon="-71.01402"/><trkpt lat="-29.23456" lon="-71.01407"/><trkpt lat="-29.23480" lon="-71.01413"/><trkpt lat="-29.23503" lon="-71.01420"/><trkpt lat="-29.23526" lon="-71.01428"/><trkpt lat="-29.23628" lon="-71.01468"/><trkpt lat="-29.23724" lon="-71.01507"/><trkpt lat="-29.23750" lon="-71.01519"/><trkpt lat="-29.23776" lon="-71.01532"/><trkpt lat="-29.23802" lon="-71.01545"/><trkpt lat="-29.23826" lon="-71.01559"/><trkpt lat="-29.23872" lon="-71.01587"/><trkpt lat="-29.24014" lon="-71.01680"/><trkpt lat="-29.24169" lon="-71.01785"/><trkpt lat="-29.24435" lon="-71.01964"/><trkpt lat="-29.24607" lon="-71.02081"/><trkpt lat="-29.25040" lon="-71.02374"/><trkpt lat="-29.25414" lon="-71.02625"/><trkpt lat="-29.25485" lon="-71.02674"/><trkpt lat="-29.25544" lon="-71.02713"/><trkpt lat="-29.25800" lon="-71.02885"/><trkpt lat="-29.25895" lon="-71.02943"/><trkpt lat="-29.25935" lon="-71.02966"/><trkpt lat="-29.26014" lon="-71.03009"/><trkpt lat="-29.26053" lon="-71.03030"/><trkpt lat="-29.26302" lon="-71.03155"/><trkpt lat="-29.26348" lon="-71.03179"/><trkpt lat="-29.26442" lon="-71.03234"/><trkpt lat="-29.26475" lon="-71.03254"/><trkpt lat="-29.26512" lon="-71.03278"/><trkpt lat="-29.26570" lon="-71.03314"/><trkpt lat="-29.26634" lon="-71.03350"/><trkpt lat="-29.26678" lon="-71.03374"/><trkpt lat="-29.26755" lon="-71.03412"/><trkpt lat="-29.26803" lon="-71.03437"/><trkpt lat="-29.26854" lon="-71.03462"/><trkpt lat="-29.27018" lon="-71.03542"/><trkpt lat="-29.27144" lon="-71.03596"/><trkpt lat="-29.27191" lon="-71.03612"/><trkpt lat="-29.27240" lon="-71.03625"/><trkpt lat="-29.27290" lon="-71.03635"/><trkpt lat="-29.27340" lon="-71.03642"/><trkpt lat="-29.27390" lon="-71.03644"/><trkpt lat="-29.27469" lon="-71.03645"/><trkpt lat="-29.27735" lon="-71.03636"/><trkpt lat="-29.27801" lon="-71.03633"/><trkpt lat="-29.27866" lon="-71.03627"/><trkpt lat="-29.27944" lon="-71.03615"/><trkpt lat="-29.28189" lon="-71.03571"/><trkpt lat="-29.28337" lon="-71.03544"/><trkpt lat="-29.28495" lon="-71.03511"/><trkpt lat="-29.28637" lon="-71.03482"/><trkpt lat="-29.29142" lon="-71.03389"/><trkpt lat="-29.29767" lon="-71.03274"/><trkpt lat="-29.30227" lon="-71.03182"/><trkpt lat="-29.30270" lon="-71.03175"/><trkpt lat="-29.30299" lon="-71.03172"/><trkpt lat="-29.30326" lon="-71.03170"/><trkpt lat="-29.30376" lon="-71.03168"/><trkpt lat="-29.30431" lon="-71.03171"/><trkpt lat="-29.30486" lon="-71.03178"/><trkpt lat="-29.30540" lon="-71.03190"/><trkpt lat="-29.30593" lon="-71.03205"/><trkpt lat="-29.31165" lon="-71.03363"/><trkpt lat="-29.31693" lon="-71.03507"/><trkpt lat="-29.31739" lon="-71.03521"/><trkpt lat="-29.31787" lon="-71.03532"/><trkpt lat="-29.31835" lon="-71.03540"/><trkpt lat="-29.31882" lon="-71.03543"/><trkpt lat="-29.32487" lon="-71.03568"/><trkpt lat="-29.32800" lon="-71.03590"/><trkpt lat="-29.32902" lon="-71.03605"/><trkpt lat="-29.32969" lon="-71.03616"/><trkpt lat="-29.33079" lon="-71.03639"/><trkpt lat="-29.33195" lon="-71.03664"/><trkpt lat="-29.33370" lon="-71.03692"/><trkpt lat="-29.33432" lon="-71.03699"/><trkpt lat="-29.33492" lon="-71.03703"/><trkpt lat="-29.33548" lon="-71.03704"/><trkpt lat="-29.33614" lon="-71.03709"/><trkpt lat="-29.33681" lon="-71.03717"/><trkpt lat="-29.33838" lon="-71.03747"/><trkpt lat="-29.34247" lon="-71.03827"/><trkpt lat="-29.34598" lon="-71.03896"/><trkpt lat="-29.34660" lon="-71.03908"/><trkpt lat="-29.34707" lon="-71.03919"/><trkpt lat="-29.34754" lon="-71.03933"/><trkpt lat="-29.34799" lon="-71.03951"/><trkpt lat="-29.34844" lon="-71.03973"/><trkpt lat="-29.34885" lon="-71.03997"/><trkpt lat="-29.35116" lon="-71.04141"/><trkpt lat="-29.35164" lon="-71.04173"/><trkpt lat="-29.35197" lon="-71.04198"/><trkpt lat="-29.35226" lon="-71.04224"/><trkpt lat="-29.35253" lon="-71.04252"/><trkpt lat="-29.35275" lon="-71.04277"/><trkpt lat="-29.35297" lon="-71.04305"/><trkpt lat="-29.35317" lon="-71.04335"/><trkpt lat="-29.35334" lon="-71.04362"/><trkpt lat="-29.35351" lon="-71.04395"/><trkpt lat="-29.35369" lon="-71.04435"/><trkpt lat="-29.35394" lon="-71.04493"/><trkpt lat="-29.35425" lon="-71.04567"/><trkpt lat="-29.35483" lon="-71.04696"/><trkpt lat="-29.35517" lon="-71.04764"/><trkpt lat="-29.35545" lon="-71.04817"/><trkpt lat="-29.35607" lon="-71.04929"/><trkpt lat="-29.35649" lon="-71.05011"/><trkpt lat="-29.35696" lon="-71.05108"/><trkpt lat="-29.35756" lon="-71.05249"/><trkpt lat="-29.35916" lon="-71.05620"/><trkpt lat="-29.35988" lon="-71.05796"/><trkpt lat="-29.36020" lon="-71.05874"/><trkpt lat="-29.36037" lon="-71.05908"/><trkpt lat="-29.36054" lon="-71.05938"/><trkpt lat="-29.36079" lon="-71.05976"/><trkpt lat="-29.36104" lon="-71.06009"/><trkpt lat="-29.36129" lon="-71.06037"/><trkpt lat="-29.36155" lon="-71.06063"/><trkpt lat="-29.36182" lon="-71.06086"/><trkpt lat="-29.36213" lon="-71.06109"/><trkpt lat="-29.36247" lon="-71.06130"/><trkpt lat="-29.36282" lon="-71.06149"/><trkpt lat="-29.36448" lon="-71.06228"/><trkpt lat="-29.36481" lon="-71.06248"/><trkpt lat="-29.36513" lon="-71.06269"/><trkpt lat="-29.36541" lon="-71.06291"/><trkpt lat="-29.36565" lon="-71.06313"/><trkpt lat="-29.36590" lon="-71.06339"/><trkpt lat="-29.36616" lon="-71.06371"/><trkpt lat="-29.36639" lon="-71.06403"/><trkpt lat="-29.36658" lon="-71.06433"/><trkpt lat="-29.36676" lon="-71.06469"/><trkpt lat="-29.36853" lon="-71.06819"/><trkpt lat="-29.36944" lon="-71.07000"/><trkpt lat="-29.37079" lon="-71.07270"/><trkpt lat="-29.37101" lon="-71.07315"/><trkpt lat="-29.37123" lon="-71.07359"/><trkpt lat="-29.37226" lon="-71.07566"/><trkpt lat="-29.37324" lon="-71.07760"/><trkpt lat="-29.37423" lon="-71.07958"/><trkpt lat="-29.37464" lon="-71.08040"/><trkpt lat="-29.37507" lon="-71.08125"/><trkpt lat="-29.37552" lon="-71.08214"/><trkpt lat="-29.37637" lon="-71.08382"/><trkpt lat="-29.37815" lon="-71.08738"/><trkpt lat="-29.37838" lon="-71.08787"/><trkpt lat="-29.37858" lon="-71.08838"/><trkpt lat="-29.37875" lon="-71.08890"/><trkpt lat="-29.37885" lon="-71.08930"/><trkpt lat="-29.37894" lon="-71.08972"/><trkpt lat="-29.37902" lon="-71.09028"/><trkpt lat="-29.37905" lon="-71.09056"/><trkpt lat="-29.37908" lon="-71.09113"/><trkpt lat="-29.37884" lon="-71.09573"/><trkpt lat="-29.37867" lon="-71.09869"/><trkpt lat="-29.37859" lon="-71.10055"/><trkpt lat="-29.37858" lon="-71.10084"/><trkpt lat="-29.37858" lon="-71.10108"/><trkpt lat="-29.37859" lon="-71.10132"/><trkpt lat="-29.37860" lon="-71.10156"/><trkpt lat="-29.37863" lon="-71.10184"/><trkpt lat="-29.37865" lon="-71.10204"/><trkpt lat="-29.37868" lon="-71.10227"/><trkpt lat="-29.37890" lon="-71.10365"/><trkpt lat="-29.37896" lon="-71.10399"/><trkpt lat="-29.37899" lon="-71.10426"/><trkpt lat="-29.37901" lon="-71.10453"/><trkpt lat="-29.37902" lon="-71.10480"/><trkpt lat="-29.37901" lon="-71.10507"/><trkpt lat="-29.37900" lon="-71.10533"/><trkpt lat="-29.37898" lon="-71.10560"/><trkpt lat="-29.37895" lon="-71.10586"/><trkpt lat="-29.37890" lon="-71.10612"/><trkpt lat="-29.37882" lon="-71.10652"/><trkpt lat="-29.37794" lon="-71.11068"/><trkpt lat="-29.37754" lon="-71.11252"/><trkpt lat="-29.37724" lon="-71.11393"/><trkpt lat="-29.37718" lon="-71.11420"/><trkpt lat="-29.37711" lon="-71.11451"/><trkpt lat="-29.37702" lon="-71.11482"/><trkpt lat="-29.37694" lon="-71.11508"/><trkpt lat="-29.37684" lon="-71.11536"/><trkpt lat="-29.37673" lon="-71.11562"/><trkpt lat="-29.37662" lon="-71.11587"/><trkpt lat="-29.37650" lon="-71.11611"/><trkpt lat="-29.37637" lon="-71.11632"/><trkpt lat="-29.37623" lon="-71.11656"/><trkpt lat="-29.37607" lon="-71.11679"/><trkpt lat="-29.37592" lon="-71.11699"/><trkpt lat="-29.37577" lon="-71.11718"/><trkpt lat="-29.37562" lon="-71.11735"/><trkpt lat="-29.37545" lon="-71.11752"/><trkpt lat="-29.37527" lon="-71.11771"/><trkpt lat="-29.37508" lon="-71.11787"/><trkpt lat="-29.37488" lon="-71.11803"/><trkpt lat="-29.37469" lon="-71.11818"/><trkpt lat="-29.37446" lon="-71.11833"/><trkpt lat="-29.37420" lon="-71.11849"/><trkpt lat="-29.37393" lon="-71.11863"/><trkpt lat="-29.37309" lon="-71.11907"/><trkpt lat="-29.37287" lon="-71.11920"/><trkpt lat="-29.37264" lon="-71.11934"/><trkpt lat="-29.37236" lon="-71.11953"/><trkpt lat="-29.37214" lon="-71.11969"/><trkpt lat="-29.37195" lon="-71.11984"/><trkpt lat="-29.37174" lon="-71.12001"/><trkpt lat="-29.37153" lon="-71.12019"/><trkpt lat="-29.37130" lon="-71.12040"/><trkpt lat="-29.37078" lon="-71.12092"/><trkpt lat="-29.37053" lon="-71.12118"/><trkpt lat="-29.37032" lon="-71.12138"/><trkpt lat="-29.37011" lon="-71.12156"/><trkpt lat="-29.36989" lon="-71.12173"/><trkpt lat="-29.36970" lon="-71.12188"/><trkpt lat="-29.36950" lon="-71.12202"/><trkpt lat="-29.36930" lon="-71.12216"/><trkpt lat="-29.36912" lon="-71.12227"/><trkpt lat="-29.36891" lon="-71.12239"/><trkpt lat="-29.36778" lon="-71.12298"/><trkpt lat="-29.36758" lon="-71.12309"/><trkpt lat="-29.36737" lon="-71.12323"/><trkpt lat="-29.36715" lon="-71.12338"/><trkpt lat="-29.36696" lon="-71.12354"/><trkpt lat="-29.36677" lon="-71.12371"/><trkpt lat="-29.36644" lon="-71.12403"/><trkpt lat="-29.36628" lon="-71.12421"/><trkpt lat="-29.36613" lon="-71.12438"/><trkpt lat="-29.36596" lon="-71.12460"/><trkpt lat="-29.36579" lon="-71.12484"/><trkpt lat="-29.36564" lon="-71.12507"/><trkpt lat="-29.36549" lon="-71.12531"/><trkpt lat="-29.36535" lon="-71.12556"/><trkpt lat="-29.36519" lon="-71.12589"/><trkpt lat="-29.36499" lon="-71.12634"/><trkpt lat="-29.36370" lon="-71.12914"/><trkpt lat="-29.36359" lon="-71.12939"/><trkpt lat="-29.36350" lon="-71.12963"/><trkpt lat="-29.36343" lon="-71.12985"/><trkpt lat="-29.36336" lon="-71.13013"/><trkpt lat="-29.36330" lon="-71.13042"/><trkpt lat="-29.36327" lon="-71.13069"/><trkpt lat="-29.36325" lon="-71.13095"/><trkpt lat="-29.36325" lon="-71.13124"/><trkpt lat="-29.36329" lon="-71.13179"/><trkpt lat="-29.36332" lon="-71.13208"/><trkpt lat="-29.36337" lon="-71.13235"/><trkpt lat="-29.36344" lon="-71.13263"/><trkpt lat="-29.36354" lon="-71.13292"/><trkpt lat="-29.36373" lon="-71.13336"/><trkpt lat="-29.36390" lon="-71.13371"/><trkpt lat="-29.36422" lon="-71.13429"/><trkpt lat="-29.36632" lon="-71.13820"/><trkpt lat="-29.36661" lon="-71.13875"/><trkpt lat="-29.36698" lon="-71.13946"/><trkpt lat="-29.36811" lon="-71.14153"/><trkpt lat="-29.36896" lon="-71.14311"/><trkpt lat="-29.36953" lon="-71.14412"/><trkpt lat="-29.36979" lon="-71.14453"/><trkpt lat="-29.37008" lon="-71.14491"/><trkpt lat="-29.37040" lon="-71.14527"/><trkpt lat="-29.37074" lon="-71.14560"/><trkpt lat="-29.38335" lon="-71.15687"/><trkpt lat="-29.38411" lon="-71.15754"/><trkpt lat="-29.38866" lon="-71.16160"/><trkpt lat="-29.39131" lon="-71.16397"/><trkpt lat="-29.39167" lon="-71.16426"/><trkpt lat="-29.39198" lon="-71.16448"/><trkpt lat="-29.39230" lon="-71.16469"/><trkpt lat="-29.39289" lon="-71.16505"/><trkpt lat="-29.40009" lon="-71.16920"/><trkpt lat="-29.40111" lon="-71.16979"/><trkpt lat="-29.40167" lon="-71.17011"/><trkpt lat="-29.40256" lon="-71.17063"/><trkpt lat="-29.41310" lon="-71.17672"/><trkpt lat="-29.41511" lon="-71.17786"/><trkpt lat="-29.41885" lon="-71.18004"/><trkpt lat="-29.42479" lon="-71.18347"/><trkpt lat="-29.43207" lon="-71.18767"/><trkpt lat="-29.44476" lon="-71.19500"/><trkpt lat="-29.44823" lon="-71.19700"/><trkpt lat="-29.44909" lon="-71.19751"/><trkpt lat="-29.45070" lon="-71.19843"/><trkpt lat="-29.45260" lon="-71.19954"/><trkpt lat="-29.45389" lon="-71.20028"/><trkpt lat="-29.45517" lon="-71.20101"/><trkpt lat="-29.45602" lon="-71.20151"/><trkpt lat="-29.46024" lon="-71.20395"/><trkpt lat="-29.46171" lon="-71.20481"/><trkpt lat="-29.46235" lon="-71.20517"/><trkpt lat="-29.46357" lon="-71.20588"/><trkpt lat="-29.46488" lon="-71.20665"/><trkpt lat="-29.46686" lon="-71.20779"/><trkpt lat="-29.46839" lon="-71.20868"/><trkpt lat="-29.46988" lon="-71.20950"/><trkpt lat="-29.47102" lon="-71.21016"/><trkpt lat="-29.47600" lon="-71.21315"/><trkpt lat="-29.47866" lon="-71.21476"/><trkpt lat="-29.48327" lon="-71.21742"/><trkpt lat="-29.49299" lon="-71.22303"/><trkpt lat="-29.49656" lon="-71.22508"/><trkpt lat="-29.50057" lon="-71.22739"/><trkpt lat="-29.50201" lon="-71.22822"/><trkpt lat="-29.50426" lon="-71.22950"/><trkpt lat="-29.50676" lon="-71.23098"/><trkpt lat="-29.50726" lon="-71.23124"/><trkpt lat="-29.50761" lon="-71.23140"/><trkpt lat="-29.50802" lon="-71.23155"/><trkpt lat="-29.50840" lon="-71.23166"/><trkpt lat="-29.51037" lon="-71.23202"/><trkpt lat="-29.51236" lon="-71.23238"/><trkpt lat="-29.51301" lon="-71.23247"/><trkpt lat="-29.51379" lon="-71.23256"/><trkpt lat="-29.51458" lon="-71.23262"/><trkpt lat="-29.51532" lon="-71.23266"/><trkpt lat="-29.51580" lon="-71.23270"/><trkpt lat="-29.51619" lon="-71.23276"/><trkpt lat="-29.51763" lon="-71.23298"/><trkpt lat="-29.52117" lon="-71.23360"/><trkpt lat="-29.52321" lon="-71.23397"/><trkpt lat="-29.52358" lon="-71.23407"/><trkpt lat="-29.52395" lon="-71.23419"/><trkpt lat="-29.52447" lon="-71.23440"/><trkpt lat="-29.52693" lon="-71.23539"/><trkpt lat="-29.53451" lon="-71.23851"/><trkpt lat="-29.54042" lon="-71.24092"/><trkpt lat="-29.54167" lon="-71.24144"/><trkpt lat="-29.54335" lon="-71.24229"/><trkpt lat="-29.54421" lon="-71.24274"/><trkpt lat="-29.54505" lon="-71.24313"/><trkpt lat="-29.54580" lon="-71.24346"/><trkpt lat="-29.54699" lon="-71.24396"/><trkpt lat="-29.54792" lon="-71.24433"/><trkpt lat="-29.54872" lon="-71.24461"/><trkpt lat="-29.54936" lon="-71.24483"/><trkpt lat="-29.54976" lon="-71.24494"/><trkpt lat="-29.55033" lon="-71.24510"/><trkpt lat="-29.55110" lon="-71.24536"/><trkpt lat="-29.55201" lon="-71.24568"/><trkpt lat="-29.55255" lon="-71.24589"/><trkpt lat="-29.55439" lon="-71.24660"/><trkpt lat="-29.55741" lon="-71.24789"/><trkpt lat="-29.55766" lon="-71.24800"/><trkpt lat="-29.55786" lon="-71.24811"/><trkpt lat="-29.55803" lon="-71.24824"/><trkpt lat="-29.55822" lon="-71.24842"/><trkpt lat="-29.55840" lon="-71.24864"/><trkpt lat="-29.55856" lon="-71.24887"/><trkpt lat="-29.55868" lon="-71.24909"/><trkpt lat="-29.55877" lon="-71.24932"/><trkpt lat="-29.55885" lon="-71.24958"/><trkpt lat="-29.55890" lon="-71.24986"/><trkpt lat="-29.55893" lon="-71.25017"/><trkpt lat="-29.55896" lon="-71.25074"/><trkpt lat="-29.55901" lon="-71.25103"/><trkpt lat="-29.55908" lon="-71.25134"/><trkpt lat="-29.55919" lon="-71.25161"/><trkpt lat="-29.55932" lon="-71.25185"/><trkpt lat="-29.55945" lon="-71.25205"/><trkpt lat="-29.55962" lon="-71.25224"/><trkpt lat="-29.55984" lon="-71.25245"/><trkpt lat="-29.56040" lon="-71.25296"/><trkpt lat="-29.56058" lon="-71.25316"/><trkpt lat="-29.56076" lon="-71.25340"/><trkpt lat="-29.56091" lon="-71.25364"/><trkpt lat="-29.56130" lon="-71.25439"/><trkpt lat="-29.56173" lon="-71.25522"/><trkpt lat="-29.56184" lon="-71.25537"/><trkpt lat="-29.56196" lon="-71.25550"/><trkpt lat="-29.56208" lon="-71.25560"/><trkpt lat="-29.56221" lon="-71.25566"/><trkpt lat="-29.56234" lon="-71.25570"/><trkpt lat="-29.56247" lon="-71.25572"/><trkpt lat="-29.56260" lon="-71.25572"/><trkpt lat="-29.56272" lon="-71.25570"/><trkpt lat="-29.56284" lon="-71.25566"/><trkpt lat="-29.56296" lon="-71.25559"/><trkpt lat="-29.56307" lon="-71.25551"/><trkpt lat="-29.56317" lon="-71.25541"/><trkpt lat="-29.56325" lon="-71.25529"/><trkpt lat="-29.56332" lon="-71.25515"/><trkpt lat="-29.56338" lon="-71.25499"/><trkpt lat="-29.56340" lon="-71.25483"/><trkpt lat="-29.56341" lon="-71.25467"/><trkpt lat="-29.56339" lon="-71.25450"/><trkpt lat="-29.56334" lon="-71.25432"/><trkpt lat="-29.56327" lon="-71.25415"/><trkpt lat="-29.56318" lon="-71.25400"/><trkpt lat="-29.56305" lon="-71.25384"/><trkpt lat="-29.56213" lon="-71.25294"/><trkpt lat="-29.56163" lon="-71.25245"/><trkpt lat="-29.56141" lon="-71.25221"/><trkpt lat="-29.56126" lon="-71.25200"/><trkpt lat="-29.56113" lon="-71.25180"/><trkpt lat="-29.56100" lon="-71.25156"/><trkpt lat="-29.56089" lon="-71.25131"/><trkpt lat="-29.56080" lon="-71.25106"/><trkpt lat="-29.56072" lon="-71.25075"/><trkpt lat="-29.56067" lon="-71.25045"/><trkpt lat="-29.56065" lon="-71.25009"/><trkpt lat="-29.56066" lon="-71.24976"/><trkpt lat="-29.56069" lon="-71.24946"/><trkpt lat="-29.56074" lon="-71.24916"/><trkpt lat="-29.56080" lon="-71.24894"/><trkpt lat="-29.56088" lon="-71.24869"/><trkpt lat="-29.56099" lon="-71.24844"/><trkpt lat="-29.56110" lon="-71.24821"/><trkpt lat="-29.56124" lon="-71.24800"/><trkpt lat="-29.56140" lon="-71.24778"/><trkpt lat="-29.56158" lon="-71.24758"/><trkpt lat="-29.56179" lon="-71.24738"/><trkpt lat="-29.56199" lon="-71.24723"/><trkpt lat="-29.56219" lon="-71.24711"/><trkpt lat="-29.56245" lon="-71.24698"/><trkpt lat="-29.56553" lon="-71.24559"/><trkpt lat="-29.56589" lon="-71.24545"/><trkpt lat="-29.56621" lon="-71.24532"/><trkpt lat="-29.56651" lon="-71.24523"/><trkpt lat="-29.56681" lon="-71.24515"/><trkpt lat="-29.56713" lon="-71.24507"/><trkpt lat="-29.56806" lon="-71.24490"/><trkpt lat="-29.56833" lon="-71.24484"/><trkpt lat="-29.56861" lon="-71.24477"/><trkpt lat="-29.56888" lon="-71.24469"/><trkpt lat="-29.56919" lon="-71.24458"/><trkpt lat="-29.56952" lon="-71.24445"/><trkpt lat="-29.56984" lon="-71.24430"/><trkpt lat="-29.57086" lon="-71.24375"/><trkpt lat="-29.57133" lon="-71.24349"/><trkpt lat="-29.57157" lon="-71.24337"/><trkpt lat="-29.57182" lon="-71.24327"/><trkpt lat="-29.57207" lon="-71.24318"/><trkpt lat="-29.57234" lon="-71.24310"/><trkpt lat="-29.57261" lon="-71.24304"/><trkpt lat="-29.57290" lon="-71.24299"/><trkpt lat="-29.57318" lon="-71.24297"/><trkpt lat="-29.57351" lon="-71.24296"/><trkpt lat="-29.57382" lon="-71.24297"/><trkpt lat="-29.57409" lon="-71.24300"/><trkpt lat="-29.57441" lon="-71.24305"/><trkpt lat="-29.57507" lon="-71.24320"/><trkpt lat="-29.57532" lon="-71.24325"/><trkpt lat="-29.57555" lon="-71.24327"/><trkpt lat="-29.57579" lon="-71.24327"/><trkpt lat="-29.57603" lon="-71.24324"/><trkpt lat="-29.57627" lon="-71.24319"/><trkpt lat="-29.57649" lon="-71.24312"/><trkpt lat="-29.57670" lon="-71.24303"/><trkpt lat="-29.57693" lon="-71.24289"/><trkpt lat="-29.57716" lon="-71.24274"/><trkpt lat="-29.57747" lon="-71.24248"/><trkpt lat="-29.57829" lon="-71.24180"/><trkpt lat="-29.57856" lon="-71.24160"/><trkpt lat="-29.57882" lon="-71.24143"/><trkpt lat="-29.57911" lon="-71.24125"/><trkpt lat="-29.57948" lon="-71.24104"/><trkpt lat="-29.58140" lon="-71.24000"/><trkpt lat="-29.58252" lon="-71.23940"/><trkpt lat="-29.58267" lon="-71.23935"/><trkpt lat="-29.58282" lon="-71.23933"/><trkpt lat="-29.58298" lon="-71.23935"/><trkpt lat="-29.58314" lon="-71.23940"/><trkpt lat="-29.58329" lon="-71.23947"/><trkpt lat="-29.58342" lon="-71.23958"/><trkpt lat="-29.58353" lon="-71.23971"/><trkpt lat="-29.58362" lon="-71.23987"/><trkpt lat="-29.58368" lon="-71.24002"/><trkpt lat="-29.58371" lon="-71.24019"/><trkpt lat="-29.58371" lon="-71.24037"/><trkpt lat="-29.58369" lon="-71.24054"/><trkpt lat="-29.58364" lon="-71.24068"/><trkpt lat="-29.58358" lon="-71.24082"/><trkpt lat="-29.58351" lon="-71.24092"/><trkpt lat="-29.58339" lon="-71.24105"/><trkpt lat="-29.58329" lon="-71.24114"/><trkpt lat="-29.58317" lon="-71.24121"/><trkpt lat="-29.58300" lon="-71.24128"/><trkpt lat="-29.58246" lon="-71.24140"/><trkpt lat="-29.58169" lon="-71.24158"/><trkpt lat="-29.58148" lon="-71.24164"/><trkpt lat="-29.58126" lon="-71.24173"/><trkpt lat="-29.58106" lon="-71.24183"/><trkpt lat="-29.58087" lon="-71.24194"/><trkpt lat="-29.58069" lon="-71.24208"/><trkpt lat="-29.58048" lon="-71.24227"/><trkpt lat="-29.57997" lon="-71.24278"/><trkpt lat="-29.57910" lon="-71.24368"/><trkpt lat="-29.57875" lon="-71.24403"/><trkpt lat="-29.57845" lon="-71.24431"/><trkpt lat="-29.57824" lon="-71.24448"/><trkpt lat="-29.57801" lon="-71.24467"/><trkpt lat="-29.57772" lon="-71.24487"/><trkpt lat="-29.57693" lon="-71.24541"/><trkpt lat="-29.57610" lon="-71.24594"/><trkpt lat="-29.57583" lon="-71.24612"/><trkpt lat="-29.57556" lon="-71.24633"/><trkpt lat="-29.57531" lon="-71.24654"/><trkpt lat="-29.57508" lon="-71.24675"/><trkpt lat="-29.57455" lon="-71.24729"/><trkpt lat="-29.57268" lon="-71.24917"/><trkpt lat="-29.57209" lon="-71.24978"/><trkpt lat="-29.57189" lon="-71.24997"/><trkpt lat="-29.57176" lon="-71.25014"/><trkpt lat="-29.57163" lon="-71.25033"/><trkpt lat="-29.57153" lon="-71.25051"/><trkpt lat="-29.57145" lon="-71.25071"/><trkpt lat="-29.57139" lon="-71.25093"/><trkpt lat="-29.57136" lon="-71.25115"/><trkpt lat="-29.57134" lon="-71.25137"/><trkpt lat="-29.57134" lon="-71.25157"/><trkpt lat="-29.57136" lon="-71.25177"/><trkpt lat="-29.57140" lon="-71.25196"/><trkpt lat="-29.57146" lon="-71.25216"/><trkpt lat="-29.57153" lon="-71.25235"/><trkpt lat="-29.57161" lon="-71.25252"/><trkpt lat="-29.57172" lon="-71.25267"/><trkpt lat="-29.57181" lon="-71.25279"/><trkpt lat="-29.57194" lon="-71.25290"/><trkpt lat="-29.57208" lon="-71.25299"/><trkpt lat="-29.57222" lon="-71.25306"/><trkpt lat="-29.57237" lon="-71.25309"/><trkpt lat="-29.57251" lon="-71.25310"/><trkpt lat="-29.57267" lon="-71.25308"/><trkpt lat="-29.57281" lon="-71.25305"/><trkpt lat="-29.57295" lon="-71.25299"/><trkpt lat="-29.57307" lon="-71.25290"/><trkpt lat="-29.57319" lon="-71.25280"/><trkpt lat="-29.57329" lon="-71.25269"/><trkpt lat="-29.57339" lon="-71.25253"/><trkpt lat="-29.57402" lon="-71.25142"/><trkpt lat="-29.57416" lon="-71.25119"/><trkpt lat="-29.57429" lon="-71.25100"/><trkpt lat="-29.57439" lon="-71.25087"/><trkpt lat="-29.57451" lon="-71.25074"/><trkpt lat="-29.57465" lon="-71.25061"/><trkpt lat="-29.57481" lon="-71.25048"/><trkpt lat="-29.57496" lon="-71.25038"/><trkpt lat="-29.57514" lon="-71.25029"/><trkpt lat="-29.57531" lon="-71.25021"/><trkpt lat="-29.57556" lon="-71.25015"/><trkpt lat="-29.57683" lon="-71.24985"/><trkpt lat="-29.57922" lon="-71.24933"/><trkpt lat="-29.58138" lon="-71.24883"/><trkpt lat="-29.58289" lon="-71.24850"/><trkpt lat="-29.58427" lon="-71.24819"/><trkpt lat="-29.58460" lon="-71.24813"/><trkpt lat="-29.58484" lon="-71.24810"/><trkpt lat="-29.58505" lon="-71.24809"/><trkpt lat="-29.58526" lon="-71.24810"/><trkpt lat="-29.58546" lon="-71.24813"/><trkpt lat="-29.58569" lon="-71.24819"/><trkpt lat="-29.58591" lon="-71.24826"/><trkpt lat="-29.58611" lon="-71.24835"/><trkpt lat="-29.58628" lon="-71.24844"/><trkpt lat="-29.58646" lon="-71.24857"/><trkpt lat="-29.58666" lon="-71.24872"/><trkpt lat="-29.58684" lon="-71.24888"/><trkpt lat="-29.58764" lon="-71.24972"/><trkpt lat="-29.58904" lon="-71.25118"/><trkpt lat="-29.58924" lon="-71.25136"/><trkpt lat="-29.58939" lon="-71.25149"/><trkpt lat="-29.58955" lon="-71.25162"/><trkpt lat="-29.58974" lon="-71.25175"/><trkpt lat="-29.58995" lon="-71.25188"/><trkpt lat="-29.59013" lon="-71.25197"/><trkpt lat="-29.59033" lon="-71.25206"/><trkpt lat="-29.59055" lon="-71.25214"/><trkpt lat="-29.59079" lon="-71.25221"/><trkpt lat="-29.59168" lon="-71.25246"/><trkpt lat="-29.59424" lon="-71.25318"/><trkpt lat="-29.59733" lon="-71.25406"/><trkpt lat="-29.59870" lon="-71.25444"/><trkpt lat="-29.60146" lon="-71.25521"/><trkpt lat="-29.60198" lon="-71.25537"/><trkpt lat="-29.60243" lon="-71.25553"/><trkpt lat="-29.60285" lon="-71.25571"/><trkpt lat="-29.60328" lon="-71.25591"/><trkpt lat="-29.60480" lon="-71.25667"/><trkpt lat="-29.60671" lon="-71.25762"/><trkpt lat="-29.60724" lon="-71.25790"/><trkpt lat="-29.60750" lon="-71.25805"/><trkpt lat="-29.60772" lon="-71.25820"/><trkpt lat="-29.60800" lon="-71.25840"/><trkpt lat="-29.60827" lon="-71.25861"/><trkpt lat="-29.60856" lon="-71.25887"/><trkpt lat="-29.60883" lon="-71.25914"/><trkpt lat="-29.60913" lon="-71.25949"/><trkpt lat="-29.60941" lon="-71.25986"/><trkpt lat="-29.60967" lon="-71.26025"/><trkpt lat="-29.60989" lon="-71.26062"/><trkpt lat="-29.61009" lon="-71.26101"/><trkpt lat="-29.61026" lon="-71.26140"/><trkpt lat="-29.61042" lon="-71.26181"/><trkpt lat="-29.61055" lon="-71.26226"/><trkpt lat="-29.61068" lon="-71.26278"/><trkpt lat="-29.61083" lon="-71.26346"/><trkpt lat="-29.61202" lon="-71.26999"/><trkpt lat="-29.61221" lon="-71.27100"/><trkpt lat="-29.61234" lon="-71.27147"/><trkpt lat="-29.61251" lon="-71.27203"/><trkpt lat="-29.61417" lon="-71.27751"/><trkpt lat="-29.61459" lon="-71.27893"/><trkpt lat="-29.61484" lon="-71.27974"/><trkpt lat="-29.61513" lon="-71.28056"/><trkpt lat="-29.61555" lon="-71.28172"/><trkpt lat="-29.61570" lon="-71.28209"/><trkpt lat="-29.61587" lon="-71.28244"/><trkpt lat="-29.61607" lon="-71.28278"/><trkpt lat="-29.61629" lon="-71.28310"/><trkpt lat="-29.61654" lon="-71.28339"/><trkpt lat="-29.61711" lon="-71.28404"/><trkpt lat="-29.61761" lon="-71.28456"/><trkpt lat="-29.61785" lon="-71.28478"/><trkpt lat="-29.61809" lon="-71.28495"/><trkpt lat="-29.61828" lon="-71.28506"/><trkpt lat="-29.61848" lon="-71.28516"/><trkpt lat="-29.61868" lon="-71.28525"/><trkpt lat="-29.61889" lon="-71.28531"/><trkpt lat="-29.61910" lon="-71.28536"/><trkpt lat="-29.61932" lon="-71.28539"/><trkpt lat="-29.61953" lon="-71.28540"/><trkpt lat="-29.61975" lon="-71.28539"/><trkpt lat="-29.61995" lon="-71.28537"/><trkpt lat="-29.62015" lon="-71.28533"/><trkpt lat="-29.62035" lon="-71.28528"/><trkpt lat="-29.62054" lon="-71.28521"/><trkpt lat="-29.62073" lon="-71.28512"/><trkpt lat="-29.62092" lon="-71.28502"/><trkpt lat="-29.62110" lon="-71.28491"/><trkpt lat="-29.62127" lon="-71.28478"/><trkpt lat="-29.62143" lon="-71.28464"/><trkpt lat="-29.62160" lon="-71.28448"/><trkpt lat="-29.62261" lon="-71.28325"/><trkpt lat="-29.62308" lon="-71.28266"/><trkpt lat="-29.62431" lon="-71.28113"/><trkpt lat="-29.62454" lon="-71.28084"/><trkpt lat="-29.62476" lon="-71.28059"/><trkpt lat="-29.62499" lon="-71.28037"/><trkpt lat="-29.62522" lon="-71.28016"/><trkpt lat="-29.62542" lon="-71.28000"/><trkpt lat="-29.62565" lon="-71.27983"/><trkpt lat="-29.62587" lon="-71.27969"/><trkpt lat="-29.62610" lon="-71.27956"/><trkpt lat="-29.62631" lon="-71.27946"/><trkpt lat="-29.62658" lon="-71.27935"/><trkpt lat="-29.62681" lon="-71.27926"/><trkpt lat="-29.62707" lon="-71.27919"/><trkpt lat="-29.62732" lon="-71.27912"/><trkpt lat="-29.62757" lon="-71.27908"/><trkpt lat="-29.62783" lon="-71.27905"/><trkpt lat="-29.62811" lon="-71.27904"/><trkpt lat="-29.62840" lon="-71.27904"/><trkpt lat="-29.62869" lon="-71.27906"/><trkpt lat="-29.62895" lon="-71.27910"/><trkpt lat="-29.62922" lon="-71.27915"/><trkpt lat="-29.62948" lon="-71.27922"/><trkpt lat="-29.62975" lon="-71.27931"/><trkpt lat="-29.62998" lon="-71.27940"/><trkpt lat="-29.63025" lon="-71.27952"/><trkpt lat="-29.63048" lon="-71.27965"/><trkpt lat="-29.63072" lon="-71.27979"/><trkpt lat="-29.63096" lon="-71.27996"/><trkpt lat="-29.63119" lon="-71.28015"/><trkpt lat="-29.63141" lon="-71.28033"/><trkpt lat="-29.63163" lon="-71.28055"/><trkpt lat="-29.63187" lon="-71.28081"/><trkpt lat="-29.63209" lon="-71.28110"/><trkpt lat="-29.63229" lon="-71.28138"/><trkpt lat="-29.63247" lon="-71.28168"/><trkpt lat="-29.63262" lon="-71.28195"/><trkpt lat="-29.63277" lon="-71.28228"/><trkpt lat="-29.63292" lon="-71.28268"/><trkpt lat="-29.63460" lon="-71.28754"/><trkpt lat="-29.63508" lon="-71.28891"/><trkpt lat="-29.63522" lon="-71.28929"/><trkpt lat="-29.63534" lon="-71.28956"/><trkpt lat="-29.63548" lon="-71.28985"/><trkpt lat="-29.63565" lon="-71.29014"/><trkpt lat="-29.63584" lon="-71.29043"/><trkpt lat="-29.63604" lon="-71.29069"/><trkpt lat="-29.63623" lon="-71.29092"/><trkpt lat="-29.63642" lon="-71.29112"/><trkpt lat="-29.63662" lon="-71.29131"/><trkpt lat="-29.63685" lon="-71.29150"/><trkpt lat="-29.64146" lon="-71.29505"/><trkpt lat="-29.64522" lon="-71.29794"/><trkpt lat="-29.64947" lon="-71.30117"/><trkpt lat="-29.64976" lon="-71.30140"/><trkpt lat="-29.64989" lon="-71.30149"/><trkpt lat="-29.65003" lon="-71.30158"/><trkpt lat="-29.65020" lon="-71.30168"/><trkpt lat="-29.65033" lon="-71.30175"/><trkpt lat="-29.65047" lon="-71.30183"/><trkpt lat="-29.65063" lon="-71.30190"/><trkpt lat="-29.65078" lon="-71.30195"/><trkpt lat="-29.65093" lon="-71.30200"/><trkpt lat="-29.65111" lon="-71.30205"/><trkpt lat="-29.65130" lon="-71.30209"/><trkpt lat="-29.65154" lon="-71.30213"/><trkpt lat="-29.65175" lon="-71.30214"/><trkpt lat="-29.65198" lon="-71.30214"/><trkpt lat="-29.65224" lon="-71.30212"/><trkpt lat="-29.65248" lon="-71.30209"/><trkpt lat="-29.65269" lon="-71.30204"/><trkpt lat="-29.65293" lon="-71.30197"/><trkpt lat="-29.65316" lon="-71.30189"/><trkpt lat="-29.65390" lon="-71.30152"/><trkpt lat="-29.65410" lon="-71.30143"/><trkpt lat="-29.65426" lon="-71.30136"/><trkpt lat="-29.65443" lon="-71.30130"/><trkpt lat="-29.65459" lon="-71.30125"/><trkpt lat="-29.65476" lon="-71.30121"/><trkpt lat="-29.65493" lon="-71.30117"/><trkpt lat="-29.65509" lon="-71.30115"/><trkpt lat="-29.65527" lon="-71.30114"/><trkpt lat="-29.65544" lon="-71.30114"/><trkpt lat="-29.65559" lon="-71.30115"/><trkpt lat="-29.65573" lon="-71.30116"/><trkpt lat="-29.65588" lon="-71.30119"/><trkpt lat="-29.65603" lon="-71.30123"/><trkpt lat="-29.65618" lon="-71.30128"/><trkpt lat="-29.65634" lon="-71.30134"/><trkpt lat="-29.65650" lon="-71.30141"/><trkpt lat="-29.65662" lon="-71.30147"/><trkpt lat="-29.65674" lon="-71.30154"/><trkpt lat="-29.65687" lon="-71.30162"/><trkpt lat="-29.65700" lon="-71.30171"/><trkpt lat="-29.65714" lon="-71.30182"/><trkpt lat="-29.65727" lon="-71.30194"/><trkpt lat="-29.65740" lon="-71.30206"/><trkpt lat="-29.65752" lon="-71.30219"/><trkpt lat="-29.65763" lon="-71.30233"/><trkpt lat="-29.65777" lon="-71.30251"/><trkpt lat="-29.65788" lon="-71.30268"/><trkpt lat="-29.65808" lon="-71.30301"/><trkpt lat="-29.65853" lon="-71.30377"/><trkpt lat="-29.65911" lon="-71.30473"/><trkpt lat="-29.65922" lon="-71.30492"/><trkpt lat="-29.65932" lon="-71.30507"/><trkpt lat="-29.65941" lon="-71.30522"/><trkpt lat="-29.65951" lon="-71.30536"/><trkpt lat="-29.65962" lon="-71.30549"/><trkpt lat="-29.65973" lon="-71.30563"/><trkpt lat="-29.65984" lon="-71.30575"/><trkpt lat="-29.65996" lon="-71.30588"/><trkpt lat="-29.66008" lon="-71.30599"/><trkpt lat="-29.66020" lon="-71.30611"/><trkpt lat="-29.66033" lon="-71.30622"/><trkpt lat="-29.66046" lon="-71.30632"/><trkpt lat="-29.66059" lon="-71.30642"/><trkpt lat="-29.66073" lon="-71.30651"/><trkpt lat="-29.66087" lon="-71.30660"/><trkpt lat="-29.66101" lon="-71.30668"/><trkpt lat="-29.66115" lon="-71.30675"/><trkpt lat="-29.66130" lon="-71.30682"/><trkpt lat="-29.66145" lon="-71.30689"/><trkpt lat="-29.66160" lon="-71.30694"/><trkpt lat="-29.66177" lon="-71.30700"/><trkpt lat="-29.66196" lon="-71.30706"/><trkpt lat="-29.66215" lon="-71.30710"/><trkpt lat="-29.66234" lon="-71.30713"/><trkpt lat="-29.66253" lon="-71.30716"/><trkpt lat="-29.66272" lon="-71.30718"/><trkpt lat="-29.66295" lon="-71.30718"/><trkpt lat="-29.66467" lon="-71.30719"/><trkpt lat="-29.66872" lon="-71.30720"/><trkpt lat="-29.67166" lon="-71.30721"/><trkpt lat="-29.67217" lon="-71.30721"/><trkpt lat="-29.67548" lon="-71.30723"/><trkpt lat="-29.67822" lon="-71.30725"/><trkpt lat="-29.67891" lon="-71.30727"/><trkpt lat="-29.67941" lon="-71.30730"/><trkpt lat="-29.67994" lon="-71.30734"/><trkpt lat="-29.68100" lon="-71.30746"/><trkpt lat="-29.68190" lon="-71.30753"/><trkpt lat="-29.68241" lon="-71.30756"/><trkpt lat="-29.68330" lon="-71.30757"/><trkpt lat="-29.68429" lon="-71.30759"/><trkpt lat="-29.68516" lon="-71.30758"/><trkpt lat="-29.68584" lon="-71.30756"/><trkpt lat="-29.68649" lon="-71.30751"/><trkpt lat="-29.68713" lon="-71.30746"/><trkpt lat="-29.68769" lon="-71.30740"/><trkpt lat="-29.68804" lon="-71.30737"/><trkpt lat="-29.68842" lon="-71.30734"/><trkpt lat="-29.68879" lon="-71.30732"/><trkpt lat="-29.68983" lon="-71.30730"/><trkpt lat="-29.69117" lon="-71.30732"/><trkpt lat="-29.69210" lon="-71.30732"/><trkpt lat="-29.69370" lon="-71.30732"/><trkpt lat="-29.69426" lon="-71.30732"/><trkpt lat="-29.69699" lon="-71.30732"/><trkpt lat="-29.70127" lon="-71.30732"/><trkpt lat="-29.70413" lon="-71.30733"/><trkpt lat="-29.70477" lon="-71.30733"/><trkpt lat="-29.70863" lon="-71.30735"/><trkpt lat="-29.71111" lon="-71.30737"/><trkpt lat="-29.71280" lon="-71.30737"/><trkpt lat="-29.71388" lon="-71.30738"/><trkpt lat="-29.71494" lon="-71.30737"/><trkpt lat="-29.71552" lon="-71.30737"/><trkpt lat="-29.71581" lon="-71.30740"/><trkpt lat="-29.71611" lon="-71.30744"/><trkpt lat="-29.71640" lon="-71.30750"/><trkpt lat="-29.71669" lon="-71.30757"/><trkpt lat="-29.71697" lon="-71.30766"/><trkpt lat="-29.71732" lon="-71.30779"/><trkpt lat="-29.71766" lon="-71.30794"/><trkpt lat="-29.71800" lon="-71.30812"/><trkpt lat="-29.71983" lon="-71.30920"/><trkpt lat="-29.72283" lon="-71.31099"/><trkpt lat="-29.72469" lon="-71.31215"/><trkpt lat="-29.72525" lon="-71.31250"/><trkpt lat="-29.72644" lon="-71.31332"/><trkpt lat="-29.72731" lon="-71.31395"/><trkpt lat="-29.72779" lon="-71.31429"/><trkpt lat="-29.72925" lon="-71.31520"/><trkpt lat="-29.72994" lon="-71.31560"/><trkpt lat="-29.73096" lon="-71.31618"/><trkpt lat="-29.73150" lon="-71.31650"/><trkpt lat="-29.73206" lon="-71.31680"/><trkpt lat="-29.73240" lon="-71.31698"/><trkpt lat="-29.73275" lon="-71.31716"/><trkpt lat="-29.73516" lon="-71.31840"/><trkpt lat="-29.73642" lon="-71.31910"/><trkpt lat="-29.73918" lon="-71.32072"/><trkpt lat="-29.74199" lon="-71.32238"/><trkpt lat="-29.74534" lon="-71.32436"/><trkpt lat="-29.74619" lon="-71.32487"/><trkpt lat="-29.74679" lon="-71.32523"/><trkpt lat="-29.74720" lon="-71.32547"/><trkpt lat="-29.74853" lon="-71.32626"/><trkpt lat="-29.74970" lon="-71.32697"/><trkpt lat="-29.74991" lon="-71.32708"/><trkpt lat="-29.75014" lon="-71.32720"/><trkpt lat="-29.75037" lon="-71.32731"/><trkpt lat="-29.75062" lon="-71.32741"/><trkpt lat="-29.75086" lon="-71.32750"/><trkpt lat="-29.75110" lon="-71.32756"/><trkpt lat="-29.75134" lon="-71.32762"/><trkpt lat="-29.75156" lon="-71.32766"/><trkpt lat="-29.75179" lon="-71.32769"/><trkpt lat="-29.75200" lon="-71.32771"/><trkpt lat="-29.75224" lon="-71.32771"/><trkpt lat="-29.75250" lon="-71.32771"/><trkpt lat="-29.75276" lon="-71.32770"/><trkpt lat="-29.75296" lon="-71.32767"/><trkpt lat="-29.75318" lon="-71.32764"/><trkpt lat="-29.75339" lon="-71.32758"/><trkpt lat="-29.75360" lon="-71.32752"/><trkpt lat="-29.75381" lon="-71.32746"/><trkpt lat="-29.75402" lon="-71.32738"/><trkpt lat="-29.75421" lon="-71.32730"/><trkpt lat="-29.75441" lon="-71.32721"/><trkpt lat="-29.75461" lon="-71.32711"/><trkpt lat="-29.75480" lon="-71.32700"/><trkpt lat="-29.75497" lon="-71.32689"/><trkpt lat="-29.75517" lon="-71.32676"/><trkpt lat="-29.75541" lon="-71.32658"/><trkpt lat="-29.75876" lon="-71.32399"/><trkpt lat="-29.75949" lon="-71.32345"/><trkpt lat="-29.75983" lon="-71.32319"/><trkpt lat="-29.76011" lon="-71.32300"/><trkpt lat="-29.76031" lon="-71.32287"/><trkpt lat="-29.76054" lon="-71.32272"/><trkpt lat="-29.76085" lon="-71.32253"/><trkpt lat="-29.76125" lon="-71.32228"/><trkpt lat="-29.76180" lon="-71.32192"/><trkpt lat="-29.76229" lon="-71.32159"/><trkpt lat="-29.76270" lon="-71.32129"/><trkpt lat="-29.76324" lon="-71.32088"/><trkpt lat="-29.76413" lon="-71.32017"/><trkpt lat="-29.76508" lon="-71.31941"/><trkpt lat="-29.76552" lon="-71.31904"/><trkpt lat="-29.76588" lon="-71.31874"/><trkpt lat="-29.76625" lon="-71.31842"/><trkpt lat="-29.76653" lon="-71.31815"/><trkpt lat="-29.76702" lon="-71.31768"/><trkpt lat="-29.76725" lon="-71.31747"/><trkpt lat="-29.76746" lon="-71.31728"/><trkpt lat="-29.76776" lon="-71.31703"/><trkpt lat="-29.76838" lon="-71.31651"/><trkpt lat="-29.76869" lon="-71.31627"/><trkpt lat="-29.77237" lon="-71.31341"/><trkpt lat="-29.77677" lon="-71.31002"/><trkpt lat="-29.77967" lon="-71.30777"/><trkpt lat="-29.78036" lon="-71.30728"/><trkpt lat="-29.78099" lon="-71.30687"/><trkpt lat="-29.78156" lon="-71.30653"/><trkpt lat="-29.78309" lon="-71.30569"/><trkpt lat="-29.78434" lon="-71.30501"/><trkpt lat="-29.79186" lon="-71.30085"/><trkpt lat="-29.79217" lon="-71.30062"/><trkpt lat="-29.79246" lon="-71.30036"/><trkpt lat="-29.79273" lon="-71.30006"/><trkpt lat="-29.79297" lon="-71.29974"/><trkpt lat="-29.79318" lon="-71.29939"/><trkpt lat="-29.79336" lon="-71.29904"/><trkpt lat="-29.79350" lon="-71.29866"/><trkpt lat="-29.79362" lon="-71.29828"/><trkpt lat="-29.79427" lon="-71.29463"/><trkpt lat="-29.79443" lon="-71.29372"/><trkpt lat="-29.79456" lon="-71.29320"/><trkpt lat="-29.79473" lon="-71.29269"/><trkpt lat="-29.79493" lon="-71.29219"/><trkpt lat="-29.79517" lon="-71.29172"/><trkpt lat="-29.79544" lon="-71.29127"/><trkpt lat="-29.79573" lon="-71.29084"/><trkpt lat="-29.79606" lon="-71.29045"/><trkpt lat="-29.79641" lon="-71.29008"/><trkpt lat="-29.79678" lon="-71.28976"/><trkpt lat="-29.79715" lon="-71.28949"/><trkpt lat="-29.79754" lon="-71.28924"/><trkpt lat="-29.79794" lon="-71.28903"/><trkpt lat="-29.79836" lon="-71.28886"/><trkpt lat="-29.79878" lon="-71.28872"/><trkpt lat="-29.80297" lon="-71.28787"/><trkpt lat="-29.80391" lon="-71.28767"/><trkpt lat="-29.80429" lon="-71.28756"/><trkpt lat="-29.80463" lon="-71.28743"/><trkpt lat="-29.80493" lon="-71.28728"/><trkpt lat="-29.80524" lon="-71.28708"/><trkpt lat="-29.80552" lon="-71.28689"/><trkpt lat="-29.80579" lon="-71.28665"/><trkpt lat="-29.80624" lon="-71.28621"/><trkpt lat="-29.80686" lon="-71.28561"/><trkpt lat="-29.80714" lon="-71.28536"/><trkpt lat="-29.80830" lon="-71.28434"/><trkpt lat="-29.80899" lon="-71.28374"/><trkpt lat="-29.80967" lon="-71.28314"/><trkpt lat="-29.81024" lon="-71.28261"/><trkpt lat="-29.81081" lon="-71.28204"/><trkpt lat="-29.81171" lon="-71.28111"/><trkpt lat="-29.81248" lon="-71.28028"/><trkpt lat="-29.81311" lon="-71.27958"/><trkpt lat="-29.81341" lon="-71.27923"/><trkpt lat="-29.81388" lon="-71.27866"/><trkpt lat="-29.81445" lon="-71.27794"/><trkpt lat="-29.81657" lon="-71.27565"/><trkpt lat="-29.81741" lon="-71.27479"/><trkpt lat="-29.81797" lon="-71.27420"/><trkpt lat="-29.82032" lon="-71.27181"/><trkpt lat="-29.82093" lon="-71.27119"/><trkpt lat="-29.82300" lon="-71.26908"/><trkpt lat="-29.82340" lon="-71.26869"/><trkpt lat="-29.82382" lon="-71.26830"/><trkpt lat="-29.82418" lon="-71.26799"/><trkpt lat="-29.82471" lon="-71.26757"/><trkpt lat="-29.82515" lon="-71.26725"/><trkpt lat="-29.82559" lon="-71.26695"/><trkpt lat="-29.82611" lon="-71.26663"/><trkpt lat="-29.82696" lon="-71.26616"/><trkpt lat="-29.82858" lon="-71.26530"/><trkpt lat="-29.82921" lon="-71.26498"/><trkpt lat="-29.82981" lon="-71.26466"/><trkpt lat="-29.83206" lon="-71.26350"/><trkpt lat="-29.83502" lon="-71.26195"/><trkpt lat="-29.83863" lon="-71.26007"/><trkpt lat="-29.83958" lon="-71.25957"/><trkpt lat="-29.84000" lon="-71.25937"/><trkpt lat="-29.84043" lon="-71.25917"/><trkpt lat="-29.84087" lon="-71.25899"/><trkpt lat="-29.84128" lon="-71.25885"/><trkpt lat="-29.84180" lon="-71.25868"/><trkpt lat="-29.84491" lon="-71.25776"/><trkpt lat="-29.84975" lon="-71.25632"/><trkpt lat="-29.85422" lon="-71.25499"/><trkpt lat="-29.85577" lon="-71.25451"/><trkpt lat="-29.85681" lon="-71.25419"/><trkpt lat="-29.85732" lon="-71.25405"/><trkpt lat="-29.85767" lon="-71.25398"/><trkpt lat="-29.85802" lon="-71.25392"/><trkpt lat="-29.85845" lon="-71.25388"/><trkpt lat="-29.85894" lon="-71.25387"/><trkpt lat="-29.85940" lon="-71.25389"/><trkpt lat="-29.86095" lon="-71.25405"/><trkpt lat="-29.86600" lon="-71.25459"/><trkpt lat="-29.87031" lon="-71.25505"/><trkpt lat="-29.87516" lon="-71.25556"/><trkpt lat="-29.87588" lon="-71.25565"/><trkpt lat="-29.87674" lon="-71.25579"/><trkpt lat="-29.87751" lon="-71.25594"/><trkpt lat="-29.87812" lon="-71.25607"/><trkpt lat="-29.87850" lon="-71.25620"/><trkpt lat="-29.87885" lon="-71.25637"/><trkpt lat="-29.87908" lon="-71.25649"/><trkpt lat="-29.87930" lon="-71.25658"/><trkpt lat="-29.87956" lon="-71.25667"/><trkpt lat="-29.87982" lon="-71.25673"/><trkpt lat="-29.88009" lon="-71.25676"/><trkpt lat="-29.88034" lon="-71.25678"/><trkpt lat="-29.88055" lon="-71.25678"/><trkpt lat="-29.88077" lon="-71.25678"/><trkpt lat="-29.88115" lon="-71.25674"/><trkpt lat="-29.88145" lon="-71.25670"/><trkpt lat="-29.88174" lon="-71.25661"/><trkpt lat="-29.88200" lon="-71.25649"/><trkpt lat="-29.88221" lon="-71.25637"/><trkpt lat="-29.88247" lon="-71.25618"/><trkpt lat="-29.88279" lon="-71.25597"/><trkpt lat="-29.88310" lon="-71.25582"/><trkpt lat="-29.88323" lon="-71.25573"/><trkpt lat="-29.88333" lon="-71.25565"/><trkpt lat="-29.88354" lon="-71.25546"/><trkpt lat="-29.88368" lon="-71.25532"/><trkpt lat="-29.88388" lon="-71.25520"/><trkpt lat="-29.88477" lon="-71.25496"/><trkpt lat="-29.88629" lon="-71.25458"/><trkpt lat="-29.88747" lon="-71.25429"/><trkpt lat="-29.88764" lon="-71.25427"/><trkpt lat="-29.88777" lon="-71.25428"/><trkpt lat="-29.88795" lon="-71.25431"/><trkpt lat="-29.88819" lon="-71.25436"/><trkpt lat="-29.88833" lon="-71.25435"/><trkpt lat="-29.88859" lon="-71.25430"/><trkpt lat="-29.88894" lon="-71.25425"/><trkpt lat="-29.88926" lon="-71.25424"/><trkpt lat="-29.88957" lon="-71.25425"/><trkpt lat="-29.88987" lon="-71.25430"/><trkpt lat="-29.89014" lon="-71.25436"/><trkpt lat="-29.89041" lon="-71.25444"/><trkpt lat="-29.89070" lon="-71.25456"/><trkpt lat="-29.89099" lon="-71.25471"/><trkpt lat="-29.89128" lon="-71.25489"/><trkpt lat="-29.89178" lon="-71.25522"/><trkpt lat="-29.89200" lon="-71.25535"/><trkpt lat="-29.89219" lon="-71.25545"/><trkpt lat="-29.89253" lon="-71.25559"/><trkpt lat="-29.89287" lon="-71.25569"/><trkpt lat="-29.89319" lon="-71.25575"/><trkpt lat="-29.89362" lon="-71.25581"/><trkpt lat="-29.89395" lon="-71.25585"/><trkpt lat="-29.89761" lon="-71.25614"/><trkpt lat="-29.90216" lon="-71.25655"/><trkpt lat="-29.90458" lon="-71.25674"/><trkpt lat="-29.90475" lon="-71.25677"/><trkpt lat="-29.90492" lon="-71.25683"/><trkpt lat="-29.90549" lon="-71.25709"/><trkpt lat="-29.90562" lon="-71.25715"/><trkpt lat="-29.90582" lon="-71.25725"/><trkpt lat="-29.90592" lon="-71.25695"/><trkpt lat="-29.90592" lon="-71.25670"/><trkpt lat="-29.90593" lon="-71.25641"/><trkpt lat="-29.90594" lon="-71.25495"/><trkpt lat="-29.90595" lon="-71.25326"/><trkpt lat="-29.90582" lon="-71.25286"/><trkpt lat="-29.90453" lon="-71.25288"/><trkpt lat="-29.90345" lon="-71.25272"/><trkpt lat="-29.90332" lon="-71.25204"/><trkpt lat="-29.90391" lon="-71.25209"/></trkseg></trk>
</gpx>